encoded_method,path_depth,url_length,query_param_count,query_string_length,payload_length,payload_entropy,special_char_count,header_count,auth_header_present,status_code,response_size,sensitive_fields_leaked,label
1,2,39,0,0,0,0.0,0,1,0,200,0,[],0
1,3,117,5,68,0,0.0,0,1,0,200,0,[],0
2,3,48,0,0,68,4.4256,13,1,0,200,68,[],0
1,3,116,5,63,0,0.0,0,1,0,200,0,[],0
2,3,52,0,0,63,4.4002,10,1,0,200,63,[],0
1,3,62,1,4,0,0.0,0,1,0,200,0,[],0
2,3,57,0,0,4,2.0,1,1,0,200,4,[],0
1,3,49,0,0,0,0.0,0,1,0,200,0,[],0
1,3,82,1,33,0,0.0,0,1,0,200,0,[],0
2,3,48,0,0,33,3.692,2,1,0,200,33,[],0
1,3,50,0,0,0,0.0,0,1,0,200,0,[],0
1,3,91,3,43,0,0.0,0,1,0,200,0,[],0
2,3,47,0,0,43,4.2176,7,1,0,200,43,[],0
1,3,51,0,0,0,0.0,0,1,0,200,0,[],0
1,3,283,13,232,0,0.0,0,1,0,200,0,[],0
2,3,50,0,0,232,4.996,35,1,0,200,232,[],0
1,3,66,1,17,0,0.0,0,1,0,200,0,[],0
2,3,48,0,0,17,3.2928,2,1,0,200,17,[],0
1,3,46,0,0,0,0.0,0,1,0,200,0,[],0
1,3,47,0,0,0,0.0,0,1,0,200,0,[],0
1,3,48,0,0,0,0.0,0,1,0,200,0,[],0
1,4,58,0,0,0,0.0,0,1,0,200,0,[],0
1,4,57,0,0,0,0.0,0,1,0,200,0,[],0
1,3,284,13,234,0,0.0,0,1,0,200,0,[],0
2,3,49,0,0,234,4.9777,33,1,0,200,234,[],0
1,3,44,0,0,0,0.0,0,1,0,200,0,[],0
1,3,56,0,0,0,0.0,0,1,0,200,0,[],0
1,3,121,5,72,0,0.0,0,1,0,200,0,[],0
2,3,48,0,0,72,4.5836,13,1,0,200,72,[],0
1,3,119,5,66,0,0.0,0,1,0,200,0,[],0
2,3,52,0,0,66,4.3726,10,1,0,200,66,[],0
1,3,90,3,42,0,0.0,0,1,0,200,0,[],0
2,3,47,0,0,42,4.2025,7,1,0,200,42,[],0
1,3,282,13,231,0,0.0,0,1,0,200,0,[],0
2,3,50,0,0,231,4.9176,32,1,0,200,231,[],0
1,3,291,13,241,0,0.0,0,1,0,200,0,[],0
2,3,49,0,0,241,4.9959,33,1,0,200,241,[],0
1,3,120,5,71,0,0.0,0,1,0,200,0,[],0
2,3,48,0,0,71,4.5517,13,1,0,200,71,[],0
1,3,112,5,59,0,0.0,0,1,0,200,0,[],0
2,3,52,0,0,59,4.2792,9,1,0,200,59,[],0
2,3,47,0,0,43,4.2641,7,1,0,200,43,[],0
1,3,291,13,240,0,0.0,0,1,0,200,0,[],0
2,3,50,0,0,240,5.0152,34,1,0,200,240,[],0
1,3,326,13,276,0,0.0,0,1,0,200,0,[],0
2,3,49,0,0,276,5.0364,38,1,0,200,276,[],0
1,3,116,5,67,0,0.0,0,1,0,200,0,[],0
2,3,48,0,0,67,4.4391,13,1,0,200,67,[],0
2,3,52,0,0,59,4.137,9,1,0,200,59,[],0
1,3,86,3,38,0,0.0,0,1,0,200,0,[],0
2,3,47,0,0,38,4.1132,5,1,0,200,38,[],0
1,3,318,13,267,0,0.0,0,1,0,200,0,[],0
2,3,50,0,0,267,4.9991,41,1,0,200,267,[],0
1,3,318,13,268,0,0.0,0,1,0,200,0,[],0
2,3,49,0,0,268,5.0183,37,1,0,200,268,[],0
1,3,123,5,74,0,0.0,0,1,0,200,0,[],0
2,3,48,0,0,74,4.5451,15,1,0,200,74,[],0
1,3,115,5,62,0,0.0,0,1,0,200,0,[],0
2,3,52,0,0,62,4.3253,10,1,0,200,62,[],0
1,3,85,3,37,0,0.0,0,1,0,200,0,[],0
2,3,47,0,0,37,4.1522,5,1,0,200,37,[],0
1,3,293,13,242,0,0.0,0,1,0,200,0,[],0
2,3,50,0,0,242,5.0738,37,1,0,200,242,[],0
1,3,316,13,266,0,0.0,0,1,0,200,0,[],0
2,3,49,0,0,266,5.0613,38,1,0,200,266,[],0
2,3,48,0,0,72,4.6114,13,1,0,200,72,[],0
1,3,117,5,64,0,0.0,0,1,0,200,0,[],0
2,3,52,0,0,64,4.4475,10,1,0,200,64,[],0
2,3,47,0,0,38,4.2185,5,1,0,200,38,[],0
1,3,299,13,248,0,0.0,0,1,0,200,0,[],0
2,3,50,0,0,248,4.9454,34,1,0,200,248,[],0
1,3,289,13,239,0,0.0,0,1,0,200,0,[],0
2,3,49,0,0,239,4.9555,35,1,0,200,239,[],0
2,3,48,0,0,74,4.5824,15,1,0,200,74,[],0
1,3,120,5,67,0,0.0,0,1,0,200,0,[],0
2,3,52,0,0,67,4.605,9,1,0,200,67,[],0
2,3,47,0,0,38,4.1658,5,1,0,200,38,[],0
1,3,322,13,271,0,0.0,0,1,0,200,0,[],0
2,3,50,0,0,271,5.0371,36,1,0,200,271,[],0
2,3,49,0,0,266,5.0304,39,1,0,200,266,[],0
2,3,52,0,0,66,4.4233,10,1,0,200,66,[],0
1,3,304,13,253,0,0.0,0,1,0,200,0,[],0
2,3,50,0,0,253,4.9824,36,1,0,200,253,[],0
1,3,301,13,251,0,0.0,0,1,0,200,0,[],0
2,3,49,0,0,251,5.1594,36,1,0,200,251,[],0
2,3,48,0,0,67,4.4503,13,1,0,200,67,[],0
1,3,113,5,60,0,0.0,0,1,0,200,0,[],0
2,3,52,0,0,60,4.3355,10,1,0,200,60,[],0
1,3,297,13,246,0,0.0,0,1,0,200,0,[],0
2,3,50,0,0,246,4.9821,34,1,0,200,246,[],0
1,3,287,13,237,0,0.0,0,1,0,200,0,[],0
2,3,49,0,0,237,4.9988,32,1,0,200,237,[],0
2,3,48,0,0,71,4.6363,13,1,0,200,71,[],0
2,3,52,0,0,60,4.3465,9,1,0,200,60,[],0
2,3,47,0,0,37,4.0981,5,1,0,200,37,[],0
1,3,313,13,262,0,0.0,0,1,0,200,0,[],0
2,3,50,0,0,262,5.0245,40,1,0,200,262,[],0
1,3,293,13,243,0,0.0,0,1,0,200,0,[],0
2,3,49,0,0,243,4.9545,32,1,0,200,243,[],0
2,3,48,0,0,71,4.5693,13,1,0,200,71,[],0
1,3,118,5,65,0,0.0,0,1,0,200,0,[],0
2,3,52,0,0,65,4.307,10,1,0,200,65,[],0
1,3,310,13,259,0,0.0,0,1,0,200,0,[],0
2,3,50,0,0,259,5.1018,38,1,0,200,259,[],0
1,3,299,13,249,0,0.0,0,1,0,200,0,[],0
2,3,49,0,0,249,5.0239,37,1,0,200,249,[],0
1,3,111,5,58,0,0.0,0,1,0,200,0,[],0
2,3,52,0,0,58,4.1659,9,1,0,200,58,[],0
1,3,288,13,237,0,0.0,0,1,0,200,0,[],0
2,3,50,0,0,237,4.9625,35,1,0,200,237,[],0
2,3,49,0,0,268,4.9736,39,1,0,200,268,[],0
2,3,48,0,0,67,4.4802,13,1,0,200,67,[],0
2,3,52,0,0,63,4.1773,9,1,0,200,63,[],0
1,3,298,13,247,0,0.0,0,1,0,200,0,[],0
2,3,50,0,0,247,5.0358,36,1,0,200,247,[],0
2,3,49,0,0,249,5.0544,38,1,0,200,249,[],0
2,3,48,0,0,71,4.5411,13,1,0,200,71,[],0
2,3,52,0,0,60,4.2652,9,1,0,200,60,[],0
2,3,50,0,0,237,4.9538,33,1,0,200,237,[],0
1,3,313,13,263,0,0.0,0,1,0,200,0,[],0
2,3,49,0,0,263,4.9761,36,1,0,200,263,[],0
1,3,122,5,73,0,0.0,0,1,0,200,0,[],0
2,3,48,0,0,73,4.5301,15,1,0,200,73,[],0
1,3,108,5,55,0,0.0,0,1,0,200,0,[],0
2,3,52,0,0,55,4.0242,9,1,0,200,55,[],0
2,3,50,0,0,267,5.0172,38,1,0,200,267,[],0
2,3,49,0,0,268,5.1034,40,1,0,200,268,[],0
1,3,124,5,75,0,0.0,0,1,0,200,0,[],0
2,3,48,0,0,75,4.522,15,1,0,200,75,[],0
1,3,114,5,61,0,0.0,0,1,0,200,0,[],0
2,3,52,0,0,61,4.3203,9,1,0,200,61,[],0
1,3,315,13,264,0,0.0,0,1,0,200,0,[],0
2,3,50,0,0,264,4.9491,36,1,0,200,264,[],0
1,3,308,13,258,0,0.0,0,1,0,200,0,[],0
2,3,49,0,0,258,5.0531,35,1,0,200,258,[],0
2,3,48,0,0,75,4.56,15,1,0,200,75,[],0
2,3,52,0,0,65,4.6972,10,1,0,200,65,[],0
2,3,50,0,0,242,4.9609,33,1,0,200,242,[],0
2,3,49,0,0,234,4.9086,33,1,0,200,234,[],0
2,3,48,0,0,68,4.455,13,1,0,200,68,[],0
2,3,52,0,0,63,4.1997,9,1,0,200,63,[],0
2,3,47,0,0,43,4.1535,7,1,0,200,43,[],0
1,3,301,13,250,0,0.0,0,1,0,200,0,[],0
2,3,50,0,0,250,5.0253,38,1,0,200,250,[],0
2,3,49,0,0,251,4.9546,36,1,0,200,251,[],0
2,3,52,0,0,60,4.3481,9,1,0,200,60,[],0
2,3,50,0,0,264,4.9653,36,1,0,200,264,[],0
1,3,303,13,253,0,0.0,0,1,0,200,0,[],0
2,3,49,0,0,253,5.093,38,1,0,200,253,[],0
2,3,52,0,0,61,4.3056,10,1,0,200,61,[],0
1,3,316,13,265,0,0.0,0,1,0,200,0,[],0
2,3,50,0,0,265,4.9598,36,1,0,200,265,[],0
1,3,304,13,254,0,0.0,0,1,0,200,0,[],0
2,3,49,0,0,254,5.0249,34,1,0,200,254,[],0
2,3,48,0,0,68,4.4145,13,1,0,200,68,[],0
2,3,52,0,0,64,4.4095,9,1,0,200,64,[],0
2,3,50,0,0,246,4.9827,34,1,0,200,246,[],0
1,3,320,13,270,0,0.0,0,1,0,200,0,[],0
2,3,49,0,0,270,5.0373,38,1,0,200,270,[],0
2,3,48,0,0,68,4.4072,13,1,0,200,68,[],0
2,3,52,0,0,59,4.1003,9,1,0,200,59,[],0
1,3,308,13,257,0,0.0,0,1,0,200,0,[],0
2,3,50,0,0,257,5.048,36,1,0,200,257,[],0
2,3,49,0,0,266,5.0329,38,1,0,200,266,[],0
2,3,52,0,0,65,4.2969,9,1,0,200,65,[],0
1,3,295,13,244,0,0.0,0,1,0,200,0,[],0
2,3,50,0,0,244,4.9968,34,1,0,200,244,[],0
1,3,281,13,231,0,0.0,0,1,0,200,0,[],0
2,3,49,0,0,231,4.9716,35,1,0,200,231,[],0
1,3,124,5,71,0,0.0,0,1,0,200,0,[],0
2,3,52,0,0,71,4.5419,11,1,0,200,71,[],0
2,3,47,0,0,42,4.0892,7,1,0,200,42,[],0
2,3,50,0,0,248,4.9892,36,1,0,200,248,[],0
1,3,306,13,256,0,0.0,0,1,0,200,0,[],0
2,3,49,0,0,256,5.0607,37,1,0,200,256,[],0
1,3,115,5,66,0,0.0,0,1,0,200,0,[],0
2,3,48,0,0,66,4.4345,13,1,0,200,66,[],0
1,3,109,5,56,0,0.0,0,1,0,200,0,[],0
2,3,52,0,0,56,4.3388,9,1,0,200,56,[],0
1,3,302,13,251,0,0.0,0,1,0,200,0,[],0
2,3,50,0,0,251,4.8917,33,1,0,200,251,[],0
2,3,49,0,0,256,5.0486,38,1,0,200,256,[],0
2,3,48,0,0,74,4.4707,15,1,0,200,74,[],0
2,3,52,0,0,58,4.2954,9,1,0,200,58,[],0
2,3,50,0,0,264,5.0105,38,1,0,200,264,[],0
2,3,49,0,0,258,5.0031,37,1,0,200,258,[],0
2,3,48,0,0,74,4.5992,15,1,0,200,74,[],0
2,3,52,0,0,62,4.2266,10,1,0,200,62,[],0
1,3,314,13,263,0,0.0,0,1,0,200,0,[],0
2,3,50,0,0,263,5.0736,39,1,0,200,263,[],0
2,3,49,0,0,249,4.9687,36,1,0,200,249,[],0
2,3,48,0,0,74,4.5554,15,1,0,200,74,[],0
2,3,52,0,0,63,4.1722,10,1,0,200,63,[],0
1,3,303,13,252,0,0.0,0,1,0,200,0,[],0
2,3,50,0,0,252,5.0077,36,1,0,200,252,[],0
1,3,319,13,269,0,0.0,0,1,0,200,0,[],0
2,3,49,0,0,269,4.9328,32,1,0,200,269,[],0
2,3,48,0,0,74,4.6094,15,1,0,200,74,[],0
2,3,52,0,0,62,4.2394,9,1,0,200,62,[],0
1,3,273,13,222,0,0.0,0,1,0,200,0,[],0
2,3,50,0,0,222,4.9845,33,1,0,200,222,[],0
1,3,288,13,238,0,0.0,0,1,0,200,0,[],0
2,3,49,0,0,238,5.0417,37,1,0,200,238,[],0
2,3,48,0,0,75,4.5434,15,1,0,200,75,[],0
2,3,52,0,0,61,4.1045,9,1,0,200,61,[],0
2,3,50,0,0,253,5.0033,36,1,0,200,253,[],0
2,3,49,0,0,256,4.9744,36,1,0,200,256,[],0
2,3,48,0,0,66,4.3624,13,1,0,200,66,[],0
2,3,52,0,0,59,4.2681,10,1,0,200,59,[],0
1,3,286,13,235,0,0.0,0,1,0,200,0,[],0
2,3,50,0,0,235,4.9488,32,1,0,200,235,[],0
1,3,298,13,248,0,0.0,0,1,0,200,0,[],0
2,3,49,0,0,248,5.019,35,1,0,200,248,[],0
2,3,48,0,0,74,4.5181,15,1,0,200,74,[],0
2,3,52,0,0,60,4.2502,9,1,0,200,60,[],0
1,3,294,13,243,0,0.0,0,1,0,200,0,[],0
2,3,50,0,0,243,4.9989,34,1,0,200,243,[],0
2,3,49,0,0,253,5.0338,36,1,0,200,253,[],0
1,3,119,5,70,0,0.0,0,1,0,200,0,[],0
2,3,48,0,0,70,4.5548,13,1,0,200,70,[],0
1,3,110,5,57,0,0.0,0,1,0,200,0,[],0
2,3,52,0,0,57,4.0672,9,1,0,200,57,[],0
2,3,50,0,0,242,5.0884,37,1,0,200,242,[],0
1,3,297,13,247,0,0.0,0,1,0,200,0,[],0
2,3,49,0,0,247,4.9505,34,1,0,200,247,[],0
1,3,107,5,54,0,0.0,0,1,0,200,0,[],0
2,3,52,0,0,54,4.0514,9,1,0,200,54,[],0
1,3,300,13,249,0,0.0,0,1,0,200,0,[],0
2,3,50,0,0,249,4.9826,39,1,0,200,249,[],0
1,3,312,13,262,0,0.0,0,1,0,200,0,[],0
2,3,49,0,0,262,5.0544,36,1,0,200,262,[],0
2,3,52,0,0,59,4.3024,10,1,0,200,59,[],0
2,3,50,0,0,246,4.9199,33,1,0,200,246,[],0
1,3,300,13,250,0,0.0,0,1,0,200,0,[],0
2,3,49,0,0,250,4.985,34,1,0,200,250,[],0
2,3,52,0,0,62,4.3477,9,1,0,200,62,[],0
1,3,296,13,245,0,0.0,0,1,0,200,0,[],0
2,3,50,0,0,245,4.9923,33,1,0,200,245,[],0
2,3,49,0,0,270,5.0465,41,1,0,200,270,[],0
2,3,48,0,0,67,4.4092,13,1,0,200,67,[],0
2,3,52,0,0,63,4.2256,9,1,0,200,63,[],0
2,3,47,0,0,38,4.0933,5,1,0,200,38,[],0
1,3,306,13,255,0,0.0,0,1,0,200,0,[],0
2,3,50,0,0,255,4.9715,35,1,0,200,255,[],0
1,3,310,13,260,0,0.0,0,1,0,200,0,[],0
2,3,49,0,0,260,5.0625,40,1,0,200,260,[],0
2,3,52,0,0,59,4.0727,9,1,0,200,59,[],0
2,3,50,0,0,251,5.022,34,1,0,200,251,[],0
1,3,294,13,244,0,0.0,0,1,0,200,0,[],0
2,3,49,0,0,244,4.9245,35,1,0,200,244,[],0
2,3,48,0,0,67,4.3906,13,1,0,200,67,[],0
2,3,52,0,0,65,4.2401,9,1,0,200,65,[],0
2,3,47,0,0,43,4.1711,7,1,0,200,43,[],0
2,3,50,0,0,264,5.0325,38,1,0,200,264,[],0
1,3,314,13,264,0,0.0,0,1,0,200,0,[],0
2,3,49,0,0,264,5.0668,35,1,0,200,264,[],0
2,3,52,0,0,58,4.1635,9,1,0,200,58,[],0
1,3,284,13,233,0,0.0,0,1,0,200,0,[],0
2,3,50,0,0,233,4.9595,33,1,0,200,233,[],0
2,3,49,0,0,249,5.0355,33,1,0,200,249,[],0
2,3,52,0,0,66,4.5006,9,1,0,200,66,[],0
2,3,50,0,0,267,5.0902,43,1,0,200,267,[],0
1,3,341,13,291,0,0.0,0,1,0,200,0,[],0
2,3,49,0,0,291,4.974,38,1,0,200,291,[],0
2,3,52,0,0,65,4.5549,10,1,0,200,65,[],0
2,3,50,0,0,250,5.0675,36,1,0,200,250,[],0
2,3,49,0,0,260,4.9467,36,1,0,200,260,[],0
2,3,48,0,0,75,4.5867,15,1,0,200,75,[],0
2,3,52,0,0,57,4.2566,9,1,0,200,57,[],0
2,3,50,0,0,251,5.1173,36,1,0,200,251,[],0
2,3,49,0,0,258,5.0402,36,1,0,200,258,[],0
2,3,52,0,0,60,4.4631,9,1,0,200,60,[],0
1,3,317,13,266,0,0.0,0,1,0,200,0,[],0
2,3,50,0,0,266,5.0427,40,1,0,200,266,[],0
2,3,49,0,0,251,4.923,32,1,0,200,251,[],0
2,3,48,0,0,74,4.5013,15,1,0,200,74,[],0
2,3,52,0,0,60,4.1505,9,1,0,200,60,[],0
1,3,309,13,258,0,0.0,0,1,0,200,0,[],0
2,3,50,0,0,258,5.0116,38,1,0,200,258,[],0
2,3,49,0,0,251,4.9836,34,1,0,200,251,[],0
1,3,121,5,68,0,0.0,0,1,0,200,0,[],0
2,3,52,0,0,68,4.442,9,1,0,200,68,[],0
1,3,289,13,238,0,0.0,0,1,0,200,0,[],0
2,3,50,0,0,238,5.025,32,1,0,200,238,[],0
1,3,329,13,279,0,0.0,0,1,0,200,0,[],0
2,3,49,0,0,279,5.0378,42,1,0,200,279,[],0
2,3,48,0,0,72,4.5663,13,1,0,200,72,[],0
2,3,52,0,0,59,4.1758,10,1,0,200,59,[],0
2,3,47,0,0,37,4.0237,5,1,0,200,37,[],0
2,3,50,0,0,253,5.063,36,1,0,200,253,[],0
2,3,49,0,0,263,5.0723,36,1,0,200,263,[],0
2,3,52,0,0,63,4.0274,9,1,0,200,63,[],0
1,3,330,13,279,0,0.0,0,1,0,200,0,[],0
2,3,50,0,0,279,5.0284,40,1,0,200,279,[],0
2,3,49,0,0,248,5.0117,37,1,0,200,248,[],0
2,3,48,0,0,73,4.5953,15,1,0,200,73,[],0
2,3,52,0,0,64,4.3962,9,1,0,200,64,[],0
2,3,50,0,0,242,4.9929,36,1,0,200,242,[],0
1,3,274,13,224,0,0.0,0,1,0,200,0,[],0
2,3,49,0,0,224,4.9223,31,1,0,200,224,[],0
2,3,52,0,0,65,4.214,9,1,0,200,65,[],0
1,3,305,13,254,0,0.0,0,1,0,200,0,[],0
2,3,50,0,0,254,4.9022,34,1,0,200,254,[],0
1,3,325,13,275,0,0.0,0,1,0,200,0,[],0
2,3,49,0,0,275,5.0301,41,1,0,200,275,[],0
2,3,48,0,0,74,4.5079,15,1,0,200,74,[],0
2,3,52,0,0,63,4.0558,9,1,0,200,63,[],0
2,3,50,0,0,248,5.0315,35,1,0,200,248,[],0
2,3,49,0,0,251,4.9301,31,1,0,200,251,[],0
2,3,48,0,0,71,4.5975,13,1,0,200,71,[],0
2,3,52,0,0,64,4.2148,9,1,0,200,64,[],0
2,3,50,0,0,259,5.0993,37,1,0,200,259,[],0
2,3,49,0,0,258,4.9938,40,1,0,200,258,[],0
2,3,48,0,0,75,4.6134,15,1,0,200,75,[],0
2,3,52,0,0,56,4.3541,10,1,0,200,56,[],0
2,3,50,0,0,237,4.9858,34,1,0,200,237,[],0
1,3,311,13,261,0,0.0,0,1,0,200,0,[],0
2,3,49,0,0,261,5.0101,36,1,0,200,261,[],0
2,3,48,0,0,72,4.5386,13,1,0,200,72,[],0
2,3,52,0,0,63,4.3153,9,1,0,200,63,[],0
2,3,50,0,0,271,5.0145,40,1,0,200,271,[],0
1,3,323,13,273,0,0.0,0,1,0,200,0,[],0
2,3,49,0,0,273,5.0198,39,1,0,200,273,[],0
2,3,52,0,0,58,4.0848,9,1,0,200,58,[],0
2,3,50,0,0,264,5.1077,37,1,0,200,264,[],0
2,3,49,0,0,250,5.0018,33,1,0,200,250,[],0
2,3,48,0,0,71,4.6081,13,1,0,200,71,[],0
2,3,52,0,0,66,4.3838,10,1,0,200,66,[],0
2,3,50,0,0,257,5.0835,38,1,0,200,257,[],0
2,3,49,0,0,251,4.9187,38,1,0,200,251,[],0
2,3,52,0,0,60,4.1961,10,1,0,200,60,[],0
2,3,47,0,0,43,3.9941,7,1,0,200,43,[],0
2,3,50,0,0,249,4.9654,37,1,0,200,249,[],0
2,3,49,0,0,244,4.862,31,1,0,200,244,[],0
2,3,52,0,0,58,4.1449,9,1,0,200,58,[],0
2,3,50,0,0,250,4.95,34,1,0,200,250,[],0
2,3,49,0,0,250,5.0218,37,1,0,200,250,[],0
2,3,52,0,0,58,4.128,9,1,0,200,58,[],0
2,3,50,0,0,251,4.9872,35,1,0,200,251,[],0
1,3,286,13,236,0,0.0,0,1,0,200,0,[],0
2,3,49,0,0,236,5.0005,32,1,0,200,236,[],0
2,3,48,0,0,70,4.5262,13,1,0,200,70,[],0
2,3,52,0,0,56,4.2692,9,1,0,200,56,[],0
2,3,50,0,0,249,4.9494,34,1,0,200,249,[],0
2,3,49,0,0,251,5.0259,36,1,0,200,251,[],0
2,3,52,0,0,55,4.1262,9,1,0,200,55,[],0
2,3,50,0,0,231,4.982,33,1,0,200,231,[],0
2,3,49,0,0,237,5.0466,34,1,0,200,237,[],0
2,3,52,0,0,63,4.5689,9,1,0,200,63,[],0
2,3,50,0,0,252,4.9284,34,1,0,200,252,[],0
2,3,49,0,0,250,5.0047,36,1,0,200,250,[],0
2,3,52,0,0,60,4.3111,10,1,0,200,60,[],0
2,3,50,0,0,252,5.0174,36,1,0,200,252,[],0
1,3,337,13,287,0,0.0,0,1,0,200,0,[],0
2,3,49,0,0,287,5.089,42,1,0,200,287,[],0
2,3,52,0,0,58,4.0175,9,1,0,200,58,[],0
1,3,287,13,236,0,0.0,0,1,0,200,0,[],0
2,3,50,0,0,236,5.0054,35,1,0,200,236,[],0
2,3,49,0,0,264,4.9724,36,1,0,200,264,[],0
2,3,52,0,0,61,4.3982,10,1,0,200,61,[],0
2,3,50,0,0,246,5.0183,34,1,0,200,246,[],0
2,3,49,0,0,249,5.067,37,1,0,200,249,[],0
2,3,52,0,0,64,4.2307,10,1,0,200,64,[],0
2,3,50,0,0,245,4.9628,35,1,0,200,245,[],0
1,3,295,13,245,0,0.0,0,1,0,200,0,[],0
2,3,49,0,0,245,5.0179,34,1,0,200,245,[],0
2,3,48,0,0,71,4.5236,13,1,0,200,71,[],0
2,3,52,0,0,64,4.533,9,1,0,200,64,[],0
1,3,319,13,268,0,0.0,0,1,0,200,0,[],0
2,3,50,0,0,268,4.9852,38,1,0,200,268,[],0
2,3,49,0,0,250,4.9962,34,1,0,200,250,[],0
2,3,52,0,0,62,4.4987,9,1,0,200,62,[],0
2,3,50,0,0,257,5.0515,35,1,0,200,257,[],0
1,3,332,13,282,0,0.0,0,1,0,200,0,[],0
2,3,49,0,0,282,5.0139,44,1,0,200,282,[],0
2,3,52,0,0,63,4.3027,9,1,0,200,63,[],0
1,3,307,13,256,0,0.0,0,1,0,200,0,[],0
2,3,50,0,0,256,5.0142,35,1,0,200,256,[],0
2,3,49,0,0,244,5.0731,35,1,0,200,244,[],0
2,3,52,0,0,60,4.1427,9,1,0,200,60,[],0
2,3,50,0,0,257,5.0997,37,1,0,200,257,[],0
2,3,49,0,0,275,5.035,39,1,0,200,275,[],0
2,3,48,0,0,66,4.3927,13,1,0,200,66,[],0
2,3,52,0,0,61,4.2464,9,1,0,200,61,[],0
2,3,50,0,0,243,4.9664,34,1,0,200,243,[],0
2,3,49,0,0,234,4.9959,34,1,0,200,234,[],0
2,3,52,0,0,58,4.2139,9,1,0,200,58,[],0
1,3,327,13,276,0,0.0,0,1,0,200,0,[],0
2,3,50,0,0,276,4.9833,37,1,0,200,276,[],0
2,3,49,0,0,247,5.0497,35,1,0,200,247,[],0
2,3,52,0,0,62,4.2411,9,1,0,200,62,[],0
1,3,311,13,260,0,0.0,0,1,0,200,0,[],0
2,3,50,0,0,260,4.9452,34,1,0,200,260,[],0
2,3,49,0,0,249,5.0541,38,1,0,200,249,[],0
2,3,52,0,0,61,4.3902,9,1,0,200,61,[],0
2,3,50,0,0,244,5.0615,35,1,0,200,244,[],0
1,3,307,13,257,0,0.0,0,1,0,200,0,[],0
2,3,49,0,0,257,5.0211,38,1,0,200,257,[],0
2,3,52,0,0,58,4.1625,9,1,0,200,58,[],0
1,3,312,13,261,0,0.0,0,1,0,200,0,[],0
2,3,50,0,0,261,5.0211,35,1,0,200,261,[],0
2,3,49,0,0,237,5.01,35,1,0,200,237,[],0
2,3,52,0,0,59,4.109,9,1,0,200,59,[],0
2,3,50,0,0,265,5.06,40,1,0,200,265,[],0
2,3,49,0,0,241,4.9591,35,1,0,200,241,[],0
2,3,52,0,0,63,4.3142,9,1,0,200,63,[],0
2,3,50,0,0,259,4.9484,36,1,0,200,259,[],0
1,3,285,13,235,0,0.0,0,1,0,200,0,[],0
2,3,49,0,0,235,4.9331,32,1,0,200,235,[],0
2,3,52,0,0,60,4.3968,10,1,0,200,60,[],0
1,3,89,3,41,0,0.0,0,1,0,200,0,[],0
2,3,47,0,0,41,4.0899,7,1,0,200,41,[],0
2,3,50,0,0,251,4.9413,36,1,0,200,251,[],0
2,3,49,0,0,238,4.9416,32,1,0,200,238,[],0
2,3,52,0,0,67,4.4878,10,1,0,200,67,[],0
2,3,50,0,0,268,5.1102,38,1,0,200,268,[],0
2,3,49,0,0,260,5.0442,37,1,0,200,260,[],0
2,3,52,0,0,63,4.2574,9,1,0,200,63,[],0
2,3,50,0,0,264,4.9382,36,1,0,200,264,[],0
2,3,49,0,0,235,4.9729,34,1,0,200,235,[],0
2,3,52,0,0,62,4.041,9,1,0,200,62,[],0
2,3,50,0,0,267,5.0026,39,1,0,200,267,[],0
2,3,49,0,0,241,5.029,35,1,0,200,241,[],0
2,3,48,0,0,74,4.5722,15,1,0,200,74,[],0
2,3,52,0,0,63,4.1495,9,1,0,200,63,[],0
1,3,290,13,239,0,0.0,0,1,0,200,0,[],0
2,3,50,0,0,239,5.0016,34,1,0,200,239,[],0
2,3,49,0,0,251,4.9766,34,1,0,200,251,[],0
2,3,52,0,0,60,4.2563,9,1,0,200,60,[],0
2,3,50,0,0,261,4.9821,39,1,0,200,261,[],0
2,3,49,0,0,266,4.94,37,1,0,200,266,[],0
2,3,52,0,0,58,4.1811,9,1,0,200,58,[],0
2,3,50,0,0,263,5.0073,39,1,0,200,263,[],0
2,3,49,0,0,245,4.9746,34,1,0,200,245,[],0
2,3,52,0,0,66,4.3361,10,1,0,200,66,[],0
2,3,50,0,0,279,5.0476,41,1,0,200,279,[],0
2,3,49,0,0,263,5.0175,38,1,0,200,263,[],0
2,3,52,0,0,59,4.2502,9,1,0,200,59,[],0
2,3,50,0,0,279,5.186,44,1,0,200,279,[],0
2,3,49,0,0,264,5.0278,37,1,0,200,264,[],0
2,3,52,0,0,65,4.4746,9,1,0,200,65,[],0
2,3,50,0,0,239,5.0455,37,1,0,200,239,[],0
1,3,353,13,303,0,0.0,0,1,0,200,0,[],0
2,3,49,0,0,303,4.9861,45,1,0,200,303,[],0
2,3,52,0,0,61,4.1767,9,1,0,200,61,[],0
2,3,50,0,0,245,4.9166,34,1,0,200,245,[],0
1,3,327,13,277,0,0.0,0,1,0,200,0,[],0
2,3,49,0,0,277,5.073,42,1,0,200,277,[],0
2,3,52,0,0,55,4.2991,10,1,0,200,55,[],0
2,3,50,0,0,242,5.0166,35,1,0,200,242,[],0
1,3,305,13,255,0,0.0,0,1,0,200,0,[],0
2,3,49,0,0,255,4.9451,36,1,0,200,255,[],0
2,3,48,0,0,73,4.5575,15,1,0,200,73,[],0
2,3,52,0,0,64,4.3968,9,1,0,200,64,[],0
2,3,50,0,0,256,5.1208,38,1,0,200,256,[],0
2,3,49,0,0,275,4.9183,37,1,0,200,275,[],0
2,3,52,0,0,63,4.2528,9,1,0,200,63,[],0
2,3,50,0,0,243,4.8809,33,1,0,200,243,[],0
2,3,49,0,0,248,5.1354,38,1,0,200,248,[],0
2,3,52,0,0,61,4.1347,9,1,0,200,61,[],0
1,3,323,13,272,0,0.0,0,1,0,200,0,[],0
2,3,50,0,0,272,4.986,34,1,0,200,272,[],0
1,3,292,13,242,0,0.0,0,1,0,200,0,[],0
2,3,49,0,0,242,4.9764,37,1,0,200,242,[],0
2,3,48,0,0,66,4.4042,13,1,0,200,66,[],0
2,3,52,0,0,65,4.274,10,1,0,200,65,[],0
2,3,50,0,0,250,4.8928,36,1,0,200,250,[],0
1,3,290,13,240,0,0.0,0,1,0,200,0,[],0
2,3,49,0,0,240,4.9896,33,1,0,200,240,[],0
2,3,52,0,0,55,4.1244,9,1,0,200,55,[],0
2,3,50,0,0,244,4.8847,35,1,0,200,244,[],0
2,3,49,0,0,248,5.0411,35,1,0,200,248,[],0
2,3,52,0,0,59,4.3065,9,1,0,200,59,[],0
2,3,50,0,0,263,5.0641,39,1,0,200,263,[],0
1,3,322,13,272,0,0.0,0,1,0,200,0,[],0
2,3,49,0,0,272,5.1677,37,1,0,200,272,[],0
2,3,52,0,0,57,4.1839,9,1,0,200,57,[],0
2,3,50,0,0,255,4.9715,37,1,0,200,255,[],0
2,3,49,0,0,256,4.9109,35,1,0,200,256,[],0
2,3,52,0,0,63,3.9946,9,1,0,200,63,[],0
2,3,50,0,0,240,4.9509,36,1,0,200,240,[],0
2,3,49,0,0,242,4.9544,34,1,0,200,242,[],0
2,3,52,0,0,64,4.2948,10,1,0,200,64,[],0
2,3,50,0,0,252,5.0669,37,1,0,200,252,[],0
2,3,49,0,0,244,4.9552,32,1,0,200,244,[],0
2,3,52,0,0,59,4.2242,9,1,0,200,59,[],0
1,3,279,13,228,0,0.0,0,1,0,200,0,[],0
2,3,50,0,0,228,4.9426,34,1,0,200,228,[],0
2,3,49,0,0,234,4.841,35,1,0,200,234,[],0
2,3,52,0,0,63,4.4221,10,1,0,200,63,[],0
2,3,50,0,0,262,5.0345,35,1,0,200,262,[],0
1,3,302,13,252,0,0.0,0,1,0,200,0,[],0
2,3,49,0,0,252,4.9891,36,1,0,200,252,[],0
2,3,52,0,0,58,4.1832,9,1,0,200,58,[],0
2,3,50,0,0,249,4.997,34,1,0,200,249,[],0
2,3,49,0,0,243,5.0247,35,1,0,200,243,[],0
2,3,52,0,0,62,4.3309,10,1,0,200,62,[],0
2,3,50,0,0,254,4.9881,36,1,0,200,254,[],0
1,3,279,13,229,0,0.0,0,1,0,200,0,[],0
2,3,49,0,0,229,5.0407,34,1,0,200,229,[],0
2,3,52,0,0,60,4.2159,9,1,0,200,60,[],0
2,3,50,0,0,266,5.1041,43,1,0,200,266,[],0
1,3,317,13,267,0,0.0,0,1,0,200,0,[],0
2,3,49,0,0,267,5.1286,40,1,0,200,267,[],0
2,3,52,0,0,62,4.402,10,1,0,200,62,[],0
1,3,335,13,284,0,0.0,0,1,0,200,0,[],0
2,3,50,0,0,284,5.1064,46,1,0,200,284,[],0
2,3,49,0,0,254,4.9201,37,1,0,200,254,[],0
2,3,52,0,0,57,4.2733,9,1,0,200,57,[],0
1,3,321,13,270,0,0.0,0,1,0,200,0,[],0
2,3,50,0,0,270,4.9558,40,1,0,200,270,[],0
2,3,49,0,0,264,4.9836,35,1,0,200,264,[],0
2,3,52,0,0,64,4.4845,9,1,0,200,64,[],0
2,3,50,0,0,254,5.0121,37,1,0,200,254,[],0
2,3,49,0,0,245,5.0544,36,1,0,200,245,[],0
2,3,52,0,0,64,4.2189,9,1,0,200,64,[],0
2,3,50,0,0,245,4.9421,34,1,0,200,245,[],0
2,3,49,0,0,256,5.0827,36,1,0,200,256,[],0
2,3,52,0,0,61,4.1912,9,1,0,200,61,[],0
2,3,50,0,0,256,4.9931,37,1,0,200,256,[],0
2,3,49,0,0,258,5.0816,37,1,0,200,258,[],0
2,3,52,0,0,57,4.1531,9,1,0,200,57,[],0
2,3,50,0,0,270,4.9324,36,1,0,200,270,[],0
2,3,49,0,0,247,4.9169,31,1,0,200,247,[],0
2,3,52,0,0,59,4.406,9,1,0,200,59,[],0
1,3,339,13,288,0,0.0,0,1,0,200,0,[],0
2,3,50,0,0,288,4.982,38,1,0,200,288,[],0
2,3,49,0,0,248,4.9782,34,1,0,200,248,[],0
2,3,52,0,0,58,4.3303,10,1,0,200,58,[],0
1,3,325,13,274,0,0.0,0,1,0,200,0,[],0
2,3,50,0,0,274,4.9332,39,1,0,200,274,[],0
2,3,49,0,0,255,5.003,35,1,0,200,255,[],0
2,3,52,0,0,64,4.5649,9,1,0,200,64,[],0
2,3,50,0,0,253,5.1014,39,1,0,200,253,[],0
1,3,330,13,280,0,0.0,0,1,0,200,0,[],0
2,3,49,0,0,280,5.0699,44,1,0,200,280,[],0
2,3,52,0,0,59,4.0945,9,1,0,200,59,[],0
2,3,50,0,0,260,5.0853,37,1,0,200,260,[],0
2,3,49,0,0,258,4.9089,33,1,0,200,258,[],0
2,3,48,0,0,75,4.5334,15,1,0,200,75,[],0
2,3,52,0,0,65,4.3917,9,1,0,200,65,[],0
2,3,50,0,0,254,5.0005,38,1,0,200,254,[],0
2,3,49,0,0,251,5.0471,36,1,0,200,251,[],0
2,3,48,0,0,73,4.5679,15,1,0,200,73,[],0
2,3,52,0,0,61,4.0637,9,1,0,200,61,[],0
1,3,292,13,241,0,0.0,0,1,0,200,0,[],0
2,3,50,0,0,241,4.9669,36,1,0,200,241,[],0
2,3,49,0,0,258,5.0389,37,1,0,200,258,[],0
2,3,52,0,0,63,4.3123,9,1,0,200,63,[],0
2,3,50,0,0,262,5.0119,41,1,0,200,262,[],0
2,3,49,0,0,255,4.9652,37,1,0,200,255,[],0
2,3,52,0,0,62,4.293,9,1,0,200,62,[],0
2,3,50,0,0,248,5.0624,36,1,0,200,248,[],0
2,3,49,0,0,252,5.0437,39,1,0,200,252,[],0
2,3,52,0,0,62,4.4737,9,1,0,200,62,[],0
2,3,50,0,0,243,5.0125,33,1,0,200,243,[],0
2,3,49,0,0,247,4.9654,39,1,0,200,247,[],0
2,3,52,0,0,59,4.2768,9,1,0,200,59,[],0
2,3,50,0,0,265,5.0872,38,1,0,200,265,[],0
2,3,49,0,0,257,4.9503,37,1,0,200,257,[],0
2,3,52,0,0,61,4.0788,10,1,0,200,61,[],0
2,3,50,0,0,260,4.8592,34,1,0,200,260,[],0
2,3,49,0,0,269,5.0848,36,1,0,200,269,[],0
2,3,52,0,0,58,4.1063,9,1,0,200,58,[],0
2,3,50,0,0,266,4.9197,37,1,0,200,266,[],0
1,3,277,13,227,0,0.0,0,1,0,200,0,[],0
2,3,49,0,0,227,4.8996,31,1,0,200,227,[],0
2,3,52,0,0,61,4.2644,9,1,0,200,61,[],0
2,3,50,0,0,239,5.0639,34,1,0,200,239,[],0
2,3,49,0,0,242,5.0279,33,1,0,200,242,[],0
2,3,52,0,0,63,4.2942,9,1,0,200,63,[],0
1,3,341,13,290,0,0.0,0,1,0,200,0,[],0
2,3,50,0,0,290,4.9325,40,1,0,200,290,[],0
2,3,49,0,0,255,5.0143,36,1,0,200,255,[],0
2,3,52,0,0,59,4.1446,10,1,0,200,59,[],0
2,3,47,0,0,42,4.1548,7,1,0,200,42,[],0
2,3,50,0,0,243,5.0269,36,1,0,200,243,[],0
2,3,49,0,0,266,5.013,40,1,0,200,266,[],0
2,3,52,0,0,63,4.2408,9,1,0,200,63,[],0
2,3,50,0,0,258,5.0371,36,1,0,200,258,[],0
2,3,49,0,0,254,5.0719,38,1,0,200,254,[],0
2,3,52,0,0,65,4.4115,10,1,0,200,65,[],0
2,3,50,0,0,242,5.0822,34,1,0,200,242,[],0
2,3,49,0,0,266,4.9762,37,1,0,200,266,[],0
2,3,52,0,0,62,4.2785,9,1,0,200,62,[],0
2,3,50,0,0,268,5.0304,41,1,0,200,268,[],0
2,3,49,0,0,243,4.9309,33,1,0,200,243,[],0
2,3,48,0,0,71,4.5799,13,1,0,200,71,[],0
2,3,52,0,0,59,4.1896,9,1,0,200,59,[],0
2,3,50,0,0,248,5.0468,39,1,0,200,248,[],0
2,3,49,0,0,275,4.9804,40,1,0,200,275,[],0
2,3,52,0,0,62,4.4335,9,1,0,200,62,[],0
2,3,50,0,0,247,4.9002,36,1,0,200,247,[],0
2,3,49,0,0,238,4.983,34,1,0,200,238,[],0
1,3,125,5,72,0,0.0,0,1,0,200,0,[],0
2,3,52,0,0,72,4.6907,12,1,0,200,72,[],0
2,3,50,0,0,254,5.0416,35,1,0,200,254,[],0
2,3,49,0,0,256,5.0479,38,1,0,200,256,[],0
2,3,52,0,0,55,4.1615,9,1,0,200,55,[],0
1,3,334,13,283,0,0.0,0,1,0,200,0,[],0
2,3,50,0,0,283,5.0072,42,1,0,200,283,[],0
2,3,49,0,0,251,5.0957,37,1,0,200,251,[],0
2,3,52,0,0,55,4.1455,9,1,0,200,55,[],0
2,3,50,0,0,263,5.038,38,1,0,200,263,[],0
1,3,282,13,232,0,0.0,0,1,0,200,0,[],0
2,3,49,0,0,232,4.922,32,1,0,200,232,[],0
2,3,52,0,0,62,4.3352,10,1,0,200,62,[],0
2,3,50,0,0,261,5.0043,37,1,0,200,261,[],0
2,3,49,0,0,264,4.9284,35,1,0,200,264,[],0
2,3,52,0,0,64,4.3579,10,1,0,200,64,[],0
2,3,50,0,0,238,4.8931,32,1,0,200,238,[],0
2,3,49,0,0,248,5.0877,37,1,0,200,248,[],0
2,3,52,0,0,63,4.2352,9,1,0,200,63,[],0
2,3,50,0,0,238,4.9337,34,1,0,200,238,[],0
1,3,309,13,259,0,0.0,0,1,0,200,0,[],0
2,3,49,0,0,259,5.0463,39,1,0,200,259,[],0
2,3,52,0,0,61,4.2872,10,1,0,200,61,[],0
2,3,50,0,0,267,4.9237,38,1,0,200,267,[],0
2,3,49,0,0,259,5.0015,36,1,0,200,259,[],0
2,3,48,0,0,74,4.5283,15,1,0,200,74,[],0
2,3,52,0,0,62,4.1554,9,1,0,200,62,[],0
2,3,50,0,0,246,4.9954,37,1,0,200,246,[],0
2,3,49,0,0,235,4.9902,35,1,0,200,235,[],0
2,3,48,0,0,75,4.5701,15,1,0,200,75,[],0
2,3,52,0,0,58,4.509,9,1,0,200,58,[],0
1,3,324,13,273,0,0.0,0,1,0,200,0,[],0
2,3,50,0,0,273,5.0912,38,1,0,200,273,[],0
2,3,49,0,0,241,4.967,34,1,0,200,241,[],0
2,3,48,0,0,75,4.5067,15,1,0,200,75,[],0
2,3,52,0,0,61,4.4163,9,1,0,200,61,[],0
2,3,50,0,0,247,4.9253,31,1,0,200,247,[],0
2,3,49,0,0,257,5.1239,37,1,0,200,257,[],0
2,3,52,0,0,60,4.2064,9,1,0,200,60,[],0
2,3,50,0,0,264,4.9219,35,1,0,200,264,[],0
2,3,49,0,0,259,5.0454,38,1,0,200,259,[],0
2,3,52,0,0,61,4.0536,9,1,0,200,61,[],0
2,3,50,0,0,254,4.9423,35,1,0,200,254,[],0
2,3,49,0,0,241,4.9211,34,1,0,200,241,[],0
2,3,52,0,0,65,4.1717,10,1,0,200,65,[],0
2,3,50,0,0,244,5.1043,37,1,0,200,244,[],0
1,3,283,13,233,0,0.0,0,1,0,200,0,[],0
2,3,49,0,0,233,5.0472,35,1,0,200,233,[],0
2,3,52,0,0,60,3.9441,9,1,0,200,60,[],0
2,3,50,0,0,244,4.968,32,1,0,200,244,[],0
2,3,49,0,0,255,4.9624,37,1,0,200,255,[],0
2,3,52,0,0,58,4.3711,9,1,0,200,58,[],0
2,3,50,0,0,251,5.035,37,1,0,200,251,[],0
2,3,49,0,0,270,4.987,37,1,0,200,270,[],0
2,3,52,0,0,60,4.4964,9,1,0,200,60,[],0
2,3,50,0,0,261,4.9628,36,1,0,200,261,[],0
2,3,49,0,0,244,4.9394,31,1,0,200,244,[],0
2,3,52,0,0,60,4.0094,9,1,0,200,60,[],0
2,3,47,0,0,41,4.1387,7,1,0,200,41,[],0
2,3,50,0,0,273,4.9864,36,1,0,200,273,[],0
2,3,49,0,0,263,5.0191,38,1,0,200,263,[],0
2,3,52,0,0,66,4.3899,9,1,0,200,66,[],0
2,3,50,0,0,273,4.9437,40,1,0,200,273,[],0
2,3,49,0,0,263,5.0669,39,1,0,200,263,[],0
2,3,52,0,0,67,4.4391,9,1,0,200,67,[],0
1,3,320,13,269,0,0.0,0,1,0,200,0,[],0
2,3,50,0,0,269,5.0481,36,1,0,200,269,[],0
2,3,49,0,0,242,5.0184,34,1,0,200,242,[],0
2,3,52,0,0,61,4.2735,9,1,0,200,61,[],0
2,3,50,0,0,253,4.9137,33,1,0,200,253,[],0
2,3,49,0,0,257,4.9274,32,1,0,200,257,[],0
2,3,52,0,0,57,4.3199,10,1,0,200,57,[],0
2,3,50,0,0,258,5.0757,39,1,0,200,258,[],0
2,3,49,0,0,242,4.9621,33,1,0,200,242,[],0
2,3,52,0,0,62,4.3309,9,1,0,200,62,[],0
2,3,50,0,0,228,4.9924,32,1,0,200,228,[],0
2,3,49,0,0,242,5.0608,33,1,0,200,242,[],0
2,3,52,0,0,63,4.4219,10,1,0,200,63,[],0
2,3,50,0,0,252,5.1126,37,1,0,200,252,[],0
2,3,49,0,0,251,4.9503,34,1,0,200,251,[],0
2,3,48,0,0,67,4.4205,13,1,0,200,67,[],0
2,3,52,0,0,66,4.5256,10,1,0,200,66,[],0
2,3,50,0,0,257,4.9235,37,1,0,200,257,[],0
2,3,49,0,0,233,4.9385,31,1,0,200,233,[],0
2,3,52,0,0,60,4.2631,9,1,0,200,60,[],0
2,3,50,0,0,239,4.9523,32,1,0,200,239,[],0
2,3,49,0,0,231,4.8928,31,1,0,200,231,[],0
2,3,52,0,0,55,4.0977,9,1,0,200,55,[],0
2,3,50,0,0,250,4.8658,35,1,0,200,250,[],0
2,3,49,0,0,241,5.016,36,1,0,200,241,[],0
2,3,52,0,0,64,4.4277,10,1,0,200,64,[],0
1,3,343,13,292,0,0.0,0,1,0,200,0,[],0
2,3,50,0,0,292,5.0677,43,1,0,200,292,[],0
2,3,49,0,0,262,5.0022,37,1,0,200,262,[],0
2,3,52,0,0,63,4.1316,9,1,0,200,63,[],0
2,3,50,0,0,269,4.93,39,1,0,200,269,[],0
2,3,49,0,0,253,5.0467,37,1,0,200,253,[],0
2,3,52,0,0,60,4.2761,9,1,0,200,60,[],0
2,3,50,0,0,252,5.0407,36,1,0,200,252,[],0
2,3,49,0,0,263,5.0135,39,1,0,200,263,[],0
2,3,52,0,0,65,4.5625,9,1,0,200,65,[],0
2,3,50,0,0,261,4.9254,36,1,0,200,261,[],0
2,3,49,0,0,266,5.1773,40,1,0,200,266,[],0
2,3,52,0,0,61,4.3595,9,1,0,200,61,[],0
1,3,272,13,221,0,0.0,0,1,0,200,0,[],0
2,3,50,0,0,221,4.9856,33,1,0,200,221,[],0
2,3,49,0,0,242,4.9245,34,1,0,200,242,[],0
2,3,48,0,0,67,4.3608,13,1,0,200,67,[],0
2,3,52,0,0,59,4.044,9,1,0,200,59,[],0
2,3,50,0,0,250,5.06,36,1,0,200,250,[],0
1,3,335,13,285,0,0.0,0,1,0,200,0,[],0
2,3,49,0,0,285,5.0944,39,1,0,200,285,[],0
2,3,52,0,0,68,4.5087,9,1,0,200,68,[],0
2,3,50,0,0,257,5.0998,39,1,0,200,257,[],0
2,3,49,0,0,258,5.0682,39,1,0,200,258,[],0
2,3,52,0,0,63,4.5407,10,1,0,200,63,[],0
2,3,50,0,0,238,5.1422,35,1,0,200,238,[],0
2,3,49,0,0,254,5.0519,38,1,0,200,254,[],0
2,3,52,0,0,67,4.3288,11,1,0,200,67,[],0
2,3,50,0,0,268,4.9871,39,1,0,200,268,[],0
2,3,49,0,0,250,5.0275,35,1,0,200,250,[],0
2,3,52,0,0,66,4.4724,10,1,0,200,66,[],0
1,3,333,13,282,0,0.0,0,1,0,200,0,[],0
2,3,50,0,0,282,5.0422,44,1,0,200,282,[],0
2,3,49,0,0,231,4.9232,34,1,0,200,231,[],0
2,3,52,0,0,62,4.448,10,1,0,200,62,[],0
2,3,50,0,0,250,4.9948,35,1,0,200,250,[],0
2,3,49,0,0,269,4.9529,37,1,0,200,269,[],0
1,3,106,5,53,0,0.0,0,1,0,200,0,[],0
2,3,52,0,0,53,4.1224,9,1,0,200,53,[],0
2,3,50,0,0,259,4.8829,37,1,0,200,259,[],0
2,3,49,0,0,273,5.0381,40,1,0,200,273,[],0
2,3,52,0,0,64,4.1,9,1,0,200,64,[],0
2,3,50,0,0,255,4.9795,35,1,0,200,255,[],0
2,3,49,0,0,250,5.0446,33,1,0,200,250,[],0
2,3,52,0,0,61,4.1939,9,1,0,200,61,[],0
2,3,50,0,0,247,4.9365,35,1,0,200,247,[],0
2,3,49,0,0,233,5.0044,33,1,0,200,233,[],0
2,3,52,0,0,61,4.2845,9,1,0,200,61,[],0
2,3,50,0,0,262,5.066,39,1,0,200,262,[],0
2,3,49,0,0,268,5.0935,41,1,0,200,268,[],0
2,3,52,0,0,61,4.2139,9,1,0,200,61,[],0
2,3,50,0,0,241,4.9563,35,1,0,200,241,[],0
2,3,49,0,0,238,4.9412,32,1,0,200,238,[],0
2,3,52,0,0,58,4.2153,9,1,0,200,58,[],0
2,3,50,0,0,242,4.9483,34,1,0,200,242,[],0
2,3,49,0,0,237,4.9993,33,1,0,200,237,[],0
2,3,52,0,0,62,4.3111,9,1,0,200,62,[],0
2,3,50,0,0,247,4.9978,35,1,0,200,247,[],0
2,3,49,0,0,254,4.9977,35,1,0,200,254,[],0
2,3,52,0,0,62,4.4504,10,1,0,200,62,[],0
2,3,50,0,0,257,4.9611,39,1,0,200,257,[],0
2,3,49,0,0,239,5.048,35,1,0,200,239,[],0
2,3,52,0,0,62,4.4622,9,1,0,200,62,[],0
1,3,328,13,277,0,0.0,0,1,0,200,0,[],0
2,3,50,0,0,277,5.0172,40,1,0,200,277,[],0
2,3,49,0,0,238,4.9884,34,1,0,200,238,[],0
2,3,52,0,0,60,4.2509,9,1,0,200,60,[],0
2,3,50,0,0,267,5.009,34,1,0,200,267,[],0
2,3,49,0,0,242,5.056,37,1,0,200,242,[],0
2,3,52,0,0,60,4.1145,9,1,0,200,60,[],0
2,3,50,0,0,254,5.0224,36,1,0,200,254,[],0
2,3,49,0,0,268,5.1212,38,1,0,200,268,[],0
2,3,52,0,0,60,4.1645,9,1,0,200,60,[],0
2,3,50,0,0,277,4.9634,36,1,0,200,277,[],0
1,3,328,13,278,0,0.0,0,1,0,200,0,[],0
2,3,49,0,0,278,4.9738,39,1,0,200,278,[],0
2,3,52,0,0,61,4.2868,9,1,0,200,61,[],0
2,3,50,0,0,248,5.0595,37,1,0,200,248,[],0
2,3,49,0,0,247,5.0852,37,1,0,200,247,[],0
2,3,52,0,0,68,4.0747,9,1,0,200,68,[],0
2,3,50,0,0,235,5.0325,33,1,0,200,235,[],0
2,3,49,0,0,266,5.1043,43,1,0,200,266,[],0
2,3,52,0,0,59,4.3186,9,1,0,200,59,[],0
1,3,281,13,230,0,0.0,0,1,0,200,0,[],0
2,3,50,0,0,230,5.0737,34,1,0,200,230,[],0
1,3,321,13,271,0,0.0,0,1,0,200,0,[],0
2,3,49,0,0,271,5.026,37,1,0,200,271,[],0
2,3,50,0,0,252,5.0256,35,1,0,200,252,[],0
2,3,49,0,0,268,5.0171,35,1,0,200,268,[],0
2,3,52,0,0,61,4.3143,9,1,0,200,61,[],0
2,3,50,0,0,241,5.0587,33,1,0,200,241,[],0
2,3,49,0,0,268,5.0193,39,1,0,200,268,[],0
2,3,52,0,0,60,4.2421,9,1,0,200,60,[],0
2,3,50,0,0,254,4.9994,38,1,0,200,254,[],0
2,3,49,0,0,257,5.0327,36,1,0,200,257,[],0
2,3,52,0,0,57,4.2058,9,1,0,200,57,[],0
2,3,50,0,0,254,4.939,38,1,0,200,254,[],0
2,3,49,0,0,252,5.075,36,1,0,200,252,[],0
2,3,52,0,0,65,4.4124,11,1,0,200,65,[],0
2,3,50,0,0,252,5.0541,37,1,0,200,252,[],0
2,3,49,0,0,258,4.9802,38,1,0,200,258,[],0
2,3,52,0,0,62,4.214,9,1,0,200,62,[],0
2,3,50,0,0,246,5.025,38,1,0,200,246,[],0
2,3,49,0,0,249,4.9798,38,1,0,200,249,[],0
2,3,52,0,0,61,4.5514,9,1,0,200,61,[],0
2,3,50,0,0,256,4.9974,36,1,0,200,256,[],0
1,3,315,13,265,0,0.0,0,1,0,200,0,[],0
2,3,49,0,0,265,5.0036,39,1,0,200,265,[],0
2,3,52,0,0,61,4.2604,9,1,0,200,61,[],0
2,3,50,0,0,245,5.0006,33,1,0,200,245,[],0
2,3,49,0,0,249,4.9811,35,1,0,200,249,[],0
2,3,52,0,0,63,4.0781,9,1,0,200,63,[],0
2,3,50,0,0,242,5.0111,38,1,0,200,242,[],0
2,3,49,0,0,261,5.0088,37,1,0,200,261,[],0
2,3,52,0,0,67,4.4055,9,1,0,200,67,[],0
2,3,50,0,0,244,4.9416,34,1,0,200,244,[],0
2,3,49,0,0,265,5.1168,38,1,0,200,265,[],0
2,3,52,0,0,65,4.2433,9,1,0,200,65,[],0
2,3,50,0,0,250,4.958,35,1,0,200,250,[],0
2,3,49,0,0,244,5.0364,34,1,0,200,244,[],0
2,3,52,0,0,61,4.0098,10,1,0,200,61,[],0
2,3,50,0,0,252,4.9006,35,1,0,200,252,[],0
2,3,49,0,0,252,5.0758,35,1,0,200,252,[],0
2,3,52,0,0,66,4.2653,9,1,0,200,66,[],0
2,3,50,0,0,252,4.9709,33,1,0,200,252,[],0
2,3,49,0,0,266,4.8877,35,1,0,200,266,[],0
2,3,52,0,0,61,4.2031,9,1,0,200,61,[],0
2,3,50,0,0,253,4.9984,39,1,0,200,253,[],0
2,3,49,0,0,269,5.0216,37,1,0,200,269,[],0
2,3,52,0,0,59,4.3342,9,1,0,200,59,[],0
2,3,50,0,0,235,4.9481,32,1,0,200,235,[],0
2,3,49,0,0,262,4.9522,33,1,0,200,262,[],0
2,3,52,0,0,64,4.1995,9,1,0,200,64,[],0
2,3,50,0,0,282,5.0026,44,1,0,200,282,[],0
2,3,49,0,0,234,4.9884,33,1,0,200,234,[],0
2,3,52,0,0,59,4.2702,9,1,0,200,59,[],0
2,3,50,0,0,233,4.9819,33,1,0,200,233,[],0
2,3,49,0,0,251,4.9507,33,1,0,200,251,[],0
2,3,52,0,0,63,4.2725,9,1,0,200,63,[],0
2,3,50,0,0,261,4.9458,35,1,0,200,261,[],0
2,3,49,0,0,258,5.0315,38,1,0,200,258,[],0
2,3,52,0,0,64,4.1914,10,1,0,200,64,[],0
2,3,50,0,0,239,5.0299,35,1,0,200,239,[],0
2,3,49,0,0,258,4.9669,33,1,0,200,258,[],0
2,3,52,0,0,61,4.4899,9,1,0,200,61,[],0
2,3,50,0,0,231,5.0531,34,1,0,200,231,[],0
2,3,49,0,0,243,4.9184,34,1,0,200,243,[],0
2,3,52,0,0,60,4.1343,9,1,0,200,60,[],0
2,3,50,0,0,279,5.1045,42,1,0,200,279,[],0
2,3,49,0,0,243,5.0375,34,1,0,200,243,[],0
2,3,48,0,0,67,4.3794,13,1,0,200,67,[],0
2,3,52,0,0,59,4.2363,9,1,0,200,59,[],0
2,3,50,0,0,251,5.0393,36,1,0,200,251,[],0
2,3,49,0,0,248,5.0501,33,1,0,200,248,[],0
2,3,52,0,0,59,4.2446,9,1,0,200,59,[],0
2,3,50,0,0,240,5.1094,33,1,0,200,240,[],0
2,3,49,0,0,258,5.033,37,1,0,200,258,[],0
2,3,52,0,0,57,4.2917,9,1,0,200,57,[],0
2,3,50,0,0,260,4.9747,37,1,0,200,260,[],0
2,3,49,0,0,259,5.0956,38,1,0,200,259,[],0
2,3,52,0,0,61,4.3775,9,1,0,200,61,[],0
2,3,50,0,0,235,5.0199,33,1,0,200,235,[],0
1,3,278,13,228,0,0.0,0,1,0,200,0,[],0
2,3,49,0,0,228,4.9248,33,1,0,200,228,[],0
2,3,48,0,0,74,4.6364,15,1,0,200,74,[],0
2,3,52,0,0,61,4.2524,10,1,0,200,61,[],0
2,3,50,0,0,276,4.9059,38,1,0,200,276,[],0
2,3,49,0,0,250,5.1527,37,1,0,200,250,[],0
2,3,52,0,0,61,4.3136,9,1,0,200,61,[],0
2,3,50,0,0,252,5.0322,37,1,0,200,252,[],0
2,3,49,0,0,255,4.988,37,1,0,200,255,[],0
2,3,52,0,0,68,4.3046,9,1,0,200,68,[],0
2,3,50,0,0,247,4.8731,33,1,0,200,247,[],0
2,3,49,0,0,249,4.9957,38,1,0,200,249,[],0
2,3,52,0,0,63,4.4672,9,1,0,200,63,[],0
2,3,50,0,0,240,4.9085,34,1,0,200,240,[],0
2,3,49,0,0,258,4.9679,39,1,0,200,258,[],0
2,3,52,0,0,58,4.0991,9,1,0,200,58,[],0
2,3,50,0,0,252,5.0635,36,1,0,200,252,[],0
2,3,49,0,0,244,4.9286,34,1,0,200,244,[],0
2,3,52,0,0,62,4.1502,9,1,0,200,62,[],0
2,3,50,0,0,247,4.9066,34,1,0,200,247,[],0
2,3,49,0,0,255,5.0269,37,1,0,200,255,[],0
2,3,52,0,0,63,4.3328,9,1,0,200,63,[],0
2,3,50,0,0,267,5.0595,39,1,0,200,267,[],0
2,3,49,0,0,232,5.0154,34,1,0,200,232,[],0
2,3,52,0,0,62,4.2104,9,1,0,200,62,[],0
2,3,50,0,0,248,5.0942,36,1,0,200,248,[],0
2,3,49,0,0,252,5.0147,36,1,0,200,252,[],0
2,3,52,0,0,64,4.2985,10,1,0,200,64,[],0
2,3,50,0,0,258,5.0167,37,1,0,200,258,[],0
2,3,49,0,0,258,5.0898,36,1,0,200,258,[],0
2,3,48,0,0,75,4.55,15,1,0,200,75,[],0
2,3,52,0,0,65,4.4856,10,1,0,200,65,[],0
2,3,50,0,0,242,4.9349,31,1,0,200,242,[],0
2,3,49,0,0,260,4.9336,39,1,0,200,260,[],0
2,3,52,0,0,58,4.108,9,1,0,200,58,[],0
2,3,50,0,0,242,4.9814,36,1,0,200,242,[],0
2,3,49,0,0,258,5.0445,37,1,0,200,258,[],0
2,3,52,0,0,60,4.0822,9,1,0,200,60,[],0
2,3,50,0,0,266,5.0994,38,1,0,200,266,[],0
2,3,49,0,0,247,5.0941,37,1,0,200,247,[],0
2,3,52,0,0,59,4.3574,10,1,0,200,59,[],0
2,3,50,0,0,246,5.024,36,1,0,200,246,[],0
1,3,280,13,230,0,0.0,0,1,0,200,0,[],0
2,3,49,0,0,230,4.9843,34,1,0,200,230,[],0
2,3,52,0,0,64,4.1398,10,1,0,200,64,[],0
2,3,50,0,0,248,5.0275,35,1,0,200,248,[],0
2,3,49,0,0,243,4.9628,35,1,0,200,243,[],0
2,3,52,0,0,65,4.2577,9,1,0,200,65,[],0
2,3,50,0,0,256,4.9851,39,1,0,200,256,[],0
2,3,49,0,0,248,5.0389,33,1,0,200,248,[],0
2,3,52,0,0,57,4.3469,9,1,0,200,57,[],0
2,3,50,0,0,238,5.038,36,1,0,200,238,[],0
2,3,49,0,0,251,5.0174,37,1,0,200,251,[],0
2,3,48,0,0,74,4.4641,15,1,0,200,74,[],0
2,3,52,0,0,61,4.2684,11,1,0,200,61,[],0
2,3,50,0,0,270,4.9781,38,1,0,200,270,[],0
2,3,49,0,0,242,4.996,33,1,0,200,242,[],0
2,3,52,0,0,66,4.3262,10,1,0,200,66,[],0
2,3,50,0,0,241,4.9783,35,1,0,200,241,[],0
2,3,49,0,0,264,4.9763,35,1,0,200,264,[],0
2,3,52,0,0,57,4.1155,9,1,0,200,57,[],0
2,3,50,0,0,246,4.917,35,1,0,200,246,[],0
2,3,49,0,0,244,5.0582,39,1,0,200,244,[],0
2,3,52,0,0,61,4.0958,9,1,0,200,61,[],0
2,3,50,0,0,251,4.9309,35,1,0,200,251,[],0
1,3,334,13,284,0,0.0,0,1,0,200,0,[],0
2,3,49,0,0,284,5.0638,41,1,0,200,284,[],0
2,3,52,0,0,59,4.4482,9,1,0,200,59,[],0
2,3,50,0,0,269,4.9355,36,1,0,200,269,[],0
2,3,49,0,0,267,5.0197,37,1,0,200,267,[],0
2,3,52,0,0,64,4.3398,9,1,0,200,64,[],0
2,3,50,0,0,239,5.0748,35,1,0,200,239,[],0
2,3,49,0,0,270,5.0992,40,1,0,200,270,[],0
2,3,52,0,0,64,4.1934,9,1,0,200,64,[],0
2,3,50,0,0,255,4.9832,35,1,0,200,255,[],0
2,3,49,0,0,233,4.9929,33,1,0,200,233,[],0
1,3,122,5,69,0,0.0,0,1,0,200,0,[],0
2,3,52,0,0,69,4.5194,10,1,0,200,69,[],0
2,3,50,0,0,266,4.9591,37,1,0,200,266,[],0
2,3,49,0,0,258,5.0629,38,1,0,200,258,[],0
2,3,52,0,0,63,4.6077,10,1,0,200,63,[],0
2,3,50,0,0,249,4.9093,35,1,0,200,249,[],0
2,3,49,0,0,229,5.0354,36,1,0,200,229,[],0
2,3,52,0,0,65,4.4454,10,1,0,200,65,[],0
2,3,50,0,0,267,4.9769,38,1,0,200,267,[],0
2,3,49,0,0,291,4.9654,40,1,0,200,291,[],0
2,3,52,0,0,61,4.2875,9,1,0,200,61,[],0
2,3,50,0,0,245,4.9291,33,1,0,200,245,[],0
2,3,49,0,0,254,5.0711,35,1,0,200,254,[],0
2,3,52,0,0,60,4.2213,9,1,0,200,60,[],0
2,3,50,0,0,240,4.9748,33,1,0,200,240,[],0
2,3,49,0,0,259,5.0232,37,1,0,200,259,[],0
2,3,52,0,0,57,4.2541,9,1,0,200,57,[],0
2,3,50,0,0,262,5.0448,39,1,0,200,262,[],0
2,3,49,0,0,258,4.9834,36,1,0,200,258,[],0
2,3,52,0,0,66,4.5634,9,1,0,200,66,[],0
2,3,50,0,0,263,5.0243,38,1,0,200,263,[],0
2,3,49,0,0,261,4.9715,40,1,0,200,261,[],0
2,3,52,0,0,60,4.3094,9,1,0,200,60,[],0
2,3,47,0,0,38,4.0407,5,1,0,200,38,[],0
2,3,50,0,0,247,4.9464,36,1,0,200,247,[],0
2,3,49,0,0,270,5.024,41,1,0,200,270,[],0
2,3,52,0,0,62,4.557,10,1,0,200,62,[],0
2,3,50,0,0,244,4.877,32,1,0,200,244,[],0
2,3,49,0,0,271,5.0313,39,1,0,200,271,[],0
2,3,52,0,0,58,4.1154,9,1,0,200,58,[],0
2,3,50,0,0,252,5.008,37,1,0,200,252,[],0
2,3,49,0,0,255,4.9589,35,1,0,200,255,[],0
2,3,52,0,0,64,4.4025,10,1,0,200,64,[],0
2,3,50,0,0,252,5.0032,37,1,0,200,252,[],0
2,3,49,0,0,232,5.0045,32,1,0,200,232,[],0
2,3,48,0,0,72,4.5731,13,1,0,200,72,[],0
2,3,52,0,0,65,4.3819,9,1,0,200,65,[],0
2,3,50,0,0,238,5.0202,34,1,0,200,238,[],0
2,3,49,0,0,235,4.9779,35,1,0,200,235,[],0
2,3,52,0,0,58,4.3581,9,1,0,200,58,[],0
2,3,50,0,0,243,4.88,35,1,0,200,243,[],0
2,3,49,0,0,237,4.971,35,1,0,200,237,[],0
2,3,48,0,0,72,4.5162,13,1,0,200,72,[],0
2,3,52,0,0,66,4.3173,9,1,0,200,66,[],0
2,3,50,0,0,254,5.0177,36,1,0,200,254,[],0
1,3,336,13,286,0,0.0,0,1,0,200,0,[],0
2,3,49,0,0,286,4.909,37,1,0,200,286,[],0
2,3,52,0,0,62,4.3025,9,1,0,200,62,[],0
2,3,50,0,0,238,4.9263,31,1,0,200,238,[],0
2,3,49,0,0,260,5.0033,37,1,0,200,260,[],0
2,3,52,0,0,63,4.267,9,1,0,200,63,[],0
2,3,50,0,0,239,4.9307,33,1,0,200,239,[],0
2,3,49,0,0,265,5.0779,34,1,0,200,265,[],0
2,3,52,0,0,64,4.5017,10,1,0,200,64,[],0
2,3,50,0,0,262,4.9535,38,1,0,200,262,[],0
2,3,49,0,0,235,5.0032,38,1,0,200,235,[],0
2,3,52,0,0,66,4.423,10,1,0,200,66,[],0
2,3,50,0,0,265,4.9833,39,1,0,200,265,[],0
2,3,49,0,0,261,4.9307,37,1,0,200,261,[],0
2,3,52,0,0,65,4.4109,10,1,0,200,65,[],0
2,3,50,0,0,240,4.968,33,1,0,200,240,[],0
2,3,49,0,0,250,4.938,35,1,0,200,250,[],0
2,3,52,0,0,59,4.0519,9,1,0,200,59,[],0
2,3,50,0,0,239,4.8735,31,1,0,200,239,[],0
2,3,49,0,0,240,4.8572,33,1,0,200,240,[],0
2,3,52,0,0,62,4.3437,9,1,0,200,62,[],0
2,3,50,0,0,256,5.0276,37,1,0,200,256,[],0
2,3,49,0,0,251,5.0835,39,1,0,200,251,[],0
2,3,52,0,0,63,4.2068,10,1,0,200,63,[],0
2,3,50,0,0,231,4.9018,35,1,0,200,231,[],0
2,3,49,0,0,245,5.0167,37,1,0,200,245,[],0
2,3,52,0,0,61,4.3631,9,1,0,200,61,[],0
2,3,50,0,0,249,5.0744,36,1,0,200,249,[],0
2,3,49,0,0,249,5.0072,35,1,0,200,249,[],0
2,3,52,0,0,59,4.1744,9,1,0,200,59,[],0
2,3,50,0,0,268,5.0086,39,1,0,200,268,[],0
2,3,49,0,0,255,5.1144,39,1,0,200,255,[],0
2,3,52,0,0,59,4.3131,9,1,0,200,59,[],0
2,3,50,0,0,260,5.066,36,1,0,200,260,[],0
2,3,49,0,0,257,5.049,35,1,0,200,257,[],0
2,3,52,0,0,61,4.3487,9,1,0,200,61,[],0
2,3,50,0,0,256,4.8752,33,1,0,200,256,[],0
1,3,272,13,222,0,0.0,0,1,0,200,0,[],0
2,3,49,0,0,222,4.9674,34,1,0,200,222,[],0
2,3,52,0,0,60,4.27,9,1,0,200,60,[],0
2,3,50,0,0,273,5.0353,36,1,0,200,273,[],0
2,3,49,0,0,253,4.9654,37,1,0,200,253,[],0
2,3,48,0,0,68,4.385,13,1,0,200,68,[],0
2,3,52,0,0,60,4.1887,9,1,0,200,60,[],0
2,3,50,0,0,247,4.9552,34,1,0,200,247,[],0
2,3,49,0,0,253,4.9253,34,1,0,200,253,[],0
2,3,52,0,0,59,4.127,10,1,0,200,59,[],0
2,3,50,0,0,253,5.0574,38,1,0,200,253,[],0
2,3,49,0,0,250,4.9567,35,1,0,200,250,[],0
2,3,52,0,0,61,4.3959,9,1,0,200,61,[],0
2,3,50,0,0,250,4.8919,32,1,0,200,250,[],0
2,3,49,0,0,259,5.1007,36,1,0,200,259,[],0
2,3,52,0,0,61,4.1363,9,1,0,200,61,[],0
2,3,50,0,0,248,4.992,35,1,0,200,248,[],0
2,3,49,0,0,227,5.0105,32,1,0,200,227,[],0
2,3,52,0,0,60,4.2155,10,1,0,200,60,[],0
2,3,50,0,0,232,4.9951,32,1,0,200,232,[],0
2,3,49,0,0,240,5.072,36,1,0,200,240,[],0
2,3,48,0,0,68,4.3542,13,1,0,200,68,[],0
2,3,52,0,0,59,4.3615,9,1,0,200,59,[],0
2,3,50,0,0,260,4.9819,36,1,0,200,260,[],0
2,3,49,0,0,268,5.003,39,1,0,200,268,[],0
2,3,52,0,0,57,4.2053,9,1,0,200,57,[],0
2,3,50,0,0,259,5.0183,35,1,0,200,259,[],0
2,3,49,0,0,243,4.9206,33,1,0,200,243,[],0
2,3,52,0,0,61,4.3828,9,1,0,200,61,[],0
2,3,50,0,0,249,5.0204,35,1,0,200,249,[],0
2,3,49,0,0,266,5.1022,42,1,0,200,266,[],0
2,3,52,0,0,63,4.4115,9,1,0,200,63,[],0
2,3,50,0,0,242,5.0432,37,1,0,200,242,[],0
2,3,49,0,0,280,5.007,41,1,0,200,280,[],0
2,3,52,0,0,57,4.1946,9,1,0,200,57,[],0
2,3,50,0,0,257,5.1598,38,1,0,200,257,[],0
2,3,49,0,0,258,5.1171,39,1,0,200,258,[],0
2,3,52,0,0,68,4.6002,10,1,0,200,68,[],0
2,3,50,0,0,253,5.1166,40,1,0,200,253,[],0
2,3,49,0,0,253,5.0377,36,1,0,200,253,[],0
2,3,52,0,0,63,4.1893,9,1,0,200,63,[],0
2,3,50,0,0,254,5.0737,37,1,0,200,254,[],0
2,3,49,0,0,230,5.107,33,1,0,200,230,[],0
2,3,52,0,0,54,4.1182,9,1,0,200,54,[],0
2,3,50,0,0,256,5.0602,34,1,0,200,256,[],0
2,3,49,0,0,251,5.1036,39,1,0,200,251,[],0
2,3,52,0,0,59,4.2491,9,1,0,200,59,[],0
2,3,50,0,0,264,5.0099,39,1,0,200,264,[],0
2,3,49,0,0,239,5.0988,35,1,0,200,239,[],0
2,3,52,0,0,55,4.1585,9,1,0,200,55,[],0
2,3,50,0,0,259,4.9752,37,1,0,200,259,[],0
2,3,49,0,0,248,5.1385,37,1,0,200,248,[],0
2,3,52,0,0,57,4.2691,9,1,0,200,57,[],0
2,3,50,0,0,253,5.0173,40,1,0,200,253,[],0
2,3,49,0,0,260,5.0,38,1,0,200,260,[],0
2,3,52,0,0,61,4.2708,9,1,0,200,61,[],0
2,3,47,0,0,37,4.0441,5,1,0,200,37,[],0
2,3,50,0,0,253,5.0194,34,1,0,200,253,[],0
2,3,49,0,0,266,4.9131,37,1,0,200,266,[],0
2,3,48,0,0,72,4.5281,13,1,0,200,72,[],0
2,3,52,0,0,68,4.6716,10,1,0,200,68,[],0
2,3,50,0,0,267,5.0511,38,1,0,200,267,[],0
2,3,49,0,0,262,5.0228,39,1,0,200,262,[],0
2,3,48,0,0,73,4.5405,15,1,0,200,73,[],0
2,3,52,0,0,58,4.2269,10,1,0,200,58,[],0
2,3,50,0,0,245,4.988,35,1,0,200,245,[],0
2,3,49,0,0,282,5.063,36,1,0,200,282,[],0
2,3,52,0,0,59,4.1515,9,1,0,200,59,[],0
2,3,50,0,0,243,5.0206,33,1,0,200,243,[],0
2,3,49,0,0,266,5.0042,38,1,0,200,266,[],0
2,3,52,0,0,61,4.4227,9,1,0,200,61,[],0
2,3,50,0,0,257,5.0283,38,1,0,200,257,[],0
2,3,49,0,0,255,5.0089,36,1,0,200,255,[],0
2,3,52,0,0,61,4.1721,9,1,0,200,61,[],0
2,3,50,0,0,247,5.043,37,1,0,200,247,[],0
2,3,49,0,0,242,5.1571,38,1,0,200,242,[],0
2,3,52,0,0,60,4.1311,9,1,0,200,60,[],0
2,3,50,0,0,254,5.0524,37,1,0,200,254,[],0
2,3,49,0,0,253,5.0834,38,1,0,200,253,[],0
2,3,52,0,0,63,4.1173,9,1,0,200,63,[],0
1,3,336,13,285,0,0.0,0,1,0,200,0,[],0
2,3,50,0,0,285,5.1139,49,1,0,200,285,[],0
2,3,49,0,0,239,4.9946,34,1,0,200,239,[],0
2,3,52,0,0,60,4.0921,9,1,0,200,60,[],0
1,3,285,13,234,0,0.0,0,1,0,200,0,[],0
2,3,50,0,0,234,5.0092,34,1,0,200,234,[],0
2,3,49,0,0,236,4.9563,34,1,0,200,236,[],0
2,3,52,0,0,61,4.0891,9,1,0,200,61,[],0
2,3,50,0,0,237,5.0517,35,1,0,200,237,[],0
2,3,49,0,0,263,5.1009,38,1,0,200,263,[],0
2,3,52,0,0,59,3.896,9,1,0,200,59,[],0
2,3,50,0,0,248,4.9261,33,1,0,200,248,[],0
1,3,296,13,246,0,0.0,0,1,0,200,0,[],0
2,3,49,0,0,246,5.0136,35,1,0,200,246,[],0
2,3,52,0,0,60,4.253,9,1,0,200,60,[],0
2,3,50,0,0,236,5.0632,33,1,0,200,236,[],0
2,3,49,0,0,252,5.1331,37,1,0,200,252,[],0
2,3,52,0,0,59,4.237,9,1,0,200,59,[],0
2,3,50,0,0,251,4.9712,33,1,0,200,251,[],0
2,3,49,0,0,232,4.9289,34,1,0,200,232,[],0
2,3,52,0,0,58,4.0882,9,1,0,200,58,[],0
2,3,50,0,0,245,5.0249,34,1,0,200,245,[],0
2,3,49,0,0,240,4.9196,32,1,0,200,240,[],0
2,3,52,0,0,58,4.319,9,1,0,200,58,[],0
2,3,50,0,0,263,4.9628,36,1,0,200,263,[],0
2,3,49,0,0,241,5.037,38,1,0,200,241,[],0
2,3,52,0,0,62,4.2117,9,1,0,200,62,[],0
2,3,50,0,0,252,5.0191,35,1,0,200,252,[],0
2,3,49,0,0,238,4.9381,34,1,0,200,238,[],0
2,3,52,0,0,61,4.425,10,1,0,200,61,[],0
2,3,50,0,0,253,5.0212,38,1,0,200,253,[],0
2,3,49,0,0,241,4.9983,33,1,0,200,241,[],0
2,3,52,0,0,63,4.4468,9,1,0,200,63,[],0
2,3,50,0,0,266,5.0467,40,1,0,200,266,[],0
2,3,49,0,0,253,4.9303,36,1,0,200,253,[],0
2,3,52,0,0,58,4.4531,10,1,0,200,58,[],0
2,3,50,0,0,236,4.9963,36,1,0,200,236,[],0
2,3,49,0,0,270,4.9929,40,1,0,200,270,[],0
2,3,52,0,0,63,4.4199,10,1,0,200,63,[],0
2,3,50,0,0,255,5.0182,35,1,0,200,255,[],0
2,3,49,0,0,252,5.0557,35,1,0,200,252,[],0
2,3,52,0,0,57,4.0189,9,1,0,200,57,[],0
2,3,50,0,0,238,4.9815,35,1,0,200,238,[],0
1,3,324,13,274,0,0.0,0,1,0,200,0,[],0
2,3,49,0,0,274,4.9979,40,1,0,200,274,[],0
2,3,52,0,0,59,4.3954,9,1,0,200,59,[],0
2,3,50,0,0,257,4.905,35,1,0,200,257,[],0
2,3,49,0,0,255,5.0053,36,1,0,200,255,[],0
2,3,52,0,0,57,4.2978,10,1,0,200,57,[],0
2,3,50,0,0,244,5.0366,39,1,0,200,244,[],0
2,3,49,0,0,246,4.8896,34,1,0,200,246,[],0
2,3,52,0,0,64,4.2699,10,1,0,200,64,[],0
2,3,50,0,0,245,4.9737,35,1,0,200,245,[],0
2,3,49,0,0,272,5.0815,39,1,0,200,272,[],0
2,3,52,0,0,60,4.0271,9,1,0,200,60,[],0
2,3,50,0,0,260,5.1063,37,1,0,200,260,[],0
2,3,49,0,0,257,5.1144,37,1,0,200,257,[],0
2,3,52,0,0,64,4.5336,9,1,0,200,64,[],0
2,3,50,0,0,259,5.0048,37,1,0,200,259,[],0
2,3,49,0,0,234,4.9386,34,1,0,200,234,[],0
2,3,52,0,0,63,4.382,10,1,0,200,63,[],0
1,3,280,13,229,0,0.0,0,1,0,200,0,[],0
2,3,50,0,0,229,5.0022,33,1,0,200,229,[],0
2,3,49,0,0,258,5.0817,41,1,0,200,258,[],0
2,3,52,0,0,62,4.2607,9,1,0,200,62,[],0
2,3,50,0,0,267,5.0917,40,1,0,200,267,[],0
2,3,49,0,0,249,5.0436,36,1,0,200,249,[],0
2,3,52,0,0,58,4.1702,9,1,0,200,58,[],0
2,3,50,0,0,248,4.9592,33,1,0,200,248,[],0
2,3,49,0,0,247,4.9686,33,1,0,200,247,[],0
2,3,52,0,0,62,4.323,9,1,0,200,62,[],0
2,3,50,0,0,236,4.9644,33,1,0,200,236,[],0
2,3,49,0,0,256,5.0072,37,1,0,200,256,[],0
2,3,52,0,0,60,4.1761,10,1,0,200,60,[],0
2,3,50,0,0,232,4.9608,31,1,0,200,232,[],0
2,3,49,0,0,255,4.9508,35,1,0,200,255,[],0
2,3,52,0,0,62,4.402,9,1,0,200,62,[],0
2,3,50,0,0,248,5.1442,42,1,0,200,248,[],0
2,3,49,0,0,250,4.8815,35,1,0,200,250,[],0
2,3,52,0,0,64,4.1953,10,1,0,200,64,[],0
2,3,50,0,0,247,5.0572,35,1,0,200,247,[],0
2,3,49,0,0,248,4.9845,36,1,0,200,248,[],0
2,3,48,0,0,68,4.2968,13,1,0,200,68,[],0
2,3,52,0,0,68,4.4363,10,1,0,200,68,[],0
2,3,50,0,0,252,4.9932,34,1,0,200,252,[],0
2,3,49,0,0,242,5.0098,36,1,0,200,242,[],0
2,3,52,0,0,63,4.3577,10,1,0,200,63,[],0
2,3,50,0,0,228,4.942,32,1,0,200,228,[],0
2,3,49,0,0,255,4.9751,36,1,0,200,255,[],0
2,3,52,0,0,58,4.052,9,1,0,200,58,[],0
2,3,50,0,0,259,5.0252,37,1,0,200,259,[],0
2,3,49,0,0,268,5.0895,39,1,0,200,268,[],0
2,3,52,0,0,61,4.1889,9,1,0,200,61,[],0
2,3,50,0,0,265,4.9096,34,1,0,200,265,[],0
2,3,49,0,0,252,4.9552,37,1,0,200,252,[],0
2,3,52,0,0,61,4.2095,9,1,0,200,61,[],0
2,3,50,0,0,249,5.0792,36,1,0,200,249,[],0
2,3,49,0,0,243,4.923,36,1,0,200,243,[],0
2,3,52,0,0,57,4.0783,9,1,0,200,57,[],0
2,3,50,0,0,242,5.0286,37,1,0,200,242,[],0
2,3,49,0,0,251,4.9591,36,1,0,200,251,[],0
2,3,52,0,0,57,4.234,9,1,0,200,57,[],0
2,3,50,0,0,238,4.9629,34,1,0,200,238,[],0
2,3,49,0,0,245,4.9112,33,1,0,200,245,[],0
2,3,52,0,0,61,4.0272,9,1,0,200,61,[],0
2,3,50,0,0,255,5.0577,39,1,0,200,255,[],0
2,3,49,0,0,256,5.0301,37,1,0,200,256,[],0
2,3,52,0,0,62,4.0929,9,1,0,200,62,[],0
2,3,50,0,0,237,4.9381,33,1,0,200,237,[],0
2,3,49,0,0,249,4.8441,33,1,0,200,249,[],0
2,3,52,0,0,63,4.2732,9,1,0,200,63,[],0
2,3,50,0,0,263,5.119,40,1,0,200,263,[],0
2,3,49,0,0,266,4.9227,37,1,0,200,266,[],0
2,3,52,0,0,59,4.2591,9,1,0,200,59,[],0
2,3,50,0,0,239,4.9686,33,1,0,200,239,[],0
2,3,49,0,0,235,4.9705,33,1,0,200,235,[],0
2,3,52,0,0,58,4.1815,9,1,0,200,58,[],0
2,3,50,0,0,266,4.9272,37,1,0,200,266,[],0
2,3,49,0,0,252,4.9777,33,1,0,200,252,[],0
2,3,52,0,0,60,4.1209,9,1,0,200,60,[],0
1,3,337,13,286,0,0.0,0,1,0,200,0,[],0
2,3,50,0,0,286,4.9817,42,1,0,200,286,[],0
2,3,49,0,0,269,4.9994,38,1,0,200,269,[],0
2,3,52,0,0,61,4.1416,9,1,0,200,61,[],0
2,3,50,0,0,246,4.985,33,1,0,200,246,[],0
2,3,49,0,0,257,5.1304,40,1,0,200,257,[],0
2,3,52,0,0,59,4.2743,9,1,0,200,59,[],0
2,3,50,0,0,242,4.9912,35,1,0,200,242,[],0
2,3,49,0,0,252,4.9838,36,1,0,200,252,[],0
2,3,52,0,0,60,4.2169,9,1,0,200,60,[],0
2,3,50,0,0,244,4.9076,35,1,0,200,244,[],0
2,3,49,0,0,243,4.9927,36,1,0,200,243,[],0
2,3,52,0,0,60,4.2311,9,1,0,200,60,[],0
2,3,50,0,0,247,5.0308,37,1,0,200,247,[],0
2,3,49,0,0,268,4.9859,38,1,0,200,268,[],0
2,3,52,0,0,59,4.2124,9,1,0,200,59,[],0
2,3,50,0,0,253,4.8606,34,1,0,200,253,[],0
2,3,49,0,0,245,5.0033,35,1,0,200,245,[],0
2,3,52,0,0,62,4.2451,9,1,0,200,62,[],0
2,3,50,0,0,245,5.0248,36,1,0,200,245,[],0
2,3,49,0,0,240,4.9809,36,1,0,200,240,[],0
2,3,48,0,0,68,4.3667,13,1,0,200,68,[],0
2,3,52,0,0,63,4.166,9,1,0,200,63,[],0
2,3,50,0,0,235,5.0365,34,1,0,200,235,[],0
2,3,49,0,0,251,5.0946,36,1,0,200,251,[],0
2,3,52,0,0,59,4.292,9,1,0,200,59,[],0
2,3,50,0,0,244,4.994,34,1,0,200,244,[],0
2,3,49,0,0,228,4.9808,34,1,0,200,228,[],0
2,3,52,0,0,61,4.2359,10,1,0,200,61,[],0
2,3,50,0,0,245,5.0325,37,1,0,200,245,[],0
2,3,49,0,0,238,5.0414,35,1,0,200,238,[],0
2,3,52,0,0,60,4.0941,9,1,0,200,60,[],0
2,3,50,0,0,228,4.9271,34,1,0,200,228,[],0
2,3,49,0,0,262,5.0788,39,1,0,200,262,[],0
2,3,52,0,0,57,4.2806,10,1,0,200,57,[],0
2,3,50,0,0,244,5.0762,36,1,0,200,244,[],0
2,3,49,0,0,266,5.013,38,1,0,200,266,[],0
2,3,52,0,0,63,4.4157,10,1,0,200,63,[],0
2,3,50,0,0,238,5.0668,35,1,0,200,238,[],0
2,3,49,0,0,238,4.9184,31,1,0,200,238,[],0
2,3,52,0,0,61,4.4163,10,1,0,200,61,[],0
2,3,50,0,0,262,5.0227,35,1,0,200,262,[],0
2,3,49,0,0,242,4.9601,36,1,0,200,242,[],0
2,3,52,0,0,57,4.1005,10,1,0,200,57,[],0
2,3,50,0,0,248,4.9953,35,1,0,200,248,[],0
2,3,49,0,0,246,5.0232,35,1,0,200,246,[],0
2,3,52,0,0,65,4.387,10,1,0,200,65,[],0
2,3,50,0,0,265,4.9716,38,1,0,200,265,[],0
2,3,49,0,0,243,4.9412,33,1,0,200,243,[],0
2,3,52,0,0,63,4.2201,10,1,0,200,63,[],0
2,3,50,0,0,248,5.1019,36,1,0,200,248,[],0
2,3,49,0,0,274,5.0426,40,1,0,200,274,[],0
2,3,52,0,0,61,4.3186,9,1,0,200,61,[],0
2,3,50,0,0,256,4.9663,35,1,0,200,256,[],0
2,3,49,0,0,255,5.0278,37,1,0,200,255,[],0
2,3,47,0,0,43,4.107,7,1,0,200,43,[],0
2,3,50,0,0,257,5.0668,37,1,0,200,257,[],0
2,3,49,0,0,248,5.0129,33,1,0,200,248,[],0
2,3,52,0,0,61,4.3377,9,1,0,200,61,[],0
2,3,50,0,0,235,5.0147,32,1,0,200,235,[],0
2,3,49,0,0,287,4.9727,37,1,0,200,287,[],0
2,3,52,0,0,57,4.0697,9,1,0,200,57,[],0
2,3,50,0,0,268,4.9649,36,1,0,200,268,[],0
2,3,49,0,0,272,5.0508,36,1,0,200,272,[],0
2,3,52,0,0,68,4.5294,10,1,0,200,68,[],0
2,3,50,0,0,259,4.9479,36,1,0,200,259,[],0
2,3,49,0,0,249,5.0786,36,1,0,200,249,[],0
2,3,52,0,0,58,4.1794,9,1,0,200,58,[],0
2,3,50,0,0,255,4.9858,35,1,0,200,255,[],0
2,3,49,0,0,269,4.9631,37,1,0,200,269,[],0
2,3,52,0,0,64,4.0888,9,1,0,200,64,[],0
2,3,50,0,0,230,5.0741,34,1,0,200,230,[],0
2,3,49,0,0,245,5.0106,34,1,0,200,245,[],0
2,3,52,0,0,63,4.4273,9,1,0,200,63,[],0
2,3,50,0,0,272,5.0964,42,1,0,200,272,[],0
2,3,49,0,0,286,5.0146,37,1,0,200,286,[],0
2,3,52,0,0,62,4.1978,9,1,0,200,62,[],0
1,3,342,13,291,0,0.0,0,1,0,200,0,[],0
2,3,50,0,0,291,5.0184,42,1,0,200,291,[],0
2,3,49,0,0,266,4.9897,35,1,0,200,266,[],0
2,3,52,0,0,60,4.2152,9,1,0,200,60,[],0
2,3,50,0,0,273,5.0423,40,1,0,200,273,[],0
2,3,49,0,0,253,5.0547,37,1,0,200,253,[],0
2,3,52,0,0,60,4.3873,10,1,0,200,60,[],0
2,3,50,0,0,248,4.878,34,1,0,200,248,[],0
2,3,49,0,0,280,5.1166,43,1,0,200,280,[],0
2,3,48,0,0,71,4.4848,13,1,0,200,71,[],0
2,3,52,0,0,62,4.2687,9,1,0,200,62,[],0
2,3,50,0,0,254,4.9371,40,1,0,200,254,[],0
2,3,49,0,0,257,5.0314,37,1,0,200,257,[],0
2,3,48,0,0,71,4.4727,13,1,0,200,71,[],0
2,3,52,0,0,60,4.236,9,1,0,200,60,[],0
2,3,50,0,0,244,4.9481,32,1,0,200,244,[],0
2,3,49,0,0,263,5.0751,40,1,0,200,263,[],0
2,3,52,0,0,62,4.4299,9,1,0,200,62,[],0
2,3,50,0,0,255,4.8886,35,1,0,200,255,[],0
2,3,49,0,0,262,4.9658,36,1,0,200,262,[],0
2,3,52,0,0,59,4.4504,9,1,0,200,59,[],0
2,3,50,0,0,241,4.8713,35,1,0,200,241,[],0
2,3,49,0,0,245,5.0569,35,1,0,200,245,[],0
2,3,52,0,0,60,4.2696,9,1,0,200,60,[],0
1,3,326,13,275,0,0.0,0,1,0,200,0,[],0
2,3,50,0,0,275,4.9905,38,1,0,200,275,[],0
2,3,49,0,0,238,4.9938,32,1,0,200,238,[],0
2,3,52,0,0,63,4.2627,9,1,0,200,63,[],0
2,3,50,0,0,265,5.0349,41,1,0,200,265,[],0
2,3,49,0,0,268,5.1565,39,1,0,200,268,[],0
2,3,52,0,0,67,4.4241,10,1,0,200,67,[],0
2,3,50,0,0,260,4.9322,36,1,0,200,260,[],0
2,3,49,0,0,273,5.0039,40,1,0,200,273,[],0
2,3,52,0,0,60,4.1271,9,1,0,200,60,[],0
2,3,50,0,0,249,4.9393,37,1,0,200,249,[],0
2,3,49,0,0,259,5.0018,33,1,0,200,259,[],0
2,3,52,0,0,64,4.3577,10,1,0,200,64,[],0
2,3,50,0,0,253,5.0925,38,1,0,200,253,[],0
2,3,49,0,0,252,4.9543,35,1,0,200,252,[],0
2,3,52,0,0,64,4.297,10,1,0,200,64,[],0
2,3,50,0,0,244,4.9657,34,1,0,200,244,[],0
2,3,49,0,0,240,4.9557,34,1,0,200,240,[],0
2,3,52,0,0,60,4.1689,10,1,0,200,60,[],0
2,3,50,0,0,260,5.0277,36,1,0,200,260,[],0
2,3,49,0,0,260,4.9983,37,1,0,200,260,[],0
2,3,52,0,0,61,4.1812,9,1,0,200,61,[],0
2,3,50,0,0,249,4.9943,36,1,0,200,249,[],0
2,3,49,0,0,237,4.9651,36,1,0,200,237,[],0
2,3,52,0,0,57,4.1972,9,1,0,200,57,[],0
2,3,50,0,0,256,5.1096,39,1,0,200,256,[],0
2,3,49,0,0,246,5.0385,33,1,0,200,246,[],0
2,3,52,0,0,60,4.0819,9,1,0,200,60,[],0
2,3,50,0,0,271,5.0069,39,1,0,200,271,[],0
2,3,49,0,0,254,4.9005,34,1,0,200,254,[],0
2,3,52,0,0,61,4.0286,9,1,0,200,61,[],0
2,3,50,0,0,259,5.039,36,1,0,200,259,[],0
2,3,49,0,0,235,5.0537,35,1,0,200,235,[],0
2,3,52,0,0,62,4.2337,9,1,0,200,62,[],0
1,3,347,13,296,0,0.0,0,1,0,200,0,[],0
2,3,50,0,0,296,5.0186,44,1,0,200,296,[],0
2,3,49,0,0,236,5.0747,36,1,0,200,236,[],0
2,3,52,0,0,62,4.2769,10,1,0,200,62,[],0
2,3,50,0,0,251,5.1016,37,1,0,200,251,[],0
2,3,49,0,0,230,5.0672,35,1,0,200,230,[],0
2,3,52,0,0,63,4.2558,9,1,0,200,63,[],0
2,3,50,0,0,251,5.0803,37,1,0,200,251,[],0
2,3,49,0,0,257,5.0406,39,1,0,200,257,[],0
2,3,52,0,0,64,4.363,9,1,0,200,64,[],0
2,3,50,0,0,271,5.0806,41,1,0,200,271,[],0
2,3,49,0,0,257,5.1077,38,1,0,200,257,[],0
2,3,52,0,0,59,4.3404,9,1,0,200,59,[],0
2,3,50,0,0,264,4.9819,38,1,0,200,264,[],0
2,3,49,0,0,257,5.119,38,1,0,200,257,[],0
2,3,52,0,0,61,4.3207,10,1,0,200,61,[],0
2,3,50,0,0,256,5.0314,36,1,0,200,256,[],0
2,3,49,0,0,247,5.1192,40,1,0,200,247,[],0
2,3,52,0,0,58,4.1297,9,1,0,200,58,[],0
2,3,50,0,0,244,5.0248,35,1,0,200,244,[],0
2,3,49,0,0,250,5.0254,35,1,0,200,250,[],0
2,3,50,0,0,256,4.9988,36,1,0,200,256,[],0
2,3,49,0,0,265,5.0126,38,1,0,200,265,[],0
2,3,52,0,0,69,4.2997,10,1,0,200,69,[],0
2,3,50,0,0,234,4.9698,33,1,0,200,234,[],0
2,3,49,0,0,273,5.0436,38,1,0,200,273,[],0
2,3,48,0,0,70,4.5942,13,1,0,200,70,[],0
2,3,52,0,0,56,4.1103,9,1,0,200,56,[],0
2,3,50,0,0,229,4.9587,32,1,0,200,229,[],0
2,3,49,0,0,255,4.9708,38,1,0,200,255,[],0
2,3,52,0,0,67,4.1621,9,1,0,200,67,[],0
2,3,50,0,0,234,5.0204,34,1,0,200,234,[],0
2,3,49,0,0,266,5.0705,39,1,0,200,266,[],0
2,3,52,0,0,64,4.1596,9,1,0,200,64,[],0
2,3,50,0,0,239,5.0124,34,1,0,200,239,[],0
2,3,49,0,0,254,5.0931,37,1,0,200,254,[],0
2,3,50,0,0,235,4.9509,33,1,0,200,235,[],0
1,3,276,13,226,0,0.0,0,1,0,200,0,[],0
2,3,49,0,0,226,5.011,32,1,0,200,226,[],0
2,3,48,0,0,70,4.5656,13,1,0,200,70,[],0
2,3,52,0,0,64,4.1389,9,1,0,200,64,[],0
2,3,50,0,0,242,4.9372,35,1,0,200,242,[],0
2,3,49,0,0,237,5.0752,34,1,0,200,237,[],0
2,3,52,0,0,62,4.142,9,1,0,200,62,[],0
2,3,50,0,0,266,4.9203,37,1,0,200,266,[],0
2,3,49,0,0,255,4.9928,36,1,0,200,255,[],0
2,3,52,0,0,58,3.9524,9,1,0,200,58,[],0
2,3,50,0,0,230,5.122,34,1,0,200,230,[],0
2,3,49,0,0,238,5.1117,36,1,0,200,238,[],0
2,3,52,0,0,62,4.2842,10,1,0,200,62,[],0
2,3,50,0,0,244,5.1063,38,1,0,200,244,[],0
2,3,49,0,0,273,5.0785,41,1,0,200,273,[],0
2,3,52,0,0,62,4.2156,9,1,0,200,62,[],0
2,3,50,0,0,268,5.0508,38,1,0,200,268,[],0
2,3,49,0,0,250,5.0359,36,1,0,200,250,[],0
2,3,52,0,0,58,4.1572,9,1,0,200,58,[],0
1,3,329,13,278,0,0.0,0,1,0,200,0,[],0
2,3,50,0,0,278,5.0428,40,1,0,200,278,[],0
2,3,49,0,0,244,5.1693,36,1,0,200,244,[],0
2,3,52,0,0,62,4.3345,10,1,0,200,62,[],0
2,3,50,0,0,257,5.0189,37,1,0,200,257,[],0
2,3,49,0,0,261,5.1287,40,1,0,200,261,[],0
2,3,52,0,0,61,4.1703,9,1,0,200,61,[],0
2,3,50,0,0,282,4.975,42,1,0,200,282,[],0
2,3,49,0,0,236,4.8775,31,1,0,200,236,[],0
2,3,52,0,0,66,4.3436,9,1,0,200,66,[],0
2,3,50,0,0,247,5.0706,35,1,0,200,247,[],0
2,3,49,0,0,238,4.9274,32,1,0,200,238,[],0
2,3,52,0,0,61,4.2219,9,1,0,200,61,[],0
2,3,50,0,0,268,4.9974,39,1,0,200,268,[],0
2,3,49,0,0,241,5.1046,34,1,0,200,241,[],0
2,3,52,0,0,60,4.0815,9,1,0,200,60,[],0
2,3,50,0,0,253,4.955,35,1,0,200,253,[],0
2,3,49,0,0,238,4.9573,33,1,0,200,238,[],0
2,3,52,0,0,69,4.6428,10,1,0,200,69,[],0
2,3,50,0,0,268,5.0382,40,1,0,200,268,[],0
2,3,49,0,0,242,4.9781,36,1,0,200,242,[],0
2,3,52,0,0,65,4.3171,10,1,0,200,65,[],0
1,3,331,13,280,0,0.0,0,1,0,200,0,[],0
2,3,50,0,0,280,4.9783,37,1,0,200,280,[],0
2,3,49,0,0,247,4.9823,35,1,0,200,247,[],0
2,3,52,0,0,61,4.2691,10,1,0,200,61,[],0
2,3,50,0,0,256,5.0933,41,1,0,200,256,[],0
2,3,49,0,0,250,5.099,38,1,0,200,250,[],0
2,3,52,0,0,60,4.2553,9,1,0,200,60,[],0
2,3,50,0,0,232,4.9699,33,1,0,200,232,[],0
2,3,49,0,0,241,5.015,35,1,0,200,241,[],0
2,3,52,0,0,59,4.3549,9,1,0,200,59,[],0
2,3,50,0,0,255,5.0593,35,1,0,200,255,[],0
2,3,49,0,0,273,5.0153,40,1,0,200,273,[],0
2,3,52,0,0,64,4.2849,10,1,0,200,64,[],0
2,3,50,0,0,231,4.9762,34,1,0,200,231,[],0
1,3,331,13,281,0,0.0,0,1,0,200,0,[],0
2,3,49,0,0,281,4.9517,39,1,0,200,281,[],0
2,3,52,0,0,63,4.3266,10,1,0,200,63,[],0
2,3,50,0,0,242,4.9514,35,1,0,200,242,[],0
2,3,49,0,0,250,4.9816,36,1,0,200,250,[],0
2,3,52,0,0,63,4.3862,9,1,0,200,63,[],0
2,3,50,0,0,231,5.0036,35,1,0,200,231,[],0
2,3,49,0,0,245,5.0891,36,1,0,200,245,[],0
2,3,50,0,0,259,4.9973,37,1,0,200,259,[],0
2,3,49,0,0,250,4.9904,36,1,0,200,250,[],0
2,3,52,0,0,67,4.3833,9,1,0,200,67,[],0
2,3,50,0,0,244,5.0228,35,1,0,200,244,[],0
2,3,49,0,0,248,4.9045,32,1,0,200,248,[],0
2,3,52,0,0,62,4.3595,10,1,0,200,62,[],0
2,3,50,0,0,249,5.0239,36,1,0,200,249,[],0
2,3,49,0,0,253,5.003,35,1,0,200,253,[],0
2,3,52,0,0,58,4.1777,9,1,0,200,58,[],0
2,3,50,0,0,260,5.0005,37,1,0,200,260,[],0
2,3,49,0,0,235,4.9437,31,1,0,200,235,[],0
2,3,52,0,0,59,4.2387,10,1,0,200,59,[],0
2,3,50,0,0,248,5.0815,38,1,0,200,248,[],0
2,3,49,0,0,261,5.1338,41,1,0,200,261,[],0
2,3,52,0,0,61,4.1801,9,1,0,200,61,[],0
2,3,50,0,0,236,5.0341,38,1,0,200,236,[],0
2,3,49,0,0,277,5.1505,40,1,0,200,277,[],0
2,3,52,0,0,57,4.1312,9,1,0,200,57,[],0
2,3,50,0,0,259,4.9848,37,1,0,200,259,[],0
2,3,49,0,0,266,4.9799,39,1,0,200,266,[],0
2,3,52,0,0,58,4.2009,9,1,0,200,58,[],0
2,3,50,0,0,245,4.9488,35,1,0,200,245,[],0
2,3,49,0,0,241,4.9428,33,1,0,200,241,[],0
2,3,52,0,0,58,4.0538,9,1,0,200,58,[],0
2,3,50,0,0,262,5.019,37,1,0,200,262,[],0
2,3,49,0,0,243,4.9635,36,1,0,200,243,[],0
2,3,52,0,0,60,4.1693,9,1,0,200,60,[],0
2,3,50,0,0,270,5.0625,39,1,0,200,270,[],0
2,3,49,0,0,247,4.9727,35,1,0,200,247,[],0
2,3,52,0,0,59,4.3446,11,1,0,200,59,[],0
2,3,50,0,0,266,5.1006,37,1,0,200,266,[],0
2,3,49,0,0,272,5.0837,43,1,0,200,272,[],0
2,3,52,0,0,60,4.3611,9,1,0,200,60,[],0
2,3,50,0,0,253,4.9893,35,1,0,200,253,[],0
2,3,49,0,0,232,4.9838,35,1,0,200,232,[],0
2,3,52,0,0,60,4.136,9,1,0,200,60,[],0
2,3,50,0,0,236,5.064,33,1,0,200,236,[],0
2,3,49,0,0,252,5.0212,35,1,0,200,252,[],0
2,3,48,0,0,75,4.5233,15,1,0,200,75,[],0
2,3,52,0,0,59,4.3743,9,1,0,200,59,[],0
2,3,50,0,0,263,5.0298,40,1,0,200,263,[],0
2,3,49,0,0,259,4.9785,35,1,0,200,259,[],0
2,3,52,0,0,63,4.0993,9,1,0,200,63,[],0
2,3,50,0,0,290,5.0967,41,1,0,200,290,[],0
2,3,49,0,0,261,5.1081,39,1,0,200,261,[],0
2,3,52,0,0,62,4.2318,9,1,0,200,62,[],0
2,3,50,0,0,249,5.0658,35,1,0,200,249,[],0
2,3,49,0,0,236,4.9428,33,1,0,200,236,[],0
2,3,52,0,0,64,4.1702,9,1,0,200,64,[],0
2,3,50,0,0,256,5.0122,38,1,0,200,256,[],0
2,3,49,0,0,251,5.0435,37,1,0,200,251,[],0
2,3,52,0,0,61,4.2831,9,1,0,200,61,[],0
2,3,50,0,0,243,5.0799,36,1,0,200,243,[],0
2,3,49,0,0,248,5.0233,34,1,0,200,248,[],0
2,3,52,0,0,64,4.4102,10,1,0,200,64,[],0
2,3,50,0,0,250,4.9913,36,1,0,200,250,[],0
2,3,49,0,0,279,5.0682,39,1,0,200,279,[],0
2,3,52,0,0,67,4.4984,9,1,0,200,67,[],0
2,3,50,0,0,248,4.9971,35,1,0,200,248,[],0
2,3,49,0,0,253,4.9647,36,1,0,200,253,[],0
2,3,52,0,0,62,4.478,10,1,0,200,62,[],0
2,3,50,0,0,268,5.0515,43,1,0,200,268,[],0
2,3,49,0,0,248,4.9565,35,1,0,200,248,[],0
2,3,52,0,0,62,4.3993,9,1,0,200,62,[],0
2,3,50,0,0,277,5.1574,41,1,0,200,277,[],0
2,3,49,0,0,252,4.9501,34,1,0,200,252,[],0
2,3,52,0,0,62,4.3882,9,1,0,200,62,[],0
2,3,50,0,0,248,5.007,36,1,0,200,248,[],0
2,3,49,0,0,275,5.0829,41,1,0,200,275,[],0
2,3,52,0,0,56,4.2269,9,1,0,200,56,[],0
2,3,50,0,0,252,5.0092,35,1,0,200,252,[],0
2,3,49,0,0,265,5.1029,36,1,0,200,265,[],0
2,3,52,0,0,58,4.3624,9,1,0,200,58,[],0
2,3,50,0,0,257,5.0273,39,1,0,200,257,[],0
2,3,49,0,0,240,5.1879,37,1,0,200,240,[],0
2,3,52,0,0,62,4.3325,10,1,0,200,62,[],0
2,3,50,0,0,243,5.1396,36,1,0,200,243,[],0
2,3,49,0,0,258,4.9938,36,1,0,200,258,[],0
2,3,52,0,0,58,4.3371,10,1,0,200,58,[],0
2,3,50,0,0,246,5.0849,35,1,0,200,246,[],0
2,3,49,0,0,251,5.0296,37,1,0,200,251,[],0
2,3,52,0,0,56,4.2164,9,1,0,200,56,[],0
2,3,50,0,0,275,4.8824,37,1,0,200,275,[],0
2,3,49,0,0,246,4.9472,34,1,0,200,246,[],0
2,3,52,0,0,57,4.2429,9,1,0,200,57,[],0
2,3,50,0,0,258,4.8779,34,1,0,200,258,[],0
2,3,49,0,0,249,4.9399,35,1,0,200,249,[],0
2,3,52,0,0,63,4.1691,9,1,0,200,63,[],0
2,3,50,0,0,275,5.0134,37,1,0,200,275,[],0
2,3,49,0,0,255,4.9157,33,1,0,200,255,[],0
2,3,52,0,0,64,4.4692,10,1,0,200,64,[],0
2,3,50,0,0,240,5.042,33,1,0,200,240,[],0
2,3,49,0,0,255,5.0034,37,1,0,200,255,[],0
2,3,52,0,0,61,4.2744,9,1,0,200,61,[],0
2,3,50,0,0,247,4.976,36,1,0,200,247,[],0
2,3,49,0,0,275,5.0203,42,1,0,200,275,[],0
2,3,52,0,0,64,4.1804,9,1,0,200,64,[],0
2,3,50,0,0,275,4.8819,32,1,0,200,275,[],0
2,3,49,0,0,258,5.0849,36,1,0,200,258,[],0
2,3,50,0,0,267,4.9322,38,1,0,200,267,[],0
2,3,49,0,0,270,4.9659,40,1,0,200,270,[],0
2,3,52,0,0,62,4.3875,9,1,0,200,62,[],0
2,3,50,0,0,255,5.0147,37,1,0,200,255,[],0
2,3,49,0,0,240,5.0348,36,1,0,200,240,[],0
2,3,52,0,0,58,4.0752,9,1,0,200,58,[],0
2,3,50,0,0,248,4.9172,34,1,0,200,248,[],0
2,3,49,0,0,250,4.8844,35,1,0,200,250,[],0
2,3,52,0,0,58,4.1589,10,1,0,200,58,[],0
2,3,50,0,0,248,5.0999,32,1,0,200,248,[],0
2,3,49,0,0,278,5.0015,37,1,0,200,278,[],0
2,3,52,0,0,58,4.3099,9,1,0,200,58,[],0
2,3,50,0,0,247,5.1998,37,1,0,200,247,[],0
2,3,49,0,0,237,4.9963,34,1,0,200,237,[],0
2,3,50,0,0,246,5.1233,37,1,0,200,246,[],0
2,3,49,0,0,231,4.9783,35,1,0,200,231,[],0
2,3,52,0,0,65,4.1663,9,1,0,200,65,[],0
2,3,50,0,0,254,4.9154,34,1,0,200,254,[],0
2,3,49,0,0,248,4.8826,33,1,0,200,248,[],0
2,3,52,0,0,60,3.9635,9,1,0,200,60,[],0
2,3,47,0,0,38,4.0079,5,1,0,200,38,[],0
2,3,50,0,0,253,5.0227,37,1,0,200,253,[],0
2,3,49,0,0,254,5.1076,38,1,0,200,254,[],0
2,3,48,0,0,75,4.5132,15,1,0,200,75,[],0
2,3,52,0,0,62,4.0024,9,1,0,200,62,[],0
2,3,50,0,0,252,4.9421,32,1,0,200,252,[],0
2,3,49,0,0,261,5.0318,40,1,0,200,261,[],0
2,3,50,0,0,273,5.0243,37,1,0,200,273,[],0
2,3,49,0,0,241,4.8747,34,1,0,200,241,[],0
2,3,50,0,0,247,5.0379,34,1,0,200,247,[],0
2,3,49,0,0,261,5.1542,41,1,0,200,261,[],0
2,3,52,0,0,60,4.3488,9,1,0,200,60,[],0
2,3,50,0,0,260,5.0128,37,1,0,200,260,[],0
2,3,49,0,0,234,4.9235,33,1,0,200,234,[],0
2,3,52,0,0,61,4.3384,9,1,0,200,61,[],0
2,3,50,0,0,243,4.9137,34,1,0,200,243,[],0
2,3,49,0,0,231,4.9473,32,1,0,200,231,[],0
2,3,48,0,0,67,4.3681,13,1,0,200,67,[],0
2,3,52,0,0,58,4.134,9,1,0,200,58,[],0
2,3,50,0,0,263,5.0507,39,1,0,200,263,[],0
2,3,49,0,0,256,5.0235,38,1,0,200,256,[],0
2,3,52,0,0,65,4.1898,10,1,0,200,65,[],0
2,3,50,0,0,274,5.0136,40,1,0,200,274,[],0
2,3,49,0,0,262,4.9444,37,1,0,200,262,[],0
2,3,52,0,0,60,4.1717,9,1,0,200,60,[],0
2,3,50,0,0,256,4.9541,36,1,0,200,256,[],0
2,3,49,0,0,248,4.9759,37,1,0,200,248,[],0
2,3,52,0,0,59,4.338,10,1,0,200,59,[],0
2,3,50,0,0,261,4.9573,36,1,0,200,261,[],0
2,3,49,0,0,256,5.0295,35,1,0,200,256,[],0
2,3,52,0,0,60,4.2237,9,1,0,200,60,[],0
2,3,50,0,0,268,4.9803,37,1,0,200,268,[],0
2,3,49,0,0,255,5.012,36,1,0,200,255,[],0
2,3,52,0,0,57,4.3418,9,1,0,200,57,[],0
2,3,50,0,0,235,5.0117,33,1,0,200,235,[],0
2,3,49,0,0,240,4.9315,35,1,0,200,240,[],0
2,3,52,0,0,67,4.6762,10,1,0,200,67,[],0
2,3,50,0,0,237,4.9179,30,1,0,200,237,[],0
2,3,49,0,0,256,5.0219,37,1,0,200,256,[],0
2,3,52,0,0,59,4.209,9,1,0,200,59,[],0
2,3,50,0,0,244,5.0079,34,1,0,200,244,[],0
2,3,49,0,0,238,5.0616,36,1,0,200,238,[],0
2,3,52,0,0,58,4.0238,9,1,0,200,58,[],0
2,3,50,0,0,259,4.9855,38,1,0,200,259,[],0
2,3,49,0,0,246,4.979,38,1,0,200,246,[],0
2,3,52,0,0,63,4.1517,9,1,0,200,63,[],0
2,3,50,0,0,256,5.0782,37,1,0,200,256,[],0
2,3,49,0,0,236,5.0335,36,1,0,200,236,[],0
2,3,52,0,0,60,3.9791,9,1,0,200,60,[],0
2,3,50,0,0,268,5.051,39,1,0,200,268,[],0
2,3,49,0,0,279,5.0655,41,1,0,200,279,[],0
2,3,52,0,0,60,4.4138,10,1,0,200,60,[],0
2,3,50,0,0,249,4.9584,35,1,0,200,249,[],0
2,3,49,0,0,252,4.9557,36,1,0,200,252,[],0
2,3,52,0,0,66,4.4913,9,1,0,200,66,[],0
2,3,50,0,0,266,4.9835,37,1,0,200,266,[],0
2,3,49,0,0,267,5.0735,39,1,0,200,267,[],0
2,3,52,0,0,64,4.2154,9,1,0,200,64,[],0
2,3,50,0,0,251,4.9513,34,1,0,200,251,[],0
2,3,49,0,0,260,5.0138,39,1,0,200,260,[],0
2,3,52,0,0,64,4.451,9,1,0,200,64,[],0
2,3,50,0,0,243,5.0479,35,1,0,200,243,[],0
2,3,49,0,0,248,4.9834,35,1,0,200,248,[],0
2,3,52,0,0,59,4.0803,9,1,0,200,59,[],0
2,3,50,0,0,247,4.9527,35,1,0,200,247,[],0
2,3,49,0,0,271,5.0696,41,1,0,200,271,[],0
2,3,52,0,0,61,4.4966,11,1,0,200,61,[],0
2,3,50,0,0,254,5.0963,35,1,0,200,254,[],0
2,3,49,0,0,247,4.9458,33,1,0,200,247,[],0
2,3,52,0,0,60,4.3206,10,1,0,200,60,[],0
2,3,50,0,0,253,5.0539,40,1,0,200,253,[],0
2,3,49,0,0,262,5.0244,38,1,0,200,262,[],0
2,3,52,0,0,58,4.2539,9,1,0,200,58,[],0
2,3,50,0,0,238,4.9793,36,1,0,200,238,[],0
2,3,49,0,0,260,5.0539,35,1,0,200,260,[],0
2,3,52,0,0,60,4.2136,9,1,0,200,60,[],0
2,3,50,0,0,268,5.0592,42,1,0,200,268,[],0
2,3,49,0,0,244,4.9228,34,1,0,200,244,[],0
2,3,52,0,0,61,4.4487,9,1,0,200,61,[],0
2,3,50,0,0,234,4.8952,31,1,0,200,234,[],0
2,3,49,0,0,270,4.9916,36,1,0,200,270,[],0
2,3,52,0,0,69,4.3925,9,1,0,200,69,[],0
2,3,50,0,0,238,4.9359,33,1,0,200,238,[],0
2,3,49,0,0,243,4.9866,35,1,0,200,243,[],0
2,3,52,0,0,61,4.1146,9,1,0,200,61,[],0
2,3,50,0,0,259,5.0587,40,1,0,200,259,[],0
2,3,49,0,0,261,5.0859,38,1,0,200,261,[],0
2,3,52,0,0,60,4.4822,9,1,0,200,60,[],0
2,3,50,0,0,267,4.9848,40,1,0,200,267,[],0
2,3,49,0,0,236,4.9943,32,1,0,200,236,[],0
2,3,52,0,0,65,4.1584,9,1,0,200,65,[],0
2,3,50,0,0,242,4.9606,33,1,0,200,242,[],0
2,3,49,0,0,244,4.985,34,1,0,200,244,[],0
2,3,52,0,0,58,4.3004,10,1,0,200,58,[],0
2,3,50,0,0,241,4.9978,35,1,0,200,241,[],0
2,3,49,0,0,254,4.9416,38,1,0,200,254,[],0
2,3,52,0,0,59,4.5499,9,1,0,200,59,[],0
2,3,50,0,0,238,4.9589,34,1,0,200,238,[],0
2,3,49,0,0,253,4.9792,36,1,0,200,253,[],0
2,3,52,0,0,61,4.0848,9,1,0,200,61,[],0
2,3,50,0,0,229,5.0246,34,1,0,200,229,[],0
2,3,49,0,0,267,5.1609,40,1,0,200,267,[],0
2,3,52,0,0,69,4.489,10,1,0,200,69,[],0
2,3,50,0,0,274,4.9875,42,1,0,200,274,[],0
2,3,49,0,0,260,4.9799,38,1,0,200,260,[],0
2,3,52,0,0,56,4.138,9,1,0,200,56,[],0
2,3,50,0,0,270,5.0393,39,1,0,200,270,[],0
2,3,49,0,0,263,5.04,38,1,0,200,263,[],0
2,3,52,0,0,65,4.1955,9,1,0,200,65,[],0
2,3,50,0,0,254,5.125,37,1,0,200,254,[],0
2,3,49,0,0,256,4.9385,34,1,0,200,256,[],0
2,3,52,0,0,62,4.1939,9,1,0,200,62,[],0
2,3,50,0,0,237,4.9701,34,1,0,200,237,[],0
2,3,49,0,0,259,5.0835,37,1,0,200,259,[],0
2,3,52,0,0,59,4.3107,10,1,0,200,59,[],0
2,3,50,0,0,256,5.0507,38,1,0,200,256,[],0
2,3,49,0,0,252,5.0285,37,1,0,200,252,[],0
2,3,52,0,0,61,4.1433,9,1,0,200,61,[],0
2,3,50,0,0,249,4.9927,36,1,0,200,249,[],0
2,3,49,0,0,251,5.029,39,1,0,200,251,[],0
2,3,52,0,0,58,4.2097,9,1,0,200,58,[],0
2,3,50,0,0,253,5.0065,36,1,0,200,253,[],0
2,3,49,0,0,248,5.0211,34,1,0,200,248,[],0
2,3,52,0,0,59,4.1751,9,1,0,200,59,[],0
2,3,50,0,0,252,5.027,36,1,0,200,252,[],0
2,3,49,0,0,268,5.0036,41,1,0,200,268,[],0
2,3,52,0,0,64,4.2578,9,1,0,200,64,[],0
2,3,50,0,0,274,5.0342,37,1,0,200,274,[],0
2,3,49,0,0,262,4.99,40,1,0,200,262,[],0
2,3,52,0,0,58,4.3841,9,1,0,200,58,[],0
2,3,50,0,0,265,5.0281,40,1,0,200,265,[],0
2,3,49,0,0,264,4.9939,39,1,0,200,264,[],0
2,3,52,0,0,66,4.4514,10,1,0,200,66,[],0
2,3,50,0,0,234,5.0237,34,1,0,200,234,[],0
2,3,49,0,0,263,5.0271,38,1,0,200,263,[],0
2,3,52,0,0,61,4.2299,9,1,0,200,61,[],0
2,3,50,0,0,244,5.0276,37,1,0,200,244,[],0
2,3,49,0,0,246,4.9424,36,1,0,200,246,[],0
2,3,52,0,0,59,4.219,9,1,0,200,59,[],0
2,3,50,0,0,258,4.9982,36,1,0,200,258,[],0
2,3,49,0,0,291,4.9769,41,1,0,200,291,[],0
2,3,52,0,0,59,4.1678,9,1,0,200,59,[],0
2,3,50,0,0,261,5.058,40,1,0,200,261,[],0
2,3,49,0,0,240,4.9574,33,1,0,200,240,[],0
2,3,52,0,0,66,4.3711,10,1,0,200,66,[],0
2,3,50,0,0,241,5.0326,35,1,0,200,241,[],0
2,3,49,0,0,261,5.1357,37,1,0,200,261,[],0
2,3,52,0,0,59,4.2107,9,1,0,200,59,[],0
2,3,50,0,0,254,5.0217,36,1,0,200,254,[],0
2,3,49,0,0,250,4.9112,34,1,0,200,250,[],0
2,3,52,0,0,61,4.2423,10,1,0,200,61,[],0
2,3,50,0,0,257,5.0393,35,1,0,200,257,[],0
2,3,49,0,0,260,5.0164,36,1,0,200,260,[],0
2,3,52,0,0,62,4.0649,9,1,0,200,62,[],0
2,3,50,0,0,250,4.9275,34,1,0,200,250,[],0
2,3,49,0,0,253,5.0118,38,1,0,200,253,[],0
2,3,52,0,0,58,4.2669,9,1,0,200,58,[],0
2,3,50,0,0,250,4.9515,37,1,0,200,250,[],0
2,3,49,0,0,277,5.0147,40,1,0,200,277,[],0
2,3,52,0,0,63,4.243,10,1,0,200,63,[],0
2,3,50,0,0,261,5.0843,42,1,0,200,261,[],0
2,3,49,0,0,249,4.9918,36,1,0,200,249,[],0
2,3,52,0,0,61,4.298,10,1,0,200,61,[],0
2,3,50,0,0,233,4.9884,32,1,0,200,233,[],0
2,3,49,0,0,252,5.0243,37,1,0,200,252,[],0
2,3,52,0,0,55,4.1752,9,1,0,200,55,[],0
2,3,50,0,0,267,4.9776,36,1,0,200,267,[],0
2,3,49,0,0,256,5.0205,38,1,0,200,256,[],0
2,3,52,0,0,62,4.0331,10,1,0,200,62,[],0
2,3,50,0,0,256,4.9013,35,1,0,200,256,[],0
2,3,49,0,0,254,4.9792,34,1,0,200,254,[],0
2,3,52,0,0,58,4.3409,9,1,0,200,58,[],0
2,3,50,0,0,242,5.1035,38,1,0,200,242,[],0
2,3,49,0,0,264,5.0437,36,1,0,200,264,[],0
2,3,52,0,0,68,4.2911,9,1,0,200,68,[],0
2,3,50,0,0,257,4.9822,35,1,0,200,257,[],0
2,3,49,0,0,238,5.0261,32,1,0,200,238,[],0
2,3,52,0,0,61,4.248,9,1,0,200,61,[],0
2,3,50,0,0,253,4.8593,33,1,0,200,253,[],0
2,3,49,0,0,233,4.9818,33,1,0,200,233,[],0
2,3,52,0,0,62,4.1792,9,1,0,200,62,[],0
2,3,50,0,0,243,4.9668,36,1,0,200,243,[],0
2,3,49,0,0,250,4.9718,35,1,0,200,250,[],0
2,3,52,0,0,62,4.3526,9,1,0,200,62,[],0
2,3,50,0,0,246,5.1126,38,1,0,200,246,[],0
2,3,49,0,0,240,4.986,32,1,0,200,240,[],0
2,3,52,0,0,59,4.1557,9,1,0,200,59,[],0
2,3,50,0,0,255,5.1103,38,1,0,200,255,[],0
2,3,49,0,0,259,5.0898,38,1,0,200,259,[],0
2,3,52,0,0,58,4.2349,10,1,0,200,58,[],0
2,3,50,0,0,259,4.9713,37,1,0,200,259,[],0
2,3,49,0,0,255,5.0222,38,1,0,200,255,[],0
2,3,52,0,0,67,4.5758,10,1,0,200,67,[],0
2,3,50,0,0,285,4.9427,40,1,0,200,285,[],0
2,3,49,0,0,239,4.973,32,1,0,200,239,[],0
2,3,52,0,0,63,4.4694,10,1,0,200,63,[],0
2,3,50,0,0,252,4.987,34,1,0,200,252,[],0
2,3,49,0,0,241,4.9839,36,1,0,200,241,[],0
2,3,52,0,0,66,4.5355,9,1,0,200,66,[],0
2,3,50,0,0,250,5.0712,35,1,0,200,250,[],0
2,3,49,0,0,246,4.9253,33,1,0,200,246,[],0
2,3,48,0,0,66,4.3436,13,1,0,200,66,[],0
2,3,52,0,0,61,4.2911,9,1,0,200,61,[],0
2,3,50,0,0,257,5.0591,39,1,0,200,257,[],0
2,3,49,0,0,246,4.9268,34,1,0,200,246,[],0
2,3,52,0,0,65,4.1082,10,1,0,200,65,[],0
2,3,50,0,0,257,5.0202,34,1,0,200,257,[],0
2,3,49,0,0,222,4.9881,33,1,0,200,222,[],0
2,3,52,0,0,65,4.3126,9,1,0,200,65,[],0
2,3,50,0,0,249,5.0009,35,1,0,200,249,[],0
2,3,49,0,0,256,4.9194,35,1,0,200,256,[],0
2,3,52,0,0,63,4.3467,10,1,0,200,63,[],0
2,3,50,0,0,241,5.0342,36,1,0,200,241,[],0
2,3,49,0,0,266,4.9915,36,1,0,200,266,[],0
2,3,52,0,0,64,4.3732,9,1,0,200,64,[],0
2,3,50,0,0,285,4.9172,39,1,0,200,285,[],0
2,3,49,0,0,261,4.9613,38,1,0,200,261,[],0
2,3,52,0,0,62,4.3415,9,1,0,200,62,[],0
2,3,50,0,0,242,5.0941,36,1,0,200,242,[],0
2,3,49,0,0,254,5.0391,37,1,0,200,254,[],0
2,3,52,0,0,59,4.4615,9,1,0,200,59,[],0
2,3,50,0,0,248,5.0706,35,1,0,200,248,[],0
2,3,49,0,0,231,4.9014,31,1,0,200,231,[],0
2,3,52,0,0,68,4.4036,10,1,0,200,68,[],0
2,3,50,0,0,238,5.1021,36,1,0,200,238,[],0
2,3,49,0,0,238,5.0021,36,1,0,200,238,[],0
2,3,52,0,0,66,4.4218,10,1,0,200,66,[],0
2,3,50,0,0,280,4.9394,40,1,0,200,280,[],0
2,3,49,0,0,276,5.0834,40,1,0,200,276,[],0
2,3,52,0,0,60,4.1132,9,1,0,200,60,[],0
2,3,50,0,0,264,5.1115,40,1,0,200,264,[],0
2,3,49,0,0,229,4.9289,33,1,0,200,229,[],0
2,3,52,0,0,64,4.3382,9,1,0,200,64,[],0
2,3,50,0,0,238,4.8429,33,1,0,200,238,[],0
2,3,49,0,0,264,4.9996,34,1,0,200,264,[],0
2,3,52,0,0,62,4.3065,9,1,0,200,62,[],0
2,3,50,0,0,266,5.0593,41,1,0,200,266,[],0
2,3,49,0,0,260,4.9761,38,1,0,200,260,[],0
2,3,52,0,0,59,4.2636,10,1,0,200,59,[],0
2,3,50,0,0,241,4.8414,33,1,0,200,241,[],0
2,3,49,0,0,270,5.0499,40,1,0,200,270,[],0
1,3,105,5,52,0,0.0,0,1,0,200,0,[],0
2,3,52,0,0,52,4.0393,9,1,0,200,52,[],0
2,3,50,0,0,234,4.9301,31,1,0,200,234,[],0
2,3,49,0,0,237,5.0018,31,1,0,200,237,[],0
2,3,52,0,0,62,4.2404,9,1,0,200,62,[],0
1,3,278,13,227,0,0.0,0,1,0,200,0,[],0
2,3,50,0,0,227,4.9907,34,1,0,200,227,[],0
2,3,49,0,0,248,5.0127,35,1,0,200,248,[],0
2,3,52,0,0,59,4.2657,10,1,0,200,59,[],0
2,3,50,0,0,254,4.993,38,1,0,200,254,[],0
2,3,49,0,0,248,5.1283,38,1,0,200,248,[],0
2,3,52,0,0,59,4.3463,9,1,0,200,59,[],0
2,3,50,0,0,257,4.9615,35,1,0,200,257,[],0
2,3,49,0,0,252,4.8783,38,1,0,200,252,[],0
2,3,52,0,0,62,4.275,9,1,0,200,62,[],0
2,3,50,0,0,248,5.0388,36,1,0,200,248,[],0
2,3,49,0,0,245,4.9937,34,1,0,200,245,[],0
2,3,52,0,0,63,4.2337,9,1,0,200,63,[],0
2,3,50,0,0,253,5.023,37,1,0,200,253,[],0
2,3,49,0,0,291,5.0589,41,1,0,200,291,[],0
2,3,52,0,0,63,4.3003,9,1,0,200,63,[],0
2,3,50,0,0,273,4.991,36,1,0,200,273,[],0
2,3,49,0,0,241,5.0421,37,1,0,200,241,[],0
2,3,52,0,0,63,4.2589,9,1,0,200,63,[],0
2,3,50,0,0,253,5.0588,38,1,0,200,253,[],0
2,3,49,0,0,246,5.0543,34,1,0,200,246,[],0
2,3,52,0,0,62,4.1966,9,1,0,200,62,[],0
2,3,50,0,0,261,5.0021,37,1,0,200,261,[],0
2,3,49,0,0,259,5.0582,35,1,0,200,259,[],0
2,3,52,0,0,66,4.4097,10,1,0,200,66,[],0
2,3,50,0,0,264,5.0616,39,1,0,200,264,[],0
2,3,49,0,0,267,5.0995,39,1,0,200,267,[],0
2,3,52,0,0,63,4.3341,10,1,0,200,63,[],0
2,3,50,0,0,261,5.0085,34,1,0,200,261,[],0
2,3,49,0,0,261,4.9685,37,1,0,200,261,[],0
2,3,52,0,0,59,4.4058,9,1,0,200,59,[],0
2,3,50,0,0,261,5.0075,34,1,0,200,261,[],0
2,3,49,0,0,246,4.9603,32,1,0,200,246,[],0
2,3,52,0,0,63,4.3782,9,1,0,200,63,[],0
2,3,50,0,0,272,5.07,40,1,0,200,272,[],0
2,3,49,0,0,248,5.0012,37,1,0,200,248,[],0
2,3,52,0,0,57,4.0389,9,1,0,200,57,[],0
2,3,50,0,0,236,4.9761,35,1,0,200,236,[],0
2,3,49,0,0,232,4.9668,33,1,0,200,232,[],0
2,3,52,0,0,67,4.27,9,1,0,200,67,[],0
2,3,50,0,0,245,5.0617,33,1,0,200,245,[],0
2,3,49,0,0,248,4.9374,34,1,0,200,248,[],0
2,3,52,0,0,60,4.3295,9,1,0,200,60,[],0
2,3,50,0,0,247,4.9833,36,1,0,200,247,[],0
2,3,49,0,0,269,5.0226,38,1,0,200,269,[],0
2,3,52,0,0,58,4.5023,10,1,0,200,58,[],0
2,3,50,0,0,248,4.9929,34,1,0,200,248,[],0
2,3,49,0,0,254,4.9935,38,1,0,200,254,[],0
2,3,48,0,0,73,4.5027,15,1,0,200,73,[],0
2,3,52,0,0,63,4.4157,9,1,0,200,63,[],0
2,3,50,0,0,258,4.9977,36,1,0,200,258,[],0
2,3,49,0,0,239,5.0045,34,1,0,200,239,[],0
2,3,52,0,0,60,4.0567,9,1,0,200,60,[],0
2,3,50,0,0,247,4.9861,34,1,0,200,247,[],0
2,3,49,0,0,287,5.047,40,1,0,200,287,[],0
2,3,52,0,0,57,4.1266,9,1,0,200,57,[],0
2,3,50,0,0,272,4.9991,36,1,0,200,272,[],0
2,3,49,0,0,247,4.9583,34,1,0,200,247,[],0
2,3,52,0,0,65,4.3356,10,1,0,200,65,[],0
2,3,50,0,0,259,5.0926,35,1,0,200,259,[],0
2,3,49,0,0,242,4.9893,38,1,0,200,242,[],0
2,3,52,0,0,56,4.1807,9,1,0,200,56,[],0
2,3,50,0,0,237,4.9662,35,1,0,200,237,[],0
2,3,49,0,0,260,5.086,42,1,0,200,260,[],0
2,3,52,0,0,60,4.0938,9,1,0,200,60,[],0
2,3,50,0,0,261,5.1529,38,1,0,200,261,[],0
2,3,49,0,0,259,5.0003,36,1,0,200,259,[],0
2,3,52,0,0,58,4.1294,9,1,0,200,58,[],0
2,3,50,0,0,268,5.025,38,1,0,200,268,[],0
2,3,49,0,0,243,4.9859,34,1,0,200,243,[],0
2,3,52,0,0,58,4.2262,9,1,0,200,58,[],0
2,3,50,0,0,234,4.9321,33,1,0,200,234,[],0
2,3,49,0,0,241,4.9827,33,1,0,200,241,[],0
2,3,52,0,0,60,4.3754,9,1,0,200,60,[],0
2,3,50,0,0,256,4.9649,37,1,0,200,256,[],0
2,3,49,0,0,244,4.9705,35,1,0,200,244,[],0
2,3,52,0,0,60,4.3237,9,1,0,200,60,[],0
2,3,50,0,0,255,4.9847,35,1,0,200,255,[],0
2,3,49,0,0,260,4.9437,36,1,0,200,260,[],0
2,3,52,0,0,62,4.3934,9,1,0,200,62,[],0
2,3,50,0,0,264,4.9817,37,1,0,200,264,[],0
2,3,49,0,0,259,4.9797,36,1,0,200,259,[],0
2,3,52,0,0,61,4.3939,9,1,0,200,61,[],0
2,3,50,0,0,236,4.9759,32,1,0,200,236,[],0
2,3,49,0,0,244,5.0406,35,1,0,200,244,[],0
2,3,52,0,0,60,4.0465,9,1,0,200,60,[],0
2,3,50,0,0,272,4.9308,40,1,0,200,272,[],0
2,3,49,0,0,265,4.9481,36,1,0,200,265,[],0
2,3,52,0,0,65,4.3877,10,1,0,200,65,[],0
2,3,50,0,0,247,5.0582,35,1,0,200,247,[],0
2,3,49,0,0,234,4.9514,34,1,0,200,234,[],0
2,3,52,0,0,62,4.3848,9,1,0,200,62,[],0
2,3,50,0,0,250,5.0535,35,1,0,200,250,[],0
2,3,49,0,0,265,4.9212,35,1,0,200,265,[],0
2,3,52,0,0,64,4.3649,9,1,0,200,64,[],0
2,3,50,0,0,283,5.005,42,1,0,200,283,[],0
2,3,49,0,0,259,5.0216,38,1,0,200,259,[],0
2,3,52,0,0,67,4.5886,10,1,0,200,67,[],0
2,3,50,0,0,249,4.9669,37,1,0,200,249,[],0
2,3,49,0,0,258,5.1462,42,1,0,200,258,[],0
2,3,52,0,0,58,4.3047,10,1,0,200,58,[],0
2,3,50,0,0,250,5.1134,33,1,0,200,250,[],0
2,3,49,0,0,242,4.957,33,1,0,200,242,[],0
2,3,52,0,0,58,4.3081,9,1,0,200,58,[],0
2,3,50,0,0,237,5.0091,34,1,0,200,237,[],0
2,3,49,0,0,236,4.9346,32,1,0,200,236,[],0
2,3,52,0,0,57,4.1005,9,1,0,200,57,[],0
2,3,50,0,0,249,5.0293,37,1,0,200,249,[],0
2,3,49,0,0,255,5.0326,38,1,0,200,255,[],0
2,3,52,0,0,65,4.3738,9,1,0,200,65,[],0
2,3,50,0,0,245,5.0048,35,1,0,200,245,[],0
2,3,49,0,0,245,4.9472,35,1,0,200,245,[],0
2,3,52,0,0,58,4.2529,9,1,0,200,58,[],0
2,3,50,0,0,256,4.9917,37,1,0,200,256,[],0
2,3,49,0,0,254,5.0755,40,1,0,200,254,[],0
2,3,52,0,0,60,4.2717,9,1,0,200,60,[],0
2,3,50,0,0,247,4.9098,33,1,0,200,247,[],0
2,3,49,0,0,255,5.0597,36,1,0,200,255,[],0
2,3,52,0,0,60,4.2802,9,1,0,200,60,[],0
1,3,268,13,217,0,0.0,0,1,0,200,0,[],0
2,3,50,0,0,217,4.9554,31,1,0,200,217,[],0
2,3,49,0,0,252,5.0416,38,1,0,200,252,[],0
2,3,52,0,0,61,4.1751,9,1,0,200,61,[],0
2,3,50,0,0,244,4.9568,36,1,0,200,244,[],0
2,3,49,0,0,256,4.9371,34,1,0,200,256,[],0
2,3,52,0,0,60,4.4563,9,1,0,200,60,[],0
2,3,50,0,0,272,4.9576,36,1,0,200,272,[],0
2,3,49,0,0,238,4.9928,35,1,0,200,238,[],0
2,3,52,0,0,55,4.1997,9,1,0,200,55,[],0
2,3,50,0,0,262,4.9624,36,1,0,200,262,[],0
2,3,49,0,0,242,4.9592,33,1,0,200,242,[],0
2,3,52,0,0,59,4.118,9,1,0,200,59,[],0
2,3,50,0,0,254,5.0252,35,1,0,200,254,[],0
2,3,49,0,0,249,5.0104,33,1,0,200,249,[],0
2,3,52,0,0,56,4.0288,9,1,0,200,56,[],0
2,3,50,0,0,262,4.9974,38,1,0,200,262,[],0
2,3,49,0,0,242,5.0123,35,1,0,200,242,[],0
2,3,52,0,0,64,4.1303,9,1,0,200,64,[],0
1,3,271,13,220,0,0.0,0,1,0,200,0,[],0
2,3,50,0,0,220,4.9074,30,1,0,200,220,[],0
2,3,49,0,0,244,4.9713,34,1,0,200,244,[],0
2,3,52,0,0,64,4.2491,10,1,0,200,64,[],0
2,3,50,0,0,227,5.0484,34,1,0,200,227,[],0
2,3,49,0,0,270,4.9597,36,1,0,200,270,[],0
2,3,52,0,0,59,4.4525,9,1,0,200,59,[],0
2,3,50,0,0,266,5.0222,38,1,0,200,266,[],0
2,3,49,0,0,255,4.9233,36,1,0,200,255,[],0
2,3,52,0,0,64,4.158,10,1,0,200,64,[],0
2,3,50,0,0,258,5.0126,35,1,0,200,258,[],0
2,3,49,0,0,256,4.9722,36,1,0,200,256,[],0
2,3,50,0,0,247,4.9289,33,1,0,200,247,[],0
2,3,49,0,0,269,5.0285,40,1,0,200,269,[],0
2,3,52,0,0,65,4.3117,9,1,0,200,65,[],0
2,3,50,0,0,227,4.9506,31,1,0,200,227,[],0
2,3,49,0,0,245,5.0001,35,1,0,200,245,[],0
2,3,52,0,0,62,4.1535,9,1,0,200,62,[],0
2,3,50,0,0,233,4.8604,31,1,0,200,233,[],0
2,3,49,0,0,268,5.0035,37,1,0,200,268,[],0
2,3,52,0,0,59,4.2041,10,1,0,200,59,[],0
2,3,50,0,0,250,5.0432,34,1,0,200,250,[],0
2,3,49,0,0,242,5.1046,38,1,0,200,242,[],0
2,3,52,0,0,60,4.3421,10,1,0,200,60,[],0
2,3,50,0,0,266,4.8955,36,1,0,200,266,[],0
2,3,49,0,0,280,5.1048,42,1,0,200,280,[],0
2,3,50,0,0,279,4.9714,40,1,0,200,279,[],0
2,3,49,0,0,267,4.939,35,1,0,200,267,[],0
2,3,52,0,0,64,4.215,10,1,0,200,64,[],0
2,3,50,0,0,257,5.0913,37,1,0,200,257,[],0
2,3,49,0,0,266,5.04,40,1,0,200,266,[],0
2,3,52,0,0,61,4.4695,10,1,0,200,61,[],0
2,3,50,0,0,257,5.057,36,1,0,200,257,[],0
2,3,49,0,0,262,5.0308,35,1,0,200,262,[],0
2,3,52,0,0,62,4.4139,9,1,0,200,62,[],0
2,3,50,0,0,251,4.947,32,1,0,200,251,[],0
2,3,49,0,0,228,5.0684,32,1,0,200,228,[],0
2,3,52,0,0,62,4.2404,10,1,0,200,62,[],0
2,3,50,0,0,267,4.9466,37,1,0,200,267,[],0
2,3,49,0,0,254,5.0701,38,1,0,200,254,[],0
2,3,52,0,0,60,4.1094,9,1,0,200,60,[],0
2,3,50,0,0,247,5.0416,35,1,0,200,247,[],0
2,3,49,0,0,264,4.9555,37,1,0,200,264,[],0
2,3,52,0,0,59,4.1436,9,1,0,200,59,[],0
2,3,50,0,0,272,5.0416,36,1,0,200,272,[],0
2,3,49,0,0,259,4.9465,35,1,0,200,259,[],0
2,3,52,0,0,63,4.3924,10,1,0,200,63,[],0
2,3,50,0,0,237,4.9805,34,1,0,200,237,[],0
2,3,49,0,0,252,5.0077,35,1,0,200,252,[],0
2,3,52,0,0,64,4.3311,9,1,0,200,64,[],0
2,3,50,0,0,247,5.0552,37,1,0,200,247,[],0
2,3,49,0,0,240,5.0536,34,1,0,200,240,[],0
2,3,52,0,0,66,4.1901,10,1,0,200,66,[],0
2,3,50,0,0,249,4.945,36,1,0,200,249,[],0
2,3,49,0,0,232,4.9386,32,1,0,200,232,[],0
2,3,52,0,0,59,4.2771,9,1,0,200,59,[],0
2,3,50,0,0,267,4.9308,37,1,0,200,267,[],0
2,3,49,0,0,249,5.0587,34,1,0,200,249,[],0
2,3,52,0,0,59,4.2429,9,1,0,200,59,[],0
2,3,50,0,0,255,5.1027,38,1,0,200,255,[],0
2,3,49,0,0,251,5.0226,36,1,0,200,251,[],0
2,3,52,0,0,61,4.2916,9,1,0,200,61,[],0
2,3,50,0,0,263,5.0749,37,1,0,200,263,[],0
2,3,49,0,0,273,5.1147,41,1,0,200,273,[],0
2,3,52,0,0,64,4.2788,10,1,0,200,64,[],0
2,3,50,0,0,256,4.9791,37,1,0,200,256,[],0
2,3,49,0,0,264,4.9621,39,1,0,200,264,[],0
2,3,52,0,0,57,4.2601,10,1,0,200,57,[],0
2,3,50,0,0,241,5.0194,35,1,0,200,241,[],0
2,3,49,0,0,239,4.9877,34,1,0,200,239,[],0
2,3,52,0,0,61,4.2684,9,1,0,200,61,[],0
2,3,50,0,0,264,4.979,38,1,0,200,264,[],0
2,3,49,0,0,256,5.0709,38,1,0,200,256,[],0
2,3,52,0,0,60,4.1761,9,1,0,200,60,[],0
2,3,50,0,0,253,5.0557,37,1,0,200,253,[],0
2,3,49,0,0,259,5.0939,38,1,0,200,259,[],0
2,3,52,0,0,62,4.5366,9,1,0,200,62,[],0
2,3,50,0,0,259,4.999,34,1,0,200,259,[],0
2,3,49,0,0,265,5.0615,40,1,0,200,265,[],0
2,3,52,0,0,56,3.9934,9,1,0,200,56,[],0
2,3,50,0,0,262,5.1163,38,1,0,200,262,[],0
2,3,49,0,0,263,5.0784,38,1,0,200,263,[],0
2,3,52,0,0,57,4.0539,9,1,0,200,57,[],0
2,3,50,0,0,259,4.9637,34,1,0,200,259,[],0
2,3,49,0,0,235,5.0899,33,1,0,200,235,[],0
2,3,52,0,0,64,4.4814,10,1,0,200,64,[],0
2,3,50,0,0,253,5.0714,40,1,0,200,253,[],0
2,3,49,0,0,260,5.1006,37,1,0,200,260,[],0
2,3,52,0,0,63,4.2755,9,1,0,200,63,[],0
2,3,50,0,0,240,5.0233,33,1,0,200,240,[],0
2,3,49,0,0,261,5.0646,38,1,0,200,261,[],0
2,3,52,0,0,57,4.118,9,1,0,200,57,[],0
2,3,50,0,0,267,5.0032,40,1,0,200,267,[],0
2,3,49,0,0,266,5.0815,39,1,0,200,266,[],0
2,3,52,0,0,60,4.2896,9,1,0,200,60,[],0
2,3,50,0,0,261,5.0262,41,1,0,200,261,[],0
2,3,49,0,0,241,5.0038,36,1,0,200,241,[],0
2,3,52,0,0,62,4.2944,10,1,0,200,62,[],0
2,3,50,0,0,264,5.0268,37,1,0,200,264,[],0
2,3,49,0,0,265,5.0221,38,1,0,200,265,[],0
2,3,52,0,0,68,4.5338,9,1,0,200,68,[],0
2,3,50,0,0,246,5.0247,37,1,0,200,246,[],0
2,3,49,0,0,265,4.9936,37,1,0,200,265,[],0
2,3,50,0,0,256,5.1715,38,1,0,200,256,[],0
2,3,49,0,0,240,5.033,37,1,0,200,240,[],0
2,3,52,0,0,57,4.3568,9,1,0,200,57,[],0
2,3,50,0,0,260,5.0509,36,1,0,200,260,[],0
2,3,49,0,0,242,4.9806,36,1,0,200,242,[],0
2,3,50,0,0,246,5.0412,35,1,0,200,246,[],0
2,3,49,0,0,242,4.9541,33,1,0,200,242,[],0
2,3,52,0,0,57,4.3901,9,1,0,200,57,[],0
1,3,84,3,36,0,0.0,0,1,0,200,0,[],0
2,3,47,0,0,36,4.0833,5,1,0,200,36,[],0
2,3,50,0,0,236,5.0821,37,1,0,200,236,[],0
2,3,49,0,0,239,5.1072,36,1,0,200,239,[],0
2,3,52,0,0,60,4.1519,9,1,0,200,60,[],0
2,3,50,0,0,263,5.0726,35,1,0,200,263,[],0
2,3,49,0,0,244,4.9829,36,1,0,200,244,[],0
1,3,126,5,73,0,0.0,0,1,0,200,0,[],0
2,3,52,0,0,73,4.5022,10,1,0,200,73,[],0
2,3,50,0,0,253,5.0566,39,1,0,200,253,[],0
2,3,49,0,0,231,5.0197,35,1,0,200,231,[],0
2,3,52,0,0,60,4.0209,9,1,0,200,60,[],0
2,3,50,0,0,264,5.1228,39,1,0,200,264,[],0
2,3,49,0,0,254,4.9059,34,1,0,200,254,[],0
2,3,52,0,0,65,4.1713,10,1,0,200,65,[],0
2,3,50,0,0,260,4.9942,38,1,0,200,260,[],0
2,3,49,0,0,257,4.9673,37,1,0,200,257,[],0
2,3,52,0,0,59,4.1692,9,1,0,200,59,[],0
2,3,50,0,0,264,5.0206,38,1,0,200,264,[],0
2,3,49,0,0,235,5.0142,36,1,0,200,235,[],0
2,3,52,0,0,66,4.5386,9,1,0,200,66,[],0
2,3,50,0,0,272,4.9722,39,1,0,200,272,[],0
2,3,49,0,0,228,4.9612,34,1,0,200,228,[],0
2,3,48,0,0,75,4.5766,15,1,0,200,75,[],0
2,3,52,0,0,61,4.3443,9,1,0,200,61,[],0
2,3,50,0,0,252,4.9994,34,1,0,200,252,[],0
2,3,49,0,0,242,5.0139,37,1,0,200,242,[],0
2,3,52,0,0,65,4.5895,10,1,0,200,65,[],0
2,3,50,0,0,242,5.0107,34,1,0,200,242,[],0
2,3,49,0,0,263,5.104,39,1,0,200,263,[],0
2,3,52,0,0,61,4.3514,9,1,0,200,61,[],0
2,3,50,0,0,259,5.0294,39,1,0,200,259,[],0
2,3,49,0,0,259,4.8671,35,1,0,200,259,[],0
2,3,52,0,0,59,4.1194,9,1,0,200,59,[],0
2,3,50,0,0,248,5.0695,34,1,0,200,248,[],0
2,3,49,0,0,254,5.0704,35,1,0,200,254,[],0
2,3,52,0,0,66,4.1503,9,1,0,200,66,[],0
2,3,50,0,0,254,4.9316,36,1,0,200,254,[],0
2,3,49,0,0,266,5.1105,38,1,0,200,266,[],0
2,3,52,0,0,65,4.4871,9,1,0,200,65,[],0
2,3,50,0,0,259,5.0431,36,1,0,200,259,[],0
1,3,273,13,223,0,0.0,0,1,0,200,0,[],0
2,3,49,0,0,223,4.9293,31,1,0,200,223,[],0
2,3,52,0,0,58,4.0822,9,1,0,200,58,[],0
2,3,50,0,0,254,5.0068,35,1,0,200,254,[],0
2,3,49,0,0,254,5.0488,35,1,0,200,254,[],0
2,3,52,0,0,60,4.1393,10,1,0,200,60,[],0
2,3,50,0,0,271,4.9746,41,1,0,200,271,[],0
2,3,49,0,0,273,5.0848,39,1,0,200,273,[],0
2,3,52,0,0,59,4.311,9,1,0,200,59,[],0
2,3,50,0,0,252,4.9787,35,1,0,200,252,[],0
2,3,49,0,0,270,4.9482,38,1,0,200,270,[],0
2,3,52,0,0,62,4.2124,10,1,0,200,62,[],0
2,3,50,0,0,255,5.0122,34,1,0,200,255,[],0
2,3,49,0,0,265,5.1332,36,1,0,200,265,[],0
2,3,52,0,0,58,4.1466,9,1,0,200,58,[],0
2,3,50,0,0,247,4.8631,31,1,0,200,247,[],0
2,3,49,0,0,278,5.0979,47,1,0,200,278,[],0
2,3,50,0,0,258,4.9944,34,1,0,200,258,[],0
2,3,49,0,0,250,4.9692,36,1,0,200,250,[],0
2,3,52,0,0,61,4.2668,9,1,0,200,61,[],0
2,3,50,0,0,246,4.9572,33,1,0,200,246,[],0
2,3,49,0,0,258,5.0444,35,1,0,200,258,[],0
2,3,52,0,0,64,4.1038,9,1,0,200,64,[],0
2,3,50,0,0,239,5.0195,37,1,0,200,239,[],0
2,3,49,0,0,281,5.0436,35,1,0,200,281,[],0
2,3,52,0,0,65,4.5164,10,1,0,200,65,[],0
2,3,50,0,0,252,5.0624,38,1,0,200,252,[],0
2,3,49,0,0,247,5.0601,37,1,0,200,247,[],0
2,3,52,0,0,59,4.2557,9,1,0,200,59,[],0
2,3,50,0,0,260,5.093,41,1,0,200,260,[],0
2,3,49,0,0,248,4.9349,34,1,0,200,248,[],0
2,3,52,0,0,64,4.4532,10,1,0,200,64,[],0
2,3,50,0,0,247,5.049,37,1,0,200,247,[],0
2,3,49,0,0,250,5.0051,35,1,0,200,250,[],0
2,3,52,0,0,56,4.2761,9,1,0,200,56,[],0
2,3,50,0,0,235,4.9237,33,1,0,200,235,[],0
2,3,49,0,0,244,4.9498,38,1,0,200,244,[],0
2,3,52,0,0,60,4.3193,9,1,0,200,60,[],0
1,3,345,13,294,0,0.0,0,1,0,200,0,[],0
2,3,50,0,0,294,5.1069,44,1,0,200,294,[],0
2,3,49,0,0,250,5.0196,36,1,0,200,250,[],0
2,3,52,0,0,61,4.1925,9,1,0,200,61,[],0
2,3,50,0,0,252,5.0386,36,1,0,200,252,[],0
2,3,49,0,0,262,5.0721,37,1,0,200,262,[],0
2,3,52,0,0,60,4.1611,9,1,0,200,60,[],0
2,3,50,0,0,260,5.1113,38,1,0,200,260,[],0
2,3,49,0,0,266,4.8579,35,1,0,200,266,[],0
2,3,52,0,0,64,4.3081,10,1,0,200,64,[],0
2,3,50,0,0,275,4.9628,38,1,0,200,275,[],0
2,3,49,0,0,267,4.9942,38,1,0,200,267,[],0
2,3,52,0,0,56,4.0753,9,1,0,200,56,[],0
2,3,50,0,0,245,4.9925,35,1,0,200,245,[],0
2,3,49,0,0,255,5.0381,37,1,0,200,255,[],0
2,3,52,0,0,64,4.1641,9,1,0,200,64,[],0
2,3,50,0,0,246,4.9612,32,1,0,200,246,[],0
2,3,49,0,0,277,5.0302,44,1,0,200,277,[],0
2,3,50,0,0,249,5.0414,36,1,0,200,249,[],0
2,3,49,0,0,257,5.0088,37,1,0,200,257,[],0
2,3,52,0,0,64,4.0075,9,1,0,200,64,[],0
2,3,50,0,0,273,5.1231,42,1,0,200,273,[],0
2,3,49,0,0,268,4.9938,37,1,0,200,268,[],0
2,3,52,0,0,58,4.3774,9,1,0,200,58,[],0
2,3,50,0,0,259,4.9743,38,1,0,200,259,[],0
2,3,49,0,0,274,4.9828,39,1,0,200,274,[],0
2,3,52,0,0,59,4.2498,10,1,0,200,59,[],0
2,3,50,0,0,254,5.0585,35,1,0,200,254,[],0
2,3,49,0,0,281,5.0637,41,1,0,200,281,[],0
2,3,52,0,0,57,4.2866,9,1,0,200,57,[],0
2,3,50,0,0,237,5.0098,34,1,0,200,237,[],0
2,3,49,0,0,268,5.0542,38,1,0,200,268,[],0
2,3,52,0,0,57,4.103,9,1,0,200,57,[],0
2,3,50,0,0,230,4.9651,34,1,0,200,230,[],0
2,3,49,0,0,242,5.0168,36,1,0,200,242,[],0
2,3,52,0,0,63,4.3933,9,1,0,200,63,[],0
2,3,50,0,0,251,4.9976,34,1,0,200,251,[],0
2,3,49,0,0,250,4.9024,34,1,0,200,250,[],0
2,3,52,0,0,57,4.0829,9,1,0,200,57,[],0
2,3,47,0,0,43,4.078,7,1,0,200,43,[],0
2,3,50,0,0,246,5.003,33,1,0,200,246,[],0
2,3,49,0,0,257,5.0147,38,1,0,200,257,[],0
2,3,52,0,0,54,4.1579,9,1,0,200,54,[],0
2,3,50,0,0,267,4.9724,35,1,0,200,267,[],0
2,3,49,0,0,262,4.962,36,1,0,200,262,[],0
2,3,52,0,0,61,4.4079,9,1,0,200,61,[],0
1,3,358,13,307,0,0.0,0,1,0,200,0,[],0
2,3,50,0,0,307,4.9633,44,1,0,200,307,[],0
2,3,49,0,0,255,4.9913,34,1,0,200,255,[],0
2,3,52,0,0,61,4.3029,9,1,0,200,61,[],0
1,3,83,3,35,0,0.0,0,1,0,200,0,[],0
2,3,47,0,0,35,4.0116,5,1,0,200,35,[],0
2,3,50,0,0,231,4.9347,34,1,0,200,231,[],0
2,3,49,0,0,235,5.0086,35,1,0,200,235,[],0
2,3,52,0,0,61,4.126,9,1,0,200,61,[],0
2,3,50,0,0,263,5.0438,40,1,0,200,263,[],0
2,3,49,0,0,274,4.9751,38,1,0,200,274,[],0
2,3,52,0,0,59,4.1982,9,1,0,200,59,[],0
2,3,50,0,0,262,5.005,35,1,0,200,262,[],0
2,3,49,0,0,255,5.0366,36,1,0,200,255,[],0
2,3,48,0,0,73,4.4583,15,1,0,200,73,[],0
1,3,123,5,70,0,0.0,0,1,0,200,0,[],0
2,3,52,0,0,70,4.2432,10,1,0,200,70,[],0
2,3,50,0,0,240,4.9969,33,1,0,200,240,[],0
2,3,49,0,0,277,5.0986,39,1,0,200,277,[],0
2,3,52,0,0,62,4.1782,9,1,0,200,62,[],0
2,3,50,0,0,271,5.0411,37,1,0,200,271,[],0
2,3,49,0,0,262,4.9847,36,1,0,200,262,[],0
2,3,52,0,0,62,4.2769,9,1,0,200,62,[],0
2,3,50,0,0,244,4.9284,33,1,0,200,244,[],0
2,3,49,0,0,243,4.9542,32,1,0,200,243,[],0
2,3,52,0,0,64,4.3225,9,1,0,200,64,[],0
2,3,50,0,0,247,4.9426,34,1,0,200,247,[],0
2,3,49,0,0,265,4.9949,37,1,0,200,265,[],0
2,3,52,0,0,61,4.439,10,1,0,200,61,[],0
2,3,50,0,0,247,4.9474,33,1,0,200,247,[],0
2,3,49,0,0,259,5.1033,40,1,0,200,259,[],0
2,3,52,0,0,60,4.021,9,1,0,200,60,[],0
2,3,50,0,0,258,5.0016,39,1,0,200,258,[],0
2,3,49,0,0,246,4.9759,34,1,0,200,246,[],0
2,3,50,0,0,266,4.9982,39,1,0,200,266,[],0
2,3,49,0,0,262,5.0247,38,1,0,200,262,[],0
2,3,52,0,0,66,4.2073,9,1,0,200,66,[],0
2,3,50,0,0,242,4.9138,34,1,0,200,242,[],0
2,3,49,0,0,268,4.9368,36,1,0,200,268,[],0
2,3,52,0,0,57,4.1116,9,1,0,200,57,[],0
2,3,50,0,0,253,4.992,36,1,0,200,253,[],0
2,3,49,0,0,259,4.9929,35,1,0,200,259,[],0
2,3,50,0,0,235,5.0096,33,1,0,200,235,[],0
2,3,49,0,0,233,4.8527,32,1,0,200,233,[],0
2,3,52,0,0,59,4.3871,9,1,0,200,59,[],0
2,3,50,0,0,268,5.0086,38,1,0,200,268,[],0
2,3,52,0,0,67,4.2996,9,1,0,200,67,[],0
2,3,50,0,0,252,5.0858,38,1,0,200,252,[],0
2,3,49,0,0,254,5.0394,37,1,0,200,254,[],0
2,3,52,0,0,61,4.1499,9,1,0,200,61,[],0
2,3,50,0,0,255,4.9668,33,1,0,200,255,[],0
2,3,49,0,0,240,4.983,35,1,0,200,240,[],0
2,3,52,0,0,61,4.3324,9,1,0,200,61,[],0
2,3,50,0,0,288,5.0028,39,1,0,200,288,[],0
2,3,49,0,0,244,5.0073,36,1,0,200,244,[],0
2,3,52,0,0,59,4.1681,10,1,0,200,59,[],0
2,3,50,0,0,274,5.0569,40,1,0,200,274,[],0
2,3,49,0,0,261,4.991,35,1,0,200,261,[],0
2,3,52,0,0,60,4.1465,9,1,0,200,60,[],0
2,3,50,0,0,238,5.0652,37,1,0,200,238,[],0
2,3,49,0,0,251,4.9391,35,1,0,200,251,[],0
2,3,52,0,0,60,4.2802,10,1,0,200,60,[],0
2,3,50,0,0,263,5.0986,36,1,0,200,263,[],0
2,3,49,0,0,239,5.0143,34,1,0,200,239,[],0
2,3,52,0,0,62,4.0083,9,1,0,200,62,[],0
2,3,50,0,0,253,4.982,38,1,0,200,253,[],0
2,3,49,0,0,229,4.9978,35,1,0,200,229,[],0
2,3,52,0,0,57,4.1449,9,1,0,200,57,[],0
2,3,50,0,0,254,5.0272,38,1,0,200,254,[],0
2,3,49,0,0,238,5.0145,36,1,0,200,238,[],0
2,3,50,0,0,239,4.9777,35,1,0,200,239,[],0
2,3,49,0,0,250,5.0529,36,1,0,200,250,[],0
2,3,52,0,0,61,4.3835,10,1,0,200,61,[],0
2,3,50,0,0,249,4.9768,36,1,0,200,249,[],0
2,3,49,0,0,275,5.0288,40,1,0,200,275,[],0
2,3,52,0,0,62,4.3891,9,1,0,200,62,[],0
2,3,50,0,0,253,5.1216,37,1,0,200,253,[],0
2,3,49,0,0,243,5.0299,34,1,0,200,243,[],0
2,3,52,0,0,62,4.2664,9,1,0,200,62,[],0
2,3,50,0,0,263,5.0751,37,1,0,200,263,[],0
2,3,49,0,0,259,5.0649,38,1,0,200,259,[],0
2,3,52,0,0,64,4.408,10,1,0,200,64,[],0
2,3,50,0,0,252,5.0029,36,1,0,200,252,[],0
1,3,340,13,290,0,0.0,0,1,0,200,0,[],0
2,3,49,0,0,290,5.0823,47,1,0,200,290,[],0
2,3,52,0,0,63,4.2087,9,1,0,200,63,[],0
2,3,50,0,0,258,5.0904,38,1,0,200,258,[],0
2,3,49,0,0,249,5.0157,37,1,0,200,249,[],0
2,3,52,0,0,60,4.2621,9,1,0,200,60,[],0
2,3,50,0,0,254,4.9213,33,1,0,200,254,[],0
2,3,49,0,0,249,5.0292,37,1,0,200,249,[],0
2,3,52,0,0,65,4.5607,10,1,0,200,65,[],0
2,3,50,0,0,235,5.024,33,1,0,200,235,[],0
2,3,49,0,0,265,5.0079,40,1,0,200,265,[],0
2,3,52,0,0,58,4.2908,9,1,0,200,58,[],0
2,3,50,0,0,240,5.156,35,1,0,200,240,[],0
2,3,49,0,0,265,5.0693,37,1,0,200,265,[],0
2,3,52,0,0,65,4.2153,9,1,0,200,65,[],0
2,3,50,0,0,237,4.9939,35,1,0,200,237,[],0
2,3,49,0,0,252,4.9706,35,1,0,200,252,[],0
2,3,52,0,0,56,4.1843,9,1,0,200,56,[],0
2,3,50,0,0,245,5.0189,35,1,0,200,245,[],0
2,3,49,0,0,262,4.9514,36,1,0,200,262,[],0
2,3,52,0,0,63,4.4241,9,1,0,200,63,[],0
2,3,50,0,0,239,4.9817,35,1,0,200,239,[],0
2,3,49,0,0,263,5.1871,41,1,0,200,263,[],0
2,3,52,0,0,64,4.2074,9,1,0,200,64,[],0
2,3,50,0,0,253,5.0347,38,1,0,200,253,[],0
2,3,49,0,0,248,5.0557,34,1,0,200,248,[],0
2,3,50,0,0,247,5.0021,34,1,0,200,247,[],0
2,3,49,0,0,249,5.0819,35,1,0,200,249,[],0
2,3,52,0,0,60,4.3754,11,1,0,200,60,[],0
2,3,50,0,0,239,4.9797,34,1,0,200,239,[],0
2,3,49,0,0,238,5.0026,35,1,0,200,238,[],0
2,3,52,0,0,60,4.2945,9,1,0,200,60,[],0
2,3,50,0,0,235,4.9376,33,1,0,200,235,[],0
2,3,49,0,0,253,5.0144,35,1,0,200,253,[],0
2,3,50,0,0,246,4.9533,35,1,0,200,246,[],0
2,3,49,0,0,231,4.9839,33,1,0,200,231,[],0
2,3,52,0,0,58,4.2997,9,1,0,200,58,[],0
1,3,332,13,281,0,0.0,0,1,0,200,0,[],0
2,3,50,0,0,281,4.9595,38,1,0,200,281,[],0
2,3,49,0,0,265,5.0028,36,1,0,200,265,[],0
2,3,50,0,0,233,5.0416,35,1,0,200,233,[],0
2,3,49,0,0,252,4.9164,35,1,0,200,252,[],0
2,3,52,0,0,63,4.2909,10,1,0,200,63,[],0
2,3,50,0,0,265,4.9861,40,1,0,200,265,[],0
2,3,49,0,0,266,4.9984,37,1,0,200,266,[],0
2,3,52,0,0,57,4.1134,9,1,0,200,57,[],0
2,3,50,0,0,280,5.1045,38,1,0,200,280,[],0
2,3,49,0,0,252,5.0147,37,1,0,200,252,[],0
2,3,52,0,0,61,4.1701,9,1,0,200,61,[],0
2,3,50,0,0,272,5.0855,36,1,0,200,272,[],0
2,3,49,0,0,254,5.0097,34,1,0,200,254,[],0
2,3,50,0,0,247,4.9082,36,1,0,200,247,[],0
1,3,347,13,297,0,0.0,0,1,0,200,0,[],0
2,3,49,0,0,297,5.0667,45,1,0,200,297,[],0
2,3,52,0,0,61,4.1848,9,1,0,200,61,[],0
2,3,50,0,0,262,5.037,36,1,0,200,262,[],0
2,3,49,0,0,269,5.0386,39,1,0,200,269,[],0
2,3,52,0,0,61,4.1875,9,1,0,200,61,[],0
2,3,50,0,0,251,4.9791,33,1,0,200,251,[],0
2,3,49,0,0,257,5.0056,38,1,0,200,257,[],0
2,3,52,0,0,54,3.9403,9,1,0,200,54,[],0
2,3,50,0,0,237,4.9204,32,1,0,200,237,[],0
2,3,49,0,0,259,4.987,35,1,0,200,259,[],0
2,3,52,0,0,63,4.1618,9,1,0,200,63,[],0
2,3,50,0,0,240,5.0349,35,1,0,200,240,[],0
2,3,49,0,0,247,5.0517,36,1,0,200,247,[],0
2,3,50,0,0,266,5.1837,40,1,0,200,266,[],0
2,3,49,0,0,259,4.9804,37,1,0,200,259,[],0
2,3,52,0,0,62,4.4912,10,1,0,200,62,[],0
2,3,50,0,0,246,5.0456,35,1,0,200,246,[],0
2,3,49,0,0,250,5.0159,37,1,0,200,250,[],0
2,3,52,0,0,63,4.5423,10,1,0,200,63,[],0
2,3,50,0,0,247,5.0517,37,1,0,200,247,[],0
2,3,49,0,0,248,5.065,34,1,0,200,248,[],0
2,3,52,0,0,62,4.3293,9,1,0,200,62,[],0
2,3,50,0,0,240,4.8857,33,1,0,200,240,[],0
2,3,49,0,0,242,5.0474,34,1,0,200,242,[],0
2,3,52,0,0,54,4.2247,9,1,0,200,54,[],0
2,3,50,0,0,276,5.0215,35,1,0,200,276,[],0
2,3,49,0,0,234,4.9448,33,1,0,200,234,[],0
2,3,52,0,0,64,4.179,9,1,0,200,64,[],0
2,3,50,0,0,267,4.9584,40,1,0,200,267,[],0
2,3,49,0,0,231,4.9812,34,1,0,200,231,[],0
2,3,52,0,0,61,4.2537,9,1,0,200,61,[],0
2,3,50,0,0,240,5.0372,35,1,0,200,240,[],0
2,3,49,0,0,234,5.0264,35,1,0,200,234,[],0
2,3,52,0,0,64,4.4517,10,1,0,200,64,[],0
2,3,50,0,0,265,4.9307,36,1,0,200,265,[],0
2,3,49,0,0,246,5.0203,36,1,0,200,246,[],0
2,3,52,0,0,57,4.3808,9,1,0,200,57,[],0
2,3,50,0,0,255,4.8973,33,1,0,200,255,[],0
2,3,49,0,0,250,5.0037,34,1,0,200,250,[],0
2,3,52,0,0,62,4.2332,10,1,0,200,62,[],0
2,3,50,0,0,237,5.0178,36,1,0,200,237,[],0
2,3,49,0,0,237,4.9739,33,1,0,200,237,[],0
2,3,52,0,0,61,4.3671,9,1,0,200,61,[],0
2,3,50,0,0,248,4.8874,32,1,0,200,248,[],0
2,3,49,0,0,267,5.0013,39,1,0,200,267,[],0
2,3,52,0,0,67,4.3141,9,1,0,200,67,[],0
2,3,50,0,0,266,5.0254,37,1,0,200,266,[],0
2,3,49,0,0,244,5.0627,37,1,0,200,244,[],0
2,3,52,0,0,61,4.1891,9,1,0,200,61,[],0
2,3,50,0,0,275,5.0692,40,1,0,200,275,[],0
2,3,49,0,0,230,4.9565,33,1,0,200,230,[],0
2,3,52,0,0,61,4.3939,10,1,0,200,61,[],0
2,3,50,0,0,258,4.9242,37,1,0,200,258,[],0
2,3,49,0,0,242,4.9916,35,1,0,200,242,[],0
2,3,52,0,0,59,4.3598,9,1,0,200,59,[],0
2,3,50,0,0,265,4.9658,34,1,0,200,265,[],0
2,3,49,0,0,263,5.0272,34,1,0,200,263,[],0
2,3,52,0,0,62,4.0953,9,1,0,200,62,[],0
2,3,50,0,0,269,4.9314,39,1,0,200,269,[],0
2,3,49,0,0,240,5.0876,37,1,0,200,240,[],0
2,3,52,0,0,60,4.2908,9,1,0,200,60,[],0
2,3,50,0,0,241,4.9578,33,1,0,200,241,[],0
2,3,49,0,0,247,4.9792,34,1,0,200,247,[],0
2,3,50,0,0,245,5.0895,35,1,0,200,245,[],0
2,3,49,0,0,262,4.963,37,1,0,200,262,[],0
2,3,52,0,0,59,4.0329,9,1,0,200,59,[],0
2,3,50,0,0,253,5.013,36,1,0,200,253,[],0
2,3,49,0,0,281,4.9634,37,1,0,200,281,[],0
2,3,52,0,0,60,4.1747,9,1,0,200,60,[],0
2,3,50,0,0,246,5.0676,35,1,0,200,246,[],0
2,3,49,0,0,255,5.0768,38,1,0,200,255,[],0
2,3,52,0,0,63,4.3522,9,1,0,200,63,[],0
2,3,50,0,0,242,4.9933,35,1,0,200,242,[],0
2,3,49,0,0,253,5.0184,31,1,0,200,253,[],0
2,3,52,0,0,61,4.2999,9,1,0,200,61,[],0
2,3,50,0,0,239,4.9191,34,1,0,200,239,[],0
2,3,49,0,0,243,5.0019,35,1,0,200,243,[],0
2,3,52,0,0,63,4.2822,9,1,0,200,63,[],0
2,3,50,0,0,271,5.0838,41,1,0,200,271,[],0
2,3,49,0,0,247,4.9545,35,1,0,200,247,[],0
2,3,52,0,0,63,4.1404,9,1,0,200,63,[],0
2,3,50,0,0,271,4.9879,37,1,0,200,271,[],0
2,3,49,0,0,267,5.0171,38,1,0,200,267,[],0
2,3,52,0,0,62,4.1962,10,1,0,200,62,[],0
2,3,50,0,0,257,5.0962,35,1,0,200,257,[],0
2,3,49,0,0,247,4.8919,34,1,0,200,247,[],0
2,3,52,0,0,61,4.1895,10,1,0,200,61,[],0
2,3,50,0,0,262,5.0748,40,1,0,200,262,[],0
2,3,49,0,0,252,5.0703,36,1,0,200,252,[],0
2,3,52,0,0,64,4.3665,10,1,0,200,64,[],0
2,3,50,0,0,259,5.1726,41,1,0,200,259,[],0
2,3,49,0,0,253,5.0132,40,1,0,200,253,[],0
2,3,52,0,0,65,4.343,10,1,0,200,65,[],0
2,3,50,0,0,258,4.9687,37,1,0,200,258,[],0
2,3,49,0,0,254,5.0154,36,1,0,200,254,[],0
2,3,52,0,0,67,4.6931,9,1,0,200,67,[],0
2,3,50,0,0,258,5.0482,39,1,0,200,258,[],0
2,3,49,0,0,259,5.0002,38,1,0,200,259,[],0
2,3,52,0,0,62,4.3954,9,1,0,200,62,[],0
2,3,50,0,0,244,4.8914,34,1,0,200,244,[],0
2,3,49,0,0,241,4.9345,33,1,0,200,241,[],0
2,3,52,0,0,65,4.3752,10,1,0,200,65,[],0
2,3,50,0,0,263,5.0155,38,1,0,200,263,[],0
2,3,49,0,0,243,4.9504,33,1,0,200,243,[],0
2,3,52,0,0,62,4.2545,9,1,0,200,62,[],0
2,3,50,0,0,237,5.0308,34,1,0,200,237,[],0
2,3,49,0,0,249,4.9836,35,1,0,200,249,[],0
2,3,52,0,0,67,4.2078,10,1,0,200,67,[],0
2,3,50,0,0,248,5.0157,33,1,0,200,248,[],0
2,3,49,0,0,251,5.0038,34,1,0,200,251,[],0
2,3,52,0,0,63,4.4892,9,1,0,200,63,[],0
2,3,50,0,0,248,4.9824,34,1,0,200,248,[],0
2,3,49,0,0,247,4.9661,33,1,0,200,247,[],0
2,3,52,0,0,63,4.4299,10,1,0,200,63,[],0
1,3,274,13,223,0,0.0,0,1,0,200,0,[],0
2,3,50,0,0,223,4.9836,32,1,0,200,223,[],0
2,3,49,0,0,263,5.0849,38,1,0,200,263,[],0
2,3,52,0,0,61,4.2751,9,1,0,200,61,[],0
2,3,50,0,0,253,5.0158,37,1,0,200,253,[],0
2,3,49,0,0,246,4.869,34,1,0,200,246,[],0
2,3,52,0,0,64,4.1971,9,1,0,200,64,[],0
2,3,50,0,0,269,5.0274,37,1,0,200,269,[],0
2,3,49,0,0,248,5.1444,38,1,0,200,248,[],0
2,3,52,0,0,63,4.4053,9,1,0,200,63,[],0
2,3,50,0,0,240,4.9965,34,1,0,200,240,[],0
2,3,49,0,0,257,4.9526,37,1,0,200,257,[],0
2,3,52,0,0,62,4.3615,10,1,0,200,62,[],0
2,3,50,0,0,242,4.9677,35,1,0,200,242,[],0
2,3,49,0,0,247,5.0233,35,1,0,200,247,[],0
2,3,52,0,0,61,4.4046,9,1,0,200,61,[],0
2,3,50,0,0,245,4.8971,33,1,0,200,245,[],0
2,3,49,0,0,245,4.9471,36,1,0,200,245,[],0
2,3,52,0,0,61,4.5738,11,1,0,200,61,[],0
2,3,50,0,0,223,5.0042,31,1,0,200,223,[],0
1,3,275,13,225,0,0.0,0,1,0,200,0,[],0
2,3,49,0,0,225,5.0142,33,1,0,200,225,[],0
2,3,52,0,0,59,4.2979,9,1,0,200,59,[],0
2,3,50,0,0,241,4.9623,33,1,0,200,241,[],0
2,3,49,0,0,246,5.0087,33,1,0,200,246,[],0
2,3,52,0,0,59,4.4632,9,1,0,200,59,[],0
2,3,50,0,0,229,4.9427,32,1,0,200,229,[],0
2,3,49,0,0,254,5.0598,36,1,0,200,254,[],0
2,3,52,0,0,61,4.2815,10,1,0,200,61,[],0
2,3,50,0,0,255,5.0328,40,1,0,200,255,[],0
2,3,49,0,0,239,4.9764,33,1,0,200,239,[],0
2,3,52,0,0,58,4.2332,9,1,0,200,58,[],0
2,3,50,0,0,267,4.8385,37,1,0,200,267,[],0
2,3,49,0,0,275,5.1584,42,1,0,200,275,[],0
2,3,52,0,0,55,4.1686,9,1,0,200,55,[],0
2,3,50,0,0,260,4.9533,37,1,0,200,260,[],0
2,3,49,0,0,251,4.99,36,1,0,200,251,[],0
2,3,52,0,0,65,4.2683,9,1,0,200,65,[],0
2,3,50,0,0,248,4.9443,36,1,0,200,248,[],0
2,3,49,0,0,261,4.8798,36,1,0,200,261,[],0
2,3,52,0,0,59,4.4252,10,1,0,200,59,[],0
2,3,50,0,0,250,4.955,34,1,0,200,250,[],0
2,3,49,0,0,238,5.0848,36,1,0,200,238,[],0
2,3,52,0,0,64,4.3142,9,1,0,200,64,[],0
2,3,50,0,0,266,5.058,38,1,0,200,266,[],0
2,3,49,0,0,236,4.9656,34,1,0,200,236,[],0
2,3,52,0,0,66,4.4957,9,1,0,200,66,[],0
2,3,50,0,0,263,5.1277,38,1,0,200,263,[],0
2,3,49,0,0,264,5.0707,37,1,0,200,264,[],0
2,3,52,0,0,60,4.2526,9,1,0,200,60,[],0
2,3,50,0,0,258,4.9926,37,1,0,200,258,[],0
2,3,49,0,0,253,4.9718,36,1,0,200,253,[],0
2,3,52,0,0,58,4.2219,9,1,0,200,58,[],0
2,3,50,0,0,253,5.0395,36,1,0,200,253,[],0
2,3,49,0,0,246,5.0515,36,1,0,200,246,[],0
2,3,52,0,0,57,4.1663,9,1,0,200,57,[],0
2,3,50,0,0,269,5.0116,35,1,0,200,269,[],0
2,3,49,0,0,253,5.0596,36,1,0,200,253,[],0
2,3,52,0,0,60,4.4838,10,1,0,200,60,[],0
2,3,50,0,0,267,5.0343,38,1,0,200,267,[],0
2,3,49,0,0,260,4.9923,37,1,0,200,260,[],0
2,3,52,0,0,62,4.2585,9,1,0,200,62,[],0
2,3,50,0,0,259,4.9762,36,1,0,200,259,[],0
2,3,49,0,0,243,5.0094,33,1,0,200,243,[],0
2,3,52,0,0,57,4.1013,9,1,0,200,57,[],0
2,3,50,0,0,254,5.0838,33,1,0,200,254,[],0
2,3,49,0,0,238,5.0623,35,1,0,200,238,[],0
2,3,52,0,0,61,4.1541,9,1,0,200,61,[],0
1,3,340,13,289,0,0.0,0,1,0,200,0,[],0
2,3,50,0,0,289,4.9829,42,1,0,200,289,[],0
2,3,49,0,0,240,4.9567,34,1,0,200,240,[],0
2,3,52,0,0,64,4.4143,9,1,0,200,64,[],0
2,3,50,0,0,253,5.0172,34,1,0,200,253,[],0
2,3,49,0,0,267,4.9988,40,1,0,200,267,[],0
2,3,52,0,0,62,4.1019,9,1,0,200,62,[],0
2,3,50,0,0,264,5.0014,36,1,0,200,264,[],0
2,3,49,0,0,266,4.9988,36,1,0,200,266,[],0
2,3,52,0,0,65,4.3808,10,1,0,200,65,[],0
2,3,50,0,0,252,5.0802,37,1,0,200,252,[],0
2,3,49,0,0,251,5.0364,36,1,0,200,251,[],0
2,3,52,0,0,59,4.137,10,1,0,200,59,[],0
2,3,50,0,0,240,5.0254,36,1,0,200,240,[],0
2,3,49,0,0,257,5.0352,36,1,0,200,257,[],0
2,3,52,0,0,66,4.2226,10,1,0,200,66,[],0
2,3,50,0,0,243,4.9314,34,1,0,200,243,[],0
2,3,49,0,0,263,5.011,39,1,0,200,263,[],0
2,3,52,0,0,62,4.2479,9,1,0,200,62,[],0
2,3,50,0,0,259,5.0509,36,1,0,200,259,[],0
2,3,49,0,0,273,5.1047,43,1,0,200,273,[],0
2,3,50,0,0,241,5.0411,35,1,0,200,241,[],0
2,3,49,0,0,254,4.8817,33,1,0,200,254,[],0
2,3,52,0,0,60,4.3355,9,1,0,200,60,[],0
2,3,50,0,0,257,5.0211,34,1,0,200,257,[],0
2,3,49,0,0,250,4.9909,35,1,0,200,250,[],0
2,3,52,0,0,58,4.4186,9,1,0,200,58,[],0
2,3,50,0,0,245,4.9884,37,1,0,200,245,[],0
2,3,49,0,0,262,4.8811,36,1,0,200,262,[],0
2,3,52,0,0,61,4.4735,9,1,0,200,61,[],0
2,3,50,0,0,248,5.0518,35,1,0,200,248,[],0
2,3,49,0,0,241,5.0764,34,1,0,200,241,[],0
2,3,52,0,0,52,4.0797,9,1,0,200,52,[],0
2,3,50,0,0,271,5.132,38,1,0,200,271,[],0
2,3,49,0,0,232,4.9482,32,1,0,200,232,[],0
2,3,52,0,0,61,4.2792,9,1,0,200,61,[],0
2,3,50,0,0,265,5.0152,39,1,0,200,265,[],0
2,3,49,0,0,243,5.0215,35,1,0,200,243,[],0
2,3,52,0,0,62,4.1897,9,1,0,200,62,[],0
2,3,50,0,0,247,4.9517,32,1,0,200,247,[],0
2,3,49,0,0,258,4.9937,39,1,0,200,258,[],0
2,3,52,0,0,60,4.2444,9,1,0,200,60,[],0
2,3,50,0,0,245,4.9941,34,1,0,200,245,[],0
2,3,49,0,0,237,4.9755,33,1,0,200,237,[],0
2,3,52,0,0,58,4.2416,9,1,0,200,58,[],0
2,3,50,0,0,240,5.0544,36,1,0,200,240,[],0
2,3,49,0,0,252,5.0617,37,1,0,200,252,[],0
2,3,52,0,0,66,4.282,10,1,0,200,66,[],0
2,3,49,0,0,254,4.9819,34,1,0,200,254,[],0
2,3,52,0,0,63,4.2829,9,1,0,200,63,[],0
2,3,50,0,0,258,4.9351,34,1,0,200,258,[],0
2,3,49,0,0,260,5.1145,39,1,0,200,260,[],0
2,3,52,0,0,63,4.1935,9,1,0,200,63,[],0
2,3,50,0,0,242,4.9556,36,1,0,200,242,[],0
2,3,49,0,0,246,4.9916,32,1,0,200,246,[],0
2,3,52,0,0,60,4.3169,9,1,0,200,60,[],0
2,3,50,0,0,253,5.0977,39,1,0,200,253,[],0
2,3,49,0,0,225,5.0232,37,1,0,200,225,[],0
2,3,48,0,0,75,4.4953,15,1,0,200,75,[],0
2,3,52,0,0,58,4.3434,9,1,0,200,58,[],0
2,3,50,0,0,258,5.059,39,1,0,200,258,[],0
2,3,49,0,0,258,4.8832,36,1,0,200,258,[],0
2,3,52,0,0,66,4.3321,9,1,0,200,66,[],0
2,3,50,0,0,270,5.0753,39,1,0,200,270,[],0
2,3,49,0,0,232,5.065,36,1,0,200,232,[],0
2,3,52,0,0,59,4.2709,9,1,0,200,59,[],0
2,3,50,0,0,247,4.9606,37,1,0,200,247,[],0
2,3,49,0,0,251,4.9584,35,1,0,200,251,[],0
2,3,52,0,0,62,4.1439,9,1,0,200,62,[],0
2,3,50,0,0,254,5.0234,37,1,0,200,254,[],0
2,3,49,0,0,236,4.8813,31,1,0,200,236,[],0
2,3,52,0,0,60,4.2947,9,1,0,200,60,[],0
2,3,50,0,0,270,4.9644,39,1,0,200,270,[],0
2,3,49,0,0,252,4.9451,36,1,0,200,252,[],0
2,3,52,0,0,59,4.0322,9,1,0,200,59,[],0
2,3,50,0,0,248,5.0098,36,1,0,200,248,[],0
2,3,49,0,0,264,4.9981,38,1,0,200,264,[],0
2,3,52,0,0,61,4.0992,9,1,0,200,61,[],0
2,3,50,0,0,255,5.0122,36,1,0,200,255,[],0
2,3,49,0,0,240,5.03,35,1,0,200,240,[],0
2,3,52,0,0,63,4.3558,9,1,0,200,63,[],0
2,3,50,0,0,223,4.9563,33,1,0,200,223,[],0
2,3,49,0,0,248,4.9845,35,1,0,200,248,[],0
2,3,52,0,0,60,4.1087,9,1,0,200,60,[],0
2,3,50,0,0,244,5.0664,36,1,0,200,244,[],0
2,3,49,0,0,258,4.9353,35,1,0,200,258,[],0
2,3,52,0,0,59,4.2069,9,1,0,200,59,[],0
2,3,50,0,0,263,5.0363,38,1,0,200,263,[],0
2,3,49,0,0,227,4.9969,31,1,0,200,227,[],0
2,3,52,0,0,55,4.2879,9,1,0,200,55,[],0
2,3,50,0,0,245,4.896,35,1,0,200,245,[],0
2,3,49,0,0,256,5.1144,38,1,0,200,256,[],0
2,3,52,0,0,61,4.1885,9,1,0,200,61,[],0
2,3,50,0,0,251,5.014,35,1,0,200,251,[],0
2,3,49,0,0,262,5.0574,36,1,0,200,262,[],0
2,3,52,0,0,64,4.4526,9,1,0,200,64,[],0
2,3,50,0,0,251,4.9907,35,1,0,200,251,[],0
2,3,49,0,0,260,5.0029,38,1,0,200,260,[],0
2,3,52,0,0,61,4.2668,10,1,0,200,61,[],0
2,3,50,0,0,263,5.0479,39,1,0,200,263,[],0
2,3,49,0,0,228,4.9343,32,1,0,200,228,[],0
2,3,52,0,0,61,4.254,10,1,0,200,61,[],0
2,3,50,0,0,245,5.0086,35,1,0,200,245,[],0
2,3,49,0,0,268,5.0251,37,1,0,200,268,[],0
2,3,52,0,0,64,4.1956,9,1,0,200,64,[],0
2,3,50,0,0,249,4.9522,33,1,0,200,249,[],0
2,3,49,0,0,244,5.0599,34,1,0,200,244,[],0
2,3,52,0,0,58,4.095,9,1,0,200,58,[],0
2,3,50,0,0,235,4.9294,33,1,0,200,235,[],0
2,3,49,0,0,242,4.9685,34,1,0,200,242,[],0
2,3,52,0,0,63,4.3995,9,1,0,200,63,[],0
2,3,50,0,0,248,5.1493,35,1,0,200,248,[],0
2,3,49,0,0,241,5.0593,34,1,0,200,241,[],0
2,3,52,0,0,59,4.0419,9,1,0,200,59,[],0
2,3,50,0,0,257,5.027,36,1,0,200,257,[],0
2,3,49,0,0,234,5.0711,37,1,0,200,234,[],0
2,3,52,0,0,64,4.3968,10,1,0,200,64,[],0
2,3,50,0,0,261,5.0129,38,1,0,200,261,[],0
2,3,49,0,0,256,4.9621,36,1,0,200,256,[],0
2,3,52,0,0,61,4.226,9,1,0,200,61,[],0
1,3,88,3,40,0,0.0,0,1,0,200,0,[],0
2,3,47,0,0,40,4.0726,7,1,0,200,40,[],0
2,3,50,0,0,248,4.9876,37,1,0,200,248,[],0
2,3,49,0,0,245,4.9737,35,1,0,200,245,[],0
2,3,52,0,0,55,4.2764,10,1,0,200,55,[],0
2,3,50,0,0,258,5.0568,39,1,0,200,258,[],0
2,3,49,0,0,262,5.0524,37,1,0,200,262,[],0
2,3,52,0,0,64,4.3009,10,1,0,200,64,[],0
2,3,50,0,0,252,4.9759,35,1,0,200,252,[],0
2,3,49,0,0,263,5.0344,36,1,0,200,263,[],0
2,3,52,0,0,64,4.307,10,1,0,200,64,[],0
2,3,50,0,0,248,5.0673,38,1,0,200,248,[],0
2,3,49,0,0,251,4.9042,35,1,0,200,251,[],0
2,3,52,0,0,60,4.1493,9,1,0,200,60,[],0
2,3,50,0,0,241,4.929,35,1,0,200,241,[],0
2,3,49,0,0,266,5.0859,39,1,0,200,266,[],0
2,3,52,0,0,59,4.2674,9,1,0,200,59,[],0
2,3,50,0,0,237,4.9982,33,1,0,200,237,[],0
2,3,49,0,0,263,4.9691,37,1,0,200,263,[],0
2,3,52,0,0,56,4.1825,9,1,0,200,56,[],0
2,3,50,0,0,247,4.9761,34,1,0,200,247,[],0
2,3,49,0,0,256,4.9084,33,1,0,200,256,[],0
2,3,52,0,0,56,4.0531,9,1,0,200,56,[],0
2,3,50,0,0,239,4.9721,34,1,0,200,239,[],0
2,3,49,0,0,259,5.0341,39,1,0,200,259,[],0
2,3,52,0,0,63,4.2029,9,1,0,200,63,[],0
2,3,50,0,0,241,4.9364,33,1,0,200,241,[],0
2,3,49,0,0,238,4.942,32,1,0,200,238,[],0
2,3,52,0,0,61,4.1233,9,1,0,200,61,[],0
2,3,50,0,0,252,5.0191,34,1,0,200,252,[],0
2,3,49,0,0,241,5.0655,32,1,0,200,241,[],0
2,3,52,0,0,58,4.2307,9,1,0,200,58,[],0
2,3,50,0,0,234,5.031,33,1,0,200,234,[],0
2,3,49,0,0,245,4.9834,36,1,0,200,245,[],0
2,3,52,0,0,62,4.24,9,1,0,200,62,[],0
2,3,50,0,0,245,5.0533,34,1,0,200,245,[],0
2,3,49,0,0,260,4.9327,36,1,0,200,260,[],0
2,3,52,0,0,54,4.1851,9,1,0,200,54,[],0
2,3,50,0,0,243,5.0841,37,1,0,200,243,[],0
1,3,333,13,283,0,0.0,0,1,0,200,0,[],0
2,3,49,0,0,283,5.0451,42,1,0,200,283,[],0
2,3,52,0,0,61,4.2528,9,1,0,200,61,[],0
2,3,50,0,0,246,5.0519,36,1,0,200,246,[],0
2,3,49,0,0,243,4.974,34,1,0,200,243,[],0
2,3,52,0,0,59,4.089,9,1,0,200,59,[],0
1,3,276,13,225,0,0.0,0,1,0,200,0,[],0
2,3,50,0,0,225,4.9931,34,1,0,200,225,[],0
2,3,49,0,0,247,4.8884,33,1,0,200,247,[],0
2,3,52,0,0,59,4.4227,10,1,0,200,59,[],0
2,3,50,0,0,262,4.9204,37,1,0,200,262,[],0
2,3,49,0,0,262,5.137,40,1,0,200,262,[],0
2,3,52,0,0,60,4.1952,9,1,0,200,60,[],0
2,3,50,0,0,247,4.9484,37,1,0,200,247,[],0
2,3,49,0,0,257,5.0367,38,1,0,200,257,[],0
2,3,52,0,0,65,4.5204,11,1,0,200,65,[],0
2,3,50,0,0,267,5.0214,41,1,0,200,267,[],0
2,3,49,0,0,283,4.9522,39,1,0,200,283,[],0
2,3,52,0,0,65,4.5625,11,1,0,200,65,[],0
2,3,50,0,0,251,5.0704,38,1,0,200,251,[],0
2,3,49,0,0,256,5.119,37,1,0,200,256,[],0
2,3,52,0,0,58,4.013,9,1,0,200,58,[],0
2,3,50,0,0,256,5.0301,35,1,0,200,256,[],0
2,3,49,0,0,248,5.0668,37,1,0,200,248,[],0
2,3,52,0,0,65,4.3302,10,1,0,200,65,[],0
2,3,50,0,0,274,5.0318,38,1,0,200,274,[],0
2,3,49,0,0,280,4.9873,39,1,0,200,280,[],0
2,3,52,0,0,64,4.5581,10,1,0,200,64,[],0
2,3,50,0,0,257,4.9346,36,1,0,200,257,[],0
2,3,49,0,0,266,4.9714,37,1,0,200,266,[],0
2,3,52,0,0,57,4.2598,10,1,0,200,57,[],0
2,3,50,0,0,244,5.008,37,1,0,200,244,[],0
2,3,49,0,0,237,5.102,34,1,0,200,237,[],0
2,3,52,0,0,64,4.3531,10,1,0,200,64,[],0
2,3,50,0,0,248,4.9921,37,1,0,200,248,[],0
2,3,49,0,0,274,5.1032,38,1,0,200,274,[],0
2,3,52,0,0,64,4.1442,9,1,0,200,64,[],0
2,3,50,0,0,254,4.9941,35,1,0,200,254,[],0
2,3,49,0,0,246,4.873,32,1,0,200,246,[],0
2,3,52,0,0,64,4.5116,10,1,0,200,64,[],0
2,3,50,0,0,275,5.0803,39,1,0,200,275,[],0
2,3,49,0,0,227,5.0332,34,1,0,200,227,[],0
2,3,52,0,0,64,4.3493,11,1,0,200,64,[],0
2,3,50,0,0,240,5.0103,34,1,0,200,240,[],0
2,3,49,0,0,250,5.0125,36,1,0,200,250,[],0
2,3,52,0,0,67,4.5341,9,1,0,200,67,[],0
2,3,50,0,0,285,5.0025,38,1,0,200,285,[],0
2,3,49,0,0,253,4.9251,34,1,0,200,253,[],0
2,3,52,0,0,62,4.1937,9,1,0,200,62,[],0
2,3,50,0,0,243,5.0725,33,1,0,200,243,[],0
2,3,49,0,0,241,4.9909,35,1,0,200,241,[],0
2,3,52,0,0,57,4.1617,9,1,0,200,57,[],0
2,3,50,0,0,253,4.9219,34,1,0,200,253,[],0
2,3,49,0,0,241,5.0702,37,1,0,200,241,[],0
2,3,52,0,0,60,4.2611,9,1,0,200,60,[],0
2,3,50,0,0,253,4.947,36,1,0,200,253,[],0
2,3,49,0,0,270,4.9998,39,1,0,200,270,[],0
2,3,52,0,0,60,4.1043,9,1,0,200,60,[],0
2,3,50,0,0,240,4.9962,34,1,0,200,240,[],0
2,3,49,0,0,243,5.0669,33,1,0,200,243,[],0
2,3,52,0,0,60,4.205,10,1,0,200,60,[],0
2,3,50,0,0,249,5.0664,35,1,0,200,249,[],0
2,3,49,0,0,241,5.0952,35,1,0,200,241,[],0
2,3,50,0,0,232,5.0222,32,1,0,200,232,[],0
2,3,49,0,0,255,5.0163,36,1,0,200,255,[],0
2,3,52,0,0,57,4.0507,9,1,0,200,57,[],0
2,3,50,0,0,252,4.9274,34,1,0,200,252,[],0
2,3,49,0,0,252,5.0276,37,1,0,200,252,[],0
2,3,52,0,0,62,4.4705,10,1,0,200,62,[],0
2,3,50,0,0,246,5.1505,39,1,0,200,246,[],0
2,3,49,0,0,244,5.0015,33,1,0,200,244,[],0
2,3,52,0,0,60,3.9738,9,1,0,200,60,[],0
2,3,50,0,0,245,4.9797,34,1,0,200,245,[],0
2,3,49,0,0,248,4.9946,36,1,0,200,248,[],0
2,3,52,0,0,57,4.2455,9,1,0,200,57,[],0
2,3,50,0,0,244,4.9956,35,1,0,200,244,[],0
2,3,49,0,0,269,4.9586,37,1,0,200,269,[],0
2,3,52,0,0,58,4.3229,9,1,0,200,58,[],0
2,3,50,0,0,273,5.0064,38,1,0,200,273,[],0
2,3,49,0,0,257,4.8759,35,1,0,200,257,[],0
2,3,52,0,0,63,4.1401,9,1,0,200,63,[],0
2,3,50,0,0,245,4.9566,35,1,0,200,245,[],0
2,3,49,0,0,244,4.9955,36,1,0,200,244,[],0
2,3,52,0,0,59,4.2896,9,1,0,200,59,[],0
2,3,50,0,0,234,5.0054,33,1,0,200,234,[],0
2,3,49,0,0,286,5.0487,41,1,0,200,286,[],0
2,3,52,0,0,61,3.9649,9,1,0,200,61,[],0
2,3,50,0,0,265,4.958,36,1,0,200,265,[],0
2,3,49,0,0,260,4.9933,37,1,0,200,260,[],0
2,3,52,0,0,57,4.3131,9,1,0,200,57,[],0
2,3,50,0,0,240,4.9341,32,1,0,200,240,[],0
2,3,49,0,0,261,4.9122,35,1,0,200,261,[],0
2,3,52,0,0,67,4.4132,10,1,0,200,67,[],0
2,3,50,0,0,241,5.0314,37,1,0,200,241,[],0
2,3,49,0,0,232,5.1293,35,1,0,200,232,[],0
2,3,52,0,0,60,3.9819,9,1,0,200,60,[],0
2,3,50,0,0,231,4.9456,32,1,0,200,231,[],0
2,3,49,0,0,258,5.0386,38,1,0,200,258,[],0
2,3,52,0,0,64,4.3831,9,1,0,200,64,[],0
2,3,50,0,0,245,5.0606,39,1,0,200,245,[],0
2,3,49,0,0,260,5.0256,34,1,0,200,260,[],0
2,3,52,0,0,61,4.3136,10,1,0,200,61,[],0
2,3,50,0,0,245,4.9809,34,1,0,200,245,[],0
2,3,49,0,0,251,5.0734,39,1,0,200,251,[],0
2,3,50,0,0,260,5.1137,40,1,0,200,260,[],0
2,3,49,0,0,256,5.0777,37,1,0,200,256,[],0
2,3,52,0,0,64,4.3162,9,1,0,200,64,[],0
2,3,50,0,0,273,5.007,37,1,0,200,273,[],0
2,3,49,0,0,253,4.9345,33,1,0,200,253,[],0
2,3,52,0,0,63,4.5329,10,1,0,200,63,[],0
2,3,50,0,0,250,4.935,33,1,0,200,250,[],0
2,3,49,0,0,238,5.0049,35,1,0,200,238,[],0
2,3,52,0,0,63,4.4303,9,1,0,200,63,[],0
2,3,50,0,0,262,5.0443,35,1,0,200,262,[],0
2,3,49,0,0,249,4.9416,34,1,0,200,249,[],0
2,3,52,0,0,56,4.2801,9,1,0,200,56,[],0
2,3,50,0,0,242,4.9909,33,1,0,200,242,[],0
2,3,49,0,0,248,5.0021,38,1,0,200,248,[],0
2,3,48,0,0,67,4.3197,13,1,0,200,67,[],0
2,3,52,0,0,59,4.1011,9,1,0,200,59,[],0
2,3,50,0,0,250,4.9732,35,1,0,200,250,[],0
2,3,49,0,0,254,5.0237,38,1,0,200,254,[],0
2,3,52,0,0,61,4.2152,9,1,0,200,61,[],0
2,3,50,0,0,262,5.0092,38,1,0,200,262,[],0
2,3,49,0,0,241,5.0332,34,1,0,200,241,[],0
2,3,50,0,0,282,4.9561,36,1,0,200,282,[],0
2,3,49,0,0,247,5.1298,34,1,0,200,247,[],0
2,3,52,0,0,64,4.1975,10,1,0,200,64,[],0
2,3,50,0,0,229,4.9262,33,1,0,200,229,[],0
2,3,49,0,0,244,5.007,34,1,0,200,244,[],0
2,3,52,0,0,63,4.4792,9,1,0,200,63,[],0
2,3,50,0,0,239,4.9491,35,1,0,200,239,[],0
2,3,49,0,0,250,5.1286,36,1,0,200,250,[],0
2,3,52,0,0,61,4.1868,9,1,0,200,61,[],0
2,3,50,0,0,256,5.0705,36,1,0,200,256,[],0
2,3,49,0,0,264,5.0774,39,1,0,200,264,[],0
2,3,52,0,0,62,4.3431,10,1,0,200,62,[],0
2,3,50,0,0,258,5.1052,37,1,0,200,258,[],0
2,3,49,0,0,258,5.0067,39,1,0,200,258,[],0
2,3,52,0,0,58,4.2804,10,1,0,200,58,[],0
2,3,50,0,0,265,5.0915,41,1,0,200,265,[],0
2,3,49,0,0,258,4.9526,36,1,0,200,258,[],0
2,3,50,0,0,241,4.8956,36,1,0,200,241,[],0
2,3,49,0,0,245,5.0243,35,1,0,200,245,[],0
2,3,52,0,0,65,4.2627,10,1,0,200,65,[],0
2,3,50,0,0,270,5.074,39,1,0,200,270,[],0
2,3,49,0,0,225,4.9531,32,1,0,200,225,[],0
2,3,52,0,0,59,4.3397,10,1,0,200,59,[],0
2,3,50,0,0,256,4.9894,37,1,0,200,256,[],0
2,3,49,0,0,234,5.0046,34,1,0,200,234,[],0
2,3,52,0,0,57,4.1438,9,1,0,200,57,[],0
2,3,50,0,0,248,4.9893,36,1,0,200,248,[],0
2,3,49,0,0,252,4.9773,36,1,0,200,252,[],0
2,3,52,0,0,56,4.0101,9,1,0,200,56,[],0
2,3,50,0,0,257,5.0557,36,1,0,200,257,[],0
2,3,49,0,0,269,4.9751,36,1,0,200,269,[],0
2,3,52,0,0,61,4.0771,9,1,0,200,61,[],0
2,3,50,0,0,250,5.057,37,1,0,200,250,[],0
2,3,49,0,0,237,4.9689,34,1,0,200,237,[],0
2,3,52,0,0,60,4.1964,9,1,0,200,60,[],0
2,3,50,0,0,262,5.0497,39,1,0,200,262,[],0
2,3,49,0,0,282,4.9455,39,1,0,200,282,[],0
2,3,52,0,0,57,4.2272,9,1,0,200,57,[],0
2,3,50,0,0,250,4.9191,33,1,0,200,250,[],0
2,3,49,0,0,253,4.8377,34,1,0,200,253,[],0
2,3,52,0,0,59,3.9195,9,1,0,200,59,[],0
2,3,50,0,0,257,4.962,36,1,0,200,257,[],0
2,3,49,0,0,273,5.1043,39,1,0,200,273,[],0
2,3,52,0,0,63,4.3185,9,1,0,200,63,[],0
2,3,50,0,0,235,4.936,34,1,0,200,235,[],0
2,3,49,0,0,271,5.0153,40,1,0,200,271,[],0
2,3,52,0,0,60,4.3947,10,1,0,200,60,[],0
2,3,50,0,0,257,5.0383,33,1,0,200,257,[],0
2,3,49,0,0,270,4.967,37,1,0,200,270,[],0
2,3,52,0,0,64,4.2071,9,1,0,200,64,[],0
2,3,50,0,0,253,5.0386,35,1,0,200,253,[],0
2,3,49,0,0,270,5.0593,40,1,0,200,270,[],0
2,3,52,0,0,63,4.5624,10,1,0,200,63,[],0
2,3,50,0,0,260,5.1037,37,1,0,200,260,[],0
2,3,49,0,0,242,4.9083,34,1,0,200,242,[],0
2,3,52,0,0,60,4.3397,10,1,0,200,60,[],0
2,3,50,0,0,257,4.9998,37,1,0,200,257,[],0
2,3,49,0,0,258,5.0277,34,1,0,200,258,[],0
2,3,52,0,0,61,4.2815,9,1,0,200,61,[],0
2,3,50,0,0,264,4.927,37,1,0,200,264,[],0
2,3,49,0,0,242,5.1539,34,1,0,200,242,[],0
2,3,52,0,0,61,4.1627,9,1,0,200,61,[],0
2,3,50,0,0,241,5.0075,33,1,0,200,241,[],0
2,3,49,0,0,253,4.9556,35,1,0,200,253,[],0
2,3,52,0,0,61,4.2012,9,1,0,200,61,[],0
2,3,50,0,0,244,4.9474,34,1,0,200,244,[],0
2,3,49,0,0,268,5.083,38,1,0,200,268,[],0
2,3,52,0,0,55,4.2497,9,1,0,200,55,[],0
2,3,50,0,0,261,4.9703,34,1,0,200,261,[],0
2,3,49,0,0,235,4.9706,34,1,0,200,235,[],0
2,3,50,0,0,239,5.0697,34,1,0,200,239,[],0
2,3,49,0,0,262,4.9474,37,1,0,200,262,[],0
2,3,50,0,0,248,4.9276,33,1,0,200,248,[],0
2,3,49,0,0,253,5.132,39,1,0,200,253,[],0
2,3,50,0,0,248,4.937,35,1,0,200,248,[],0
2,3,49,0,0,236,4.9625,35,1,0,200,236,[],0
2,3,52,0,0,55,4.0702,9,1,0,200,55,[],0
2,3,50,0,0,250,5.0541,36,1,0,200,250,[],0
2,3,49,0,0,271,5.0358,35,1,0,200,271,[],0
2,3,52,0,0,62,4.4649,9,1,0,200,62,[],0
2,3,50,0,0,271,5.1617,39,1,0,200,271,[],0
2,3,49,0,0,239,4.8225,32,1,0,200,239,[],0
2,3,52,0,0,68,4.2752,10,1,0,200,68,[],0
2,3,50,0,0,277,4.9699,40,1,0,200,277,[],0
2,3,49,0,0,276,4.9586,38,1,0,200,276,[],0
2,3,52,0,0,61,4.2404,10,1,0,200,61,[],0
2,3,50,0,0,230,4.9181,31,1,0,200,230,[],0
2,3,49,0,0,259,5.1342,39,1,0,200,259,[],0
2,3,52,0,0,59,4.0969,9,1,0,200,59,[],0
2,3,50,0,0,247,4.908,32,1,0,200,247,[],0
2,3,49,0,0,273,4.9382,40,1,0,200,273,[],0
2,3,52,0,0,56,4.2648,9,1,0,200,56,[],0
2,3,50,0,0,270,4.9524,36,1,0,200,270,[],0
2,3,49,0,0,253,5.0286,38,1,0,200,253,[],0
2,3,52,0,0,59,4.0194,9,1,0,200,59,[],0
2,3,50,0,0,228,5.0175,32,1,0,200,228,[],0
2,3,49,0,0,244,4.8975,34,1,0,200,244,[],0
2,3,52,0,0,61,4.3448,9,1,0,200,61,[],0
2,3,50,0,0,235,5.0082,33,1,0,200,235,[],0
2,3,49,0,0,279,5.0197,40,1,0,200,279,[],0
2,3,52,0,0,63,4.2392,9,1,0,200,63,[],0
2,3,50,0,0,242,5.0492,37,1,0,200,242,[],0
2,3,49,0,0,247,4.881,33,1,0,200,247,[],0
2,3,52,0,0,64,4.2661,9,1,0,200,64,[],0
2,3,50,0,0,259,4.9892,37,1,0,200,259,[],0
2,3,49,0,0,254,4.9941,37,1,0,200,254,[],0
2,3,52,0,0,64,4.4331,9,1,0,200,64,[],0
2,3,50,0,0,255,4.9813,35,1,0,200,255,[],0
2,3,49,0,0,270,4.9816,35,1,0,200,270,[],0
2,3,50,0,0,251,4.9959,34,1,0,200,251,[],0
2,3,49,0,0,253,4.8795,36,1,0,200,253,[],0
2,3,52,0,0,60,4.357,10,1,0,200,60,[],0
2,3,50,0,0,250,5.0163,36,1,0,200,250,[],0
2,3,49,0,0,235,4.8833,30,1,0,200,235,[],0
2,3,52,0,0,65,4.2391,9,1,0,200,65,[],0
2,3,50,0,0,266,5.0847,40,1,0,200,266,[],0
2,3,49,0,0,266,4.9672,40,1,0,200,266,[],0
2,3,50,0,0,260,4.999,35,1,0,200,260,[],0
2,3,49,0,0,253,5.0615,36,1,0,200,253,[],0
2,3,52,0,0,60,4.2838,10,1,0,200,60,[],0
2,3,50,0,0,235,4.9084,32,1,0,200,235,[],0
2,3,49,0,0,243,5.01,32,1,0,200,243,[],0
2,3,52,0,0,56,4.0207,9,1,0,200,56,[],0
2,3,50,0,0,233,4.9791,35,1,0,200,233,[],0
2,3,49,0,0,242,5.0044,36,1,0,200,242,[],0
2,3,52,0,0,57,4.1707,9,1,0,200,57,[],0
2,3,50,0,0,258,4.8931,34,1,0,200,258,[],0
2,3,49,0,0,248,5.0894,35,1,0,200,248,[],0
2,3,52,0,0,69,4.3757,9,1,0,200,69,[],0
2,3,50,0,0,238,5.0329,37,1,0,200,238,[],0
2,3,49,0,0,252,5.0523,39,1,0,200,252,[],0
2,3,52,0,0,62,4.1624,9,1,0,200,62,[],0
2,3,50,0,0,261,4.9397,34,1,0,200,261,[],0
2,3,49,0,0,274,4.9463,37,1,0,200,274,[],0
2,3,52,0,0,64,4.3046,9,1,0,200,64,[],0
2,3,50,0,0,238,4.9032,31,1,0,200,238,[],0
2,3,49,0,0,252,5.0158,39,1,0,200,252,[],0
2,3,52,0,0,63,4.3227,9,1,0,200,63,[],0
2,3,50,0,0,256,5.0885,41,1,0,200,256,[],0
2,3,49,0,0,261,5.0485,36,1,0,200,261,[],0
2,3,52,0,0,63,4.1753,9,1,0,200,63,[],0
2,3,50,0,0,237,5.0164,37,1,0,200,237,[],0
2,3,49,0,0,256,5.0191,36,1,0,200,256,[],0
2,3,52,0,0,60,4.2838,9,1,0,200,60,[],0
2,3,50,0,0,252,5.0864,35,1,0,200,252,[],0
2,3,49,0,0,247,5.1165,36,1,0,200,247,[],0
2,3,52,0,0,59,4.3043,9,1,0,200,59,[],0
2,3,50,0,0,260,5.025,37,1,0,200,260,[],0
2,3,49,0,0,267,4.9772,36,1,0,200,267,[],0
2,3,52,0,0,59,4.4127,9,1,0,200,59,[],0
2,3,50,0,0,270,4.9719,38,1,0,200,270,[],0
2,3,49,0,0,255,4.9901,38,1,0,200,255,[],0
2,3,50,0,0,246,4.9662,34,1,0,200,246,[],0
2,3,49,0,0,270,5.0918,40,1,0,200,270,[],0
2,3,52,0,0,65,4.3797,9,1,0,200,65,[],0
2,3,50,0,0,268,5.0356,38,1,0,200,268,[],0
2,3,49,0,0,261,4.9973,39,1,0,200,261,[],0
2,3,52,0,0,62,4.1107,10,1,0,200,62,[],0
2,3,50,0,0,253,4.9534,34,1,0,200,253,[],0
2,3,49,0,0,256,5.0085,34,1,0,200,256,[],0
2,3,52,0,0,60,4.2505,9,1,0,200,60,[],0
2,3,50,0,0,244,4.9866,36,1,0,200,244,[],0
2,3,49,0,0,257,5.0633,41,1,0,200,257,[],0
2,3,52,0,0,63,4.13,9,1,0,200,63,[],0
2,3,50,0,0,238,4.9575,33,1,0,200,238,[],0
2,3,49,0,0,248,4.9987,35,1,0,200,248,[],0
2,3,52,0,0,61,4.3184,9,1,0,200,61,[],0
2,3,50,0,0,270,5.0349,39,1,0,200,270,[],0
2,3,49,0,0,279,5.0459,40,1,0,200,279,[],0
2,3,52,0,0,56,4.4525,9,1,0,200,56,[],0
2,3,50,0,0,245,5.0653,39,1,0,200,245,[],0
2,3,49,0,0,227,5.0546,35,1,0,200,227,[],0
2,3,52,0,0,58,4.1568,9,1,0,200,58,[],0
2,3,50,0,0,263,5.0143,40,1,0,200,263,[],0
2,3,49,0,0,274,5.0726,38,1,0,200,274,[],0
2,3,52,0,0,59,4.2159,10,1,0,200,59,[],0
2,3,50,0,0,236,5.0132,35,1,0,200,236,[],0
2,3,49,0,0,278,5.0287,39,1,0,200,278,[],0
2,3,52,0,0,59,4.366,10,1,0,200,59,[],0
2,3,50,0,0,261,4.8779,35,1,0,200,261,[],0
2,3,49,0,0,244,5.1474,34,1,0,200,244,[],0
2,3,52,0,0,60,4.2427,9,1,0,200,60,[],0
2,3,50,0,0,232,5.0355,32,1,0,200,232,[],0
2,3,49,0,0,232,5.026,31,1,0,200,232,[],0
2,3,52,0,0,62,4.2986,10,1,0,200,62,[],0
2,3,50,0,0,243,4.9545,34,1,0,200,243,[],0
2,3,49,0,0,261,5.0556,39,1,0,200,261,[],0
2,3,52,0,0,65,4.5411,9,1,0,200,65,[],0
2,3,50,0,0,234,5.0348,37,1,0,200,234,[],0
2,3,49,0,0,237,4.9125,34,1,0,200,237,[],0
2,3,50,0,0,253,5.0022,35,1,0,200,253,[],0
2,3,49,0,0,250,4.9517,34,1,0,200,250,[],0
2,3,52,0,0,55,4.1763,9,1,0,200,55,[],0
2,3,50,0,0,262,5.0173,37,1,0,200,262,[],0
2,3,49,0,0,258,4.9871,35,1,0,200,258,[],0
2,3,52,0,0,64,4.4845,10,1,0,200,64,[],0
2,3,50,0,0,262,5.0632,38,1,0,200,262,[],0
2,3,49,0,0,248,4.972,36,1,0,200,248,[],0
2,3,52,0,0,64,4.1287,9,1,0,200,64,[],0
2,3,50,0,0,243,4.9742,35,1,0,200,243,[],0
2,3,49,0,0,260,5.1277,36,1,0,200,260,[],0
2,3,52,0,0,63,4.3198,10,1,0,200,63,[],0
2,3,50,0,0,251,5.0092,34,1,0,200,251,[],0
2,3,49,0,0,235,4.9446,35,1,0,200,235,[],0
2,3,52,0,0,58,4.3286,9,1,0,200,58,[],0
2,3,50,0,0,254,5.0757,40,1,0,200,254,[],0
2,3,49,0,0,245,4.9247,36,1,0,200,245,[],0
2,3,52,0,0,65,4.3217,9,1,0,200,65,[],0
2,3,50,0,0,258,5.0056,34,1,0,200,258,[],0
2,3,49,0,0,247,5.0729,38,1,0,200,247,[],0
2,3,52,0,0,66,4.1609,9,1,0,200,66,[],0
2,3,50,0,0,249,5.013,35,1,0,200,249,[],0
2,3,49,0,0,243,4.8805,32,1,0,200,243,[],0
2,3,52,0,0,61,4.0577,9,1,0,200,61,[],0
2,3,50,0,0,266,5.0296,38,1,0,200,266,[],0
2,3,49,0,0,234,4.9634,34,1,0,200,234,[],0
2,3,52,0,0,64,4.4742,11,1,0,200,64,[],0
2,3,50,0,0,244,5.0817,35,1,0,200,244,[],0
2,3,49,0,0,253,4.9978,38,1,0,200,253,[],0
2,3,50,0,0,263,5.0736,36,1,0,200,263,[],0
2,3,49,0,0,246,4.8819,34,1,0,200,246,[],0
2,3,52,0,0,62,4.1791,11,1,0,200,62,[],0
2,3,50,0,0,243,4.9811,34,1,0,200,243,[],0
2,3,49,0,0,243,5.0523,36,1,0,200,243,[],0
2,3,52,0,0,62,4.4036,9,1,0,200,62,[],0
2,3,50,0,0,237,5.0086,34,1,0,200,237,[],0
2,3,49,0,0,263,5.0278,35,1,0,200,263,[],0
2,3,52,0,0,59,4.1159,9,1,0,200,59,[],0
2,3,50,0,0,251,4.8831,36,1,0,200,251,[],0
2,3,49,0,0,237,5.0849,35,1,0,200,237,[],0
2,3,52,0,0,60,4.2819,9,1,0,200,60,[],0
2,3,50,0,0,242,5.0654,38,1,0,200,242,[],0
2,3,49,0,0,247,4.9652,36,1,0,200,247,[],0
2,3,52,0,0,61,4.2976,10,1,0,200,61,[],0
2,3,50,0,0,244,4.9561,32,1,0,200,244,[],0
2,3,49,0,0,254,4.8763,35,1,0,200,254,[],0
2,3,52,0,0,67,4.4259,10,1,0,200,67,[],0
2,3,50,0,0,270,5.0311,35,1,0,200,270,[],0
2,3,49,0,0,248,5.0731,36,1,0,200,248,[],0
2,3,48,0,0,71,4.5305,13,1,0,200,71,[],0
2,3,52,0,0,57,4.2164,9,1,0,200,57,[],0
2,3,50,0,0,246,4.9904,35,1,0,200,246,[],0
2,3,49,0,0,244,5.0585,38,1,0,200,244,[],0
2,3,52,0,0,60,4.2587,9,1,0,200,60,[],0
2,3,50,0,0,258,5.063,37,1,0,200,258,[],0
2,3,49,0,0,257,4.9791,37,1,0,200,257,[],0
2,3,52,0,0,70,4.4207,11,1,0,200,70,[],0
2,3,50,0,0,274,4.9027,35,1,0,200,274,[],0
2,3,49,0,0,240,4.9735,36,1,0,200,240,[],0
2,3,52,0,0,60,4.0826,9,1,0,200,60,[],0
2,3,50,0,0,269,5.0277,38,1,0,200,269,[],0
2,3,49,0,0,287,5.1719,42,1,0,200,287,[],0
2,3,52,0,0,62,4.1353,9,1,0,200,62,[],0
2,3,50,0,0,242,4.9572,34,1,0,200,242,[],0
2,3,49,0,0,245,5.1105,37,1,0,200,245,[],0
2,3,52,0,0,57,4.1484,10,1,0,200,57,[],0
2,3,50,0,0,271,5.0148,39,1,0,200,271,[],0
2,3,49,0,0,241,5.0764,38,1,0,200,241,[],0
2,3,50,0,0,261,4.9543,37,1,0,200,261,[],0
2,3,49,0,0,270,5.0753,39,1,0,200,270,[],0
2,3,52,0,0,67,4.4147,9,1,0,200,67,[],0
2,3,50,0,0,282,4.9994,38,1,0,200,282,[],0
2,3,49,0,0,263,5.016,37,1,0,200,263,[],0
2,3,52,0,0,65,4.4856,9,1,0,200,65,[],0
2,3,50,0,0,255,5.1012,36,1,0,200,255,[],0
2,3,49,0,0,271,4.9894,42,1,0,200,271,[],0
2,3,52,0,0,58,4.19,9,1,0,200,58,[],0
2,3,50,0,0,238,4.9577,32,1,0,200,238,[],0
2,3,49,0,0,271,4.9753,38,1,0,200,271,[],0
2,3,52,0,0,62,4.3187,9,1,0,200,62,[],0
2,3,50,0,0,239,4.984,32,1,0,200,239,[],0
2,3,49,0,0,242,5.0175,35,1,0,200,242,[],0
2,3,50,0,0,281,4.9637,36,1,0,200,281,[],0
2,3,49,0,0,255,4.9697,36,1,0,200,255,[],0
2,3,50,0,0,248,4.9338,32,1,0,200,248,[],0
2,3,49,0,0,245,5.1438,36,1,0,200,245,[],0
2,3,52,0,0,62,4.2549,9,1,0,200,62,[],0
2,3,50,0,0,233,4.965,33,1,0,200,233,[],0
2,3,49,0,0,262,5.0511,34,1,0,200,262,[],0
2,3,52,0,0,62,4.2848,9,1,0,200,62,[],0
2,3,50,0,0,256,5.0033,35,1,0,200,256,[],0
2,3,49,0,0,235,5.1445,34,1,0,200,235,[],0
2,3,52,0,0,64,4.151,10,1,0,200,64,[],0
2,3,50,0,0,261,5.0519,37,1,0,200,261,[],0
2,3,49,0,0,246,5.0268,37,1,0,200,246,[],0
2,3,52,0,0,60,4.3635,9,1,0,200,60,[],0
2,3,50,0,0,259,5.0191,35,1,0,200,259,[],0
2,3,49,0,0,255,5.0056,36,1,0,200,255,[],0
2,3,52,0,0,59,4.2685,9,1,0,200,59,[],0
2,3,50,0,0,261,4.9836,37,1,0,200,261,[],0
2,3,49,0,0,246,4.9674,34,1,0,200,246,[],0
2,3,52,0,0,61,4.3547,9,1,0,200,61,[],0
2,3,50,0,0,252,4.9955,37,1,0,200,252,[],0
2,3,49,0,0,249,4.9981,34,1,0,200,249,[],0
2,3,52,0,0,58,4.1962,10,1,0,200,58,[],0
2,3,50,0,0,249,4.9668,37,1,0,200,249,[],0
2,3,49,0,0,259,4.9875,38,1,0,200,259,[],0
2,3,52,0,0,65,4.5362,10,1,0,200,65,[],0
2,3,50,0,0,270,4.8642,37,1,0,200,270,[],0
2,3,49,0,0,258,5.0005,36,1,0,200,258,[],0
2,3,52,0,0,58,4.3303,9,1,0,200,58,[],0
2,3,50,0,0,246,4.9951,34,1,0,200,246,[],0
2,3,49,0,0,239,5.0578,35,1,0,200,239,[],0
2,3,52,0,0,54,3.9467,9,1,0,200,54,[],0
2,3,50,0,0,254,4.9878,37,1,0,200,254,[],0
2,3,49,0,0,258,4.9472,36,1,0,200,258,[],0
2,3,52,0,0,63,4.3425,10,1,0,200,63,[],0
2,3,50,0,0,269,4.9956,37,1,0,200,269,[],0
2,3,49,0,0,242,5.037,35,1,0,200,242,[],0
2,3,52,0,0,60,4.3209,9,1,0,200,60,[],0
2,3,50,0,0,249,5.0618,34,1,0,200,249,[],0
2,3,49,0,0,252,4.9892,36,1,0,200,252,[],0
2,3,52,0,0,58,4.4615,9,1,0,200,58,[],0
2,3,50,0,0,265,5.1164,40,1,0,200,265,[],0
2,3,49,0,0,264,5.093,39,1,0,200,264,[],0
2,3,52,0,0,67,4.5274,9,1,0,200,67,[],0
2,3,50,0,0,241,4.9162,33,1,0,200,241,[],0
2,3,49,0,0,257,4.9727,38,1,0,200,257,[],0
2,3,50,0,0,237,4.9809,33,1,0,200,237,[],0
2,3,49,0,0,240,5.0816,39,1,0,200,240,[],0
2,3,52,0,0,60,4.0635,9,1,0,200,60,[],0
2,3,50,0,0,240,4.8997,34,1,0,200,240,[],0
2,3,49,0,0,255,5.0499,39,1,0,200,255,[],0
2,3,52,0,0,62,4.3171,10,1,0,200,62,[],0
2,3,50,0,0,261,4.9463,36,1,0,200,261,[],0
2,3,49,0,0,260,5.0424,39,1,0,200,260,[],0
2,3,52,0,0,58,4.2047,9,1,0,200,58,[],0
2,3,50,0,0,239,5.0023,36,1,0,200,239,[],0
2,3,49,0,0,224,5.0243,34,1,0,200,224,[],0
2,3,52,0,0,63,4.6,9,1,0,200,63,[],0
2,3,50,0,0,261,4.9841,37,1,0,200,261,[],0
2,3,49,0,0,269,5.0377,40,1,0,200,269,[],0
2,3,52,0,0,64,4.3595,9,1,0,200,64,[],0
2,3,50,0,0,260,4.9516,35,1,0,200,260,[],0
2,3,49,0,0,241,5.0733,37,1,0,200,241,[],0
2,3,50,0,0,244,4.8964,33,1,0,200,244,[],0
2,3,49,0,0,245,5.0218,33,1,0,200,245,[],0
2,3,52,0,0,61,4.4578,9,1,0,200,61,[],0
2,3,50,0,0,244,5.0228,36,1,0,200,244,[],0
2,3,49,0,0,259,5.0157,35,1,0,200,259,[],0
2,3,52,0,0,62,4.2206,9,1,0,200,62,[],0
2,3,50,0,0,253,5.0277,35,1,0,200,253,[],0
2,3,49,0,0,231,4.9655,34,1,0,200,231,[],0
2,3,52,0,0,62,4.3552,11,1,0,200,62,[],0
2,3,50,0,0,260,5.0109,37,1,0,200,260,[],0
2,3,49,0,0,273,5.0336,42,1,0,200,273,[],0
2,3,52,0,0,60,4.3297,10,1,0,200,60,[],0
2,3,50,0,0,263,4.9368,39,1,0,200,263,[],0
2,3,49,0,0,261,4.9716,36,1,0,200,261,[],0
2,3,52,0,0,62,4.1944,9,1,0,200,62,[],0
2,3,50,0,0,256,5.0447,36,1,0,200,256,[],0
2,3,49,0,0,252,5.0296,35,1,0,200,252,[],0
2,3,52,0,0,62,4.406,10,1,0,200,62,[],0
2,3,50,0,0,228,5.0029,30,1,0,200,228,[],0
2,3,49,0,0,264,5.0685,34,1,0,200,264,[],0
2,3,52,0,0,61,3.9566,9,1,0,200,61,[],0
2,3,50,0,0,235,4.9712,30,1,0,200,235,[],0
1,3,352,13,302,0,0.0,0,1,0,200,0,[],0
2,3,49,0,0,302,5.0522,44,1,0,200,302,[],0
2,3,52,0,0,70,4.1388,9,1,0,200,70,[],0
2,3,50,0,0,274,5.0783,42,1,0,200,274,[],0
2,3,49,0,0,267,5.072,42,1,0,200,267,[],0
2,3,52,0,0,60,4.07,9,1,0,200,60,[],0
2,3,50,0,0,247,5.0452,38,1,0,200,247,[],0
2,3,49,0,0,269,5.0312,37,1,0,200,269,[],0
2,3,52,0,0,61,4.4063,10,1,0,200,61,[],0
2,3,50,0,0,257,4.9258,36,1,0,200,257,[],0
2,3,49,0,0,256,4.953,36,1,0,200,256,[],0
2,3,52,0,0,55,4.2538,9,1,0,200,55,[],0
2,3,50,0,0,263,4.9751,37,1,0,200,263,[],0
2,3,49,0,0,246,5.0852,36,1,0,200,246,[],0
2,3,52,0,0,64,4.3181,9,1,0,200,64,[],0
2,3,50,0,0,255,5.0664,38,1,0,200,255,[],0
2,3,49,0,0,265,4.9755,37,1,0,200,265,[],0
2,3,52,0,0,60,4.2815,9,1,0,200,60,[],0
2,3,50,0,0,268,4.9135,36,1,0,200,268,[],0
2,3,49,0,0,245,4.9666,35,1,0,200,245,[],0
2,3,50,0,0,257,4.9865,36,1,0,200,257,[],0
2,3,49,0,0,243,4.9209,37,1,0,200,243,[],0
2,3,52,0,0,62,4.2515,9,1,0,200,62,[],0
2,3,50,0,0,248,5.038,34,1,0,200,248,[],0
2,3,49,0,0,262,4.9685,38,1,0,200,262,[],0
2,3,52,0,0,64,4.4571,10,1,0,200,64,[],0
2,3,50,0,0,260,4.9692,37,1,0,200,260,[],0
1,3,351,13,301,0,0.0,0,1,0,200,0,[],0
2,3,49,0,0,301,5.0125,43,1,0,200,301,[],0
2,3,52,0,0,56,4.0953,9,1,0,200,56,[],0
1,3,277,13,226,0,0.0,0,1,0,200,0,[],0
2,3,50,0,0,226,5.1096,33,1,0,200,226,[],0
2,3,49,0,0,248,4.9648,34,1,0,200,248,[],0
2,3,52,0,0,61,4.2159,9,1,0,200,61,[],0
2,3,50,0,0,251,5.0771,40,1,0,200,251,[],0
2,3,49,0,0,239,4.9996,36,1,0,200,239,[],0
2,3,52,0,0,63,4.209,9,1,0,200,63,[],0
2,3,50,0,0,256,4.9983,36,1,0,200,256,[],0
2,3,49,0,0,263,5.0802,36,1,0,200,263,[],0
2,3,52,0,0,71,4.4134,10,1,0,200,71,[],0
2,3,50,0,0,251,5.0636,33,1,0,200,251,[],0
2,3,49,0,0,262,5.0067,39,1,0,200,262,[],0
2,3,52,0,0,63,4.1009,9,1,0,200,63,[],0
2,3,50,0,0,252,4.8858,35,1,0,200,252,[],0
2,3,49,0,0,250,5.0322,36,1,0,200,250,[],0
2,3,52,0,0,62,4.2946,9,1,0,200,62,[],0
2,3,50,0,0,237,5.0412,33,1,0,200,237,[],0
2,3,49,0,0,235,5.0543,35,1,0,200,235,[],0
2,3,50,0,0,258,5.0439,36,1,0,200,258,[],0
2,3,49,0,0,247,5.0938,35,1,0,200,247,[],0
2,3,50,0,0,245,5.063,34,1,0,200,245,[],0
2,3,49,0,0,248,5.008,36,1,0,200,248,[],0
2,3,52,0,0,60,4.4087,9,1,0,200,60,[],0
2,3,50,0,0,246,4.9297,36,1,0,200,246,[],0
2,3,49,0,0,256,5.0293,37,1,0,200,256,[],0
2,3,52,0,0,56,4.0135,9,1,0,200,56,[],0
2,3,50,0,0,273,5.0572,38,1,0,200,273,[],0
2,3,49,0,0,223,4.9839,33,1,0,200,223,[],0
2,3,50,0,0,257,5.0409,34,1,0,200,257,[],0
2,3,49,0,0,254,5.0211,38,1,0,200,254,[],0
2,3,52,0,0,67,4.3892,10,1,0,200,67,[],0
2,3,50,0,0,266,5.0137,37,1,0,200,266,[],0
2,3,49,0,0,269,5.0521,37,1,0,200,269,[],0
2,3,52,0,0,57,4.1288,9,1,0,200,57,[],0
2,3,50,0,0,239,5.0069,36,1,0,200,239,[],0
2,3,49,0,0,274,4.9526,39,1,0,200,274,[],0
2,3,52,0,0,61,4.1093,9,1,0,200,61,[],0
2,3,50,0,0,242,5.0579,37,1,0,200,242,[],0
2,3,49,0,0,241,5.0201,34,1,0,200,241,[],0
2,3,52,0,0,58,4.2054,9,1,0,200,58,[],0
2,3,50,0,0,260,5.0537,41,1,0,200,260,[],0
2,3,49,0,0,259,5.0025,36,1,0,200,259,[],0
2,3,52,0,0,63,4.2852,9,1,0,200,63,[],0
2,3,50,0,0,244,5.0155,36,1,0,200,244,[],0
2,3,49,0,0,246,5.0159,34,1,0,200,246,[],0
2,3,50,0,0,268,4.9882,35,1,0,200,268,[],0
2,3,49,0,0,259,5.0307,36,1,0,200,259,[],0
2,3,50,0,0,252,5.0053,36,1,0,200,252,[],0
2,3,49,0,0,263,5.0466,38,1,0,200,263,[],0
2,3,52,0,0,56,4.2878,9,1,0,200,56,[],0
2,3,50,0,0,274,4.9377,37,1,0,200,274,[],0
2,3,49,0,0,243,5.0266,36,1,0,200,243,[],0
2,3,52,0,0,57,3.9741,9,1,0,200,57,[],0
2,3,50,0,0,258,5.0131,36,1,0,200,258,[],0
2,3,49,0,0,260,4.9691,37,1,0,200,260,[],0
2,3,52,0,0,60,4.1067,9,1,0,200,60,[],0
2,3,50,0,0,260,4.8957,37,1,0,200,260,[],0
2,3,49,0,0,260,5.0047,34,1,0,200,260,[],0
2,3,52,0,0,65,4.2162,9,1,0,200,65,[],0
2,3,50,0,0,248,5.0236,38,1,0,200,248,[],0
2,3,49,0,0,263,4.99,37,1,0,200,263,[],0
2,3,52,0,0,59,4.256,10,1,0,200,59,[],0
2,3,50,0,0,239,5.0084,36,1,0,200,239,[],0
2,3,49,0,0,267,4.9603,39,1,0,200,267,[],0
2,3,52,0,0,66,4.2434,9,1,0,200,66,[],0
2,3,50,0,0,245,4.9223,36,1,0,200,245,[],0
2,3,49,0,0,286,4.9727,41,1,0,200,286,[],0
2,3,52,0,0,59,4.4186,9,1,0,200,59,[],0
2,3,50,0,0,275,5.0587,37,1,0,200,275,[],0
2,3,49,0,0,240,5.0277,31,1,0,200,240,[],0
2,3,52,0,0,62,4.3052,10,1,0,200,62,[],0
2,3,50,0,0,241,5.0266,36,1,0,200,241,[],0
2,3,49,0,0,273,5.0861,40,1,0,200,273,[],0
2,3,52,0,0,62,4.1278,10,1,0,200,62,[],0
2,3,50,0,0,243,4.9439,35,1,0,200,243,[],0
2,3,49,0,0,256,4.9842,38,1,0,200,256,[],0
2,3,52,0,0,59,4.1218,9,1,0,200,59,[],0
2,3,50,0,0,243,5.1271,37,1,0,200,243,[],0
2,3,49,0,0,258,4.9916,35,1,0,200,258,[],0
2,3,52,0,0,61,4.2088,9,1,0,200,61,[],0
2,3,50,0,0,251,5.0242,37,1,0,200,251,[],0
2,3,49,0,0,254,4.891,35,1,0,200,254,[],0
2,3,52,0,0,60,4.4172,9,1,0,200,60,[],0
2,3,50,0,0,241,4.9987,36,1,0,200,241,[],0
2,3,49,0,0,257,5.0481,39,1,0,200,257,[],0
2,3,52,0,0,64,4.0677,9,1,0,200,64,[],0
2,3,50,0,0,250,4.9271,32,1,0,200,250,[],0
2,3,49,0,0,238,4.9712,33,1,0,200,238,[],0
1,3,195,5,146,0,0.0,0,1,0,200,0,[],1
2,3,48,0,0,146,5.0921,32,1,0,200,146,[],1
1,3,126,5,77,0,0.0,0,1,0,200,0,[],1
2,3,48,0,0,77,4.6252,16,1,0,200,77,[],1
1,1,40,0,0,0,0.0,0,1,0,200,0,[],1
1,3,171,5,118,0,0.0,0,1,0,200,0,[],1
2,3,52,0,0,118,4.9199,19,1,0,200,118,[],1
1,3,122,5,69,0,0.0,0,1,0,200,0,[],1
2,3,52,0,0,69,4.5741,12,1,0,200,69,[],1
1,3,116,5,63,0,0.0,0,1,0,200,0,[],1
2,3,52,0,0,63,4.4102,9,1,0,200,63,[],1
1,3,63,1,5,0,0.0,0,1,0,200,0,[],1
2,3,57,0,0,5,2.3219,1,1,0,200,5,[],1
1,3,61,1,12,0,0.0,0,1,0,200,0,[],1
2,3,48,0,0,12,3.1887,2,1,0,200,12,[],1
1,3,83,1,34,0,0.0,0,1,0,200,0,[],1
2,3,48,0,0,34,3.7748,2,1,0,200,34,[],1
1,5,78,0,0,0,0.0,0,1,0,200,0,[],1
1,3,154,3,106,0,0.0,0,1,0,200,0,[],1
2,3,47,0,0,106,4.6305,25,1,0,200,106,[],1
1,3,93,3,45,0,0.0,0,1,0,200,0,[],1
2,3,47,0,0,45,4.3369,8,1,0,200,45,[],1
1,3,91,3,43,0,0.0,0,1,0,200,0,[],1
2,3,47,0,0,43,4.2176,7,1,0,200,43,[],1
3,3,50,0,0,252,4.9424,36,1,0,200,252,[],1
1,3,375,13,324,0,0.0,0,1,0,200,0,[],1
2,3,50,0,0,324,5.0904,46,1,0,200,324,[],1
1,3,359,13,308,0,0.0,0,1,0,200,0,[],1
2,3,50,0,0,308,5.117,42,1,0,200,308,[],1
1,3,305,13,254,0,0.0,0,1,0,200,0,[],1
2,3,50,0,0,254,4.9775,37,1,0,200,254,[],1
1,3,304,13,253,0,0.0,0,1,0,200,0,[],1
2,3,50,0,0,253,4.9601,36,1,0,200,253,[],1
1,1,39,0,0,0,0.0,0,1,0,200,0,[],1
1,3,69,1,20,0,0.0,0,1,0,200,0,[],1
2,3,48,0,0,20,3.6464,3,1,0,200,20,[],1
1,3,67,1,18,0,0.0,0,1,0,200,0,[],1
2,3,48,0,0,18,3.4194,2,1,0,200,18,[],1
1,4,66,0,0,0,0.0,0,1,0,200,0,[],1
1,1,34,0,0,0,0.0,0,1,0,200,0,[],1
1,2,40,0,0,0,0.0,0,1,0,200,0,[],1
1,3,51,0,0,0,0.0,0,1,0,200,0,[],1
1,5,80,0,0,0,0.0,0,1,0,200,0,[],1
1,3,49,0,0,0,0.0,0,1,0,200,0,[],1
1,3,52,0,0,0,0.0,0,1,0,200,0,[],1
1,3,448,13,398,0,0.0,0,1,0,200,0,[],1
2,3,49,0,0,398,5.1101,60,1,0,200,398,[],1
1,3,274,13,224,0,0.0,0,1,0,200,0,[],1
2,3,49,0,0,224,4.9397,34,1,0,200,224,[],1
1,3,287,13,237,0,0.0,0,1,0,200,0,[],1
2,3,49,0,0,237,5.0065,35,1,0,200,237,[],1
1,3,279,13,229,0,0.0,0,1,0,200,0,[],1
2,3,49,0,0,229,4.98,33,1,0,200,229,[],1
1,2,41,0,0,0,0.0,0,1,0,200,0,[],1
1,1,49,0,0,0,0.0,0,1,0,200,0,[],1
1,3,185,5,136,0,0.0,0,1,0,200,0,[],1
2,3,48,0,0,136,4.9595,25,1,0,200,136,[],1
1,3,125,5,76,0,0.0,0,1,0,200,0,[],1
2,3,48,0,0,76,4.5748,16,1,0,200,76,[],1
1,3,123,5,74,0,0.0,0,1,0,200,0,[],1
2,3,48,0,0,74,4.5283,15,1,0,200,74,[],1
3,3,52,0,0,63,4.4257,9,1,0,200,63,[],1
1,3,188,5,135,0,0.0,0,1,0,200,0,[],1
2,3,52,0,0,135,4.9429,19,1,0,200,135,[],1
1,3,124,5,71,0,0.0,0,1,0,200,0,[],1
2,3,52,0,0,71,4.4468,12,1,0,200,71,[],1
1,3,117,5,64,0,0.0,0,1,0,200,0,[],1
2,3,52,0,0,64,4.4727,9,1,0,200,64,[],1
1,2,49,0,0,0,0.0,0,1,0,200,0,[],1
3,3,57,0,0,4,2.0,1,1,0,200,4,[],1
1,3,66,1,8,0,0.0,0,1,0,200,0,[],1
2,3,57,0,0,8,3.0,2,1,0,200,8,[],1
1,3,61,0,0,0,0.0,0,1,0,200,0,[],1
1,2,43,0,0,0,0.0,0,1,0,200,0,[],1
1,3,162,1,113,0,0.0,0,1,0,200,0,[],1
2,3,48,0,0,113,4.6643,12,1,0,200,113,[],1
1,3,104,1,55,0,0.0,0,1,0,200,0,[],1
2,3,48,0,0,55,3.8635,17,1,0,200,55,[],1
1,3,54,0,0,0,0.0,0,1,0,200,0,[],1
1,3,147,3,99,0,0.0,0,1,0,200,0,[],1
2,3,47,0,0,99,4.8191,12,1,0,200,99,[],1
1,3,89,3,41,0,0.0,0,1,0,200,0,[],1
2,3,47,0,0,41,4.3546,6,1,0,200,41,[],1
1,3,92,3,44,0,0.0,0,1,0,200,0,[],1
2,3,47,0,0,44,4.2782,7,1,0,200,44,[],1
1,3,357,13,306,0,0.0,0,1,0,200,0,[],1
2,3,50,0,0,306,5.1,54,1,0,200,306,[],1
2,3,50,0,0,254,5.0418,39,1,0,200,254,[],1
1,3,294,13,243,0,0.0,0,1,0,200,0,[],1
2,3,50,0,0,243,5.0093,36,1,0,200,243,[],1
1,3,132,1,83,0,0.0,0,1,0,200,0,[],1
2,3,48,0,0,83,4.5057,11,1,0,200,83,[],1
1,4,74,0,0,0,0.0,0,1,0,200,0,[],1
1,4,61,0,0,0,0.0,0,1,0,200,0,[],1
1,3,330,13,280,0,0.0,0,1,0,200,0,[],1
2,3,49,0,0,280,5.0996,40,1,0,200,280,[],1
1,3,282,13,232,0,0.0,0,1,0,200,0,[],1
2,3,49,0,0,232,4.9683,35,1,0,200,232,[],1
1,3,284,13,234,0,0.0,0,1,0,200,0,[],1
2,3,49,0,0,234,5.0039,35,1,0,200,234,[],1
1,3,60,0,0,0,0.0,0,1,0,200,0,[],1
1,3,48,0,0,0,0.0,0,1,0,200,0,[],1
1,3,46,0,0,0,0.0,0,1,0,200,0,[],1
1,3,192,5,143,0,0.0,0,1,0,200,0,[],1
2,3,48,0,0,143,4.8746,22,1,0,200,143,[],1
1,3,121,5,72,0,0.0,0,1,0,200,0,[],1
2,3,48,0,0,72,4.5343,16,1,0,200,72,[],1
1,3,119,5,66,0,0.0,0,1,0,200,0,[],1
2,3,52,0,0,66,4.5241,12,1,0,200,66,[],1
1,3,113,5,60,0,0.0,0,1,0,200,0,[],1
2,3,52,0,0,60,4.3863,9,1,0,200,60,[],1
1,3,67,1,9,0,0.0,0,1,0,200,0,[],1
2,3,57,0,0,9,2.9477,2,1,0,200,9,[],1
1,3,58,0,0,0,0.0,0,1,0,200,0,[],1
1,3,119,1,70,0,0.0,0,1,0,200,0,[],1
2,3,48,0,0,70,4.5127,7,1,0,200,70,[],1
2,3,47,0,0,45,4.3813,8,1,0,200,45,[],1
2,3,47,0,0,43,4.2641,7,1,0,200,43,[],1
1,3,318,13,267,0,0.0,0,1,0,200,0,[],1
2,3,50,0,0,267,5.0459,43,1,0,200,267,[],1
1,3,292,13,241,0,0.0,0,1,0,200,0,[],1
2,3,50,0,0,241,4.9943,36,1,0,200,241,[],1
1,3,297,13,246,0,0.0,0,1,0,200,0,[],1
2,3,50,0,0,246,4.983,36,1,0,200,246,[],1
1,3,151,1,102,0,0.0,0,1,0,200,0,[],1
2,3,48,0,0,102,4.4793,14,1,0,200,102,[],1
1,0,25,0,0,0,0.0,0,1,0,200,0,[],1
1,4,68,0,0,0,0.0,0,1,0,200,0,[],1
1,4,52,0,0,0,0.0,0,1,0,200,0,[],1
1,5,86,0,0,0,0.0,0,1,0,200,0,[],1
1,4,72,0,0,0,0.0,0,1,0,200,0,[],1
1,3,306,13,256,0,0.0,0,1,0,200,0,[],1
2,3,49,0,0,256,5.0767,35,1,0,200,256,[],1
1,3,308,13,258,0,0.0,0,1,0,200,0,[],1
2,3,49,0,0,258,5.0918,35,1,0,200,258,[],1
1,2,55,0,0,0,0.0,0,1,0,200,0,[],1
1,5,71,0,0,0,0.0,0,1,0,200,0,[],1
1,3,62,0,0,0,0.0,0,1,0,200,0,[],1
1,2,54,0,0,0,0.0,0,1,0,200,0,[],1
1,3,124,5,75,0,0.0,0,1,0,200,0,[],1
2,3,48,0,0,75,4.6159,14,1,0,200,75,[],1
1,3,122,5,73,0,0.0,0,1,0,200,0,[],1
2,3,48,0,0,73,4.5875,13,1,0,200,73,[],1
1,3,185,5,132,0,0.0,0,1,0,200,0,[],1
2,3,52,0,0,132,5.067,27,1,0,200,132,[],1
1,3,115,5,62,0,0.0,0,1,0,200,0,[],1
2,3,52,0,0,62,4.3207,11,1,0,200,62,[],1
1,3,112,5,59,0,0.0,0,1,0,200,0,[],1
2,3,52,0,0,59,4.3826,10,1,0,200,59,[],1
1,3,63,1,14,0,0.0,0,1,0,200,0,[],1
2,3,48,0,0,14,3.3249,2,1,0,200,14,[],1
1,4,69,0,0,0,0.0,0,1,0,200,0,[],1
2,3,47,0,0,45,4.2924,8,1,0,200,45,[],1
1,4,79,0,0,0,0.0,0,1,0,200,0,[],1
3,3,50,0,0,237,5.0247,32,1,0,200,237,[],1
2,3,50,0,0,241,5.1161,34,1,0,200,241,[],1
1,2,50,0,0,0,0.0,0,1,0,200,0,[],1
1,3,113,1,64,0,0.0,0,1,0,200,0,[],1
2,3,48,0,0,64,4.3665,7,1,0,200,64,[],1
1,3,294,13,244,0,0.0,0,1,0,200,0,[],1
2,3,49,0,0,244,5.0689,37,1,0,200,244,[],1
2,3,49,0,0,237,5.0127,34,1,0,200,237,[],1
1,3,129,5,80,0,0.0,0,1,0,200,0,[],1
2,3,48,0,0,80,4.5848,19,1,0,200,80,[],1
2,3,48,0,0,73,4.5699,16,1,0,200,73,[],1
2,3,48,0,0,76,4.5847,15,1,0,200,76,[],1
2,3,52,0,0,63,4.3804,10,1,0,200,63,[],1
1,3,114,5,61,0,0.0,0,1,0,200,0,[],1
2,3,52,0,0,61,4.2815,9,1,0,200,61,[],1
1,3,136,1,78,0,0.0,0,1,0,200,0,[],1
2,3,57,0,0,78,3.8946,22,1,0,200,78,[],1
1,4,54,0,0,0,0.0,0,1,0,200,0,[],1
3,3,48,0,0,33,3.692,2,1,0,200,33,[],1
2,3,47,0,0,44,4.3237,8,1,0,200,44,[],1
1,3,85,3,37,0,0.0,0,1,0,200,0,[],1
2,3,47,0,0,37,4.1522,5,1,0,200,37,[],1
1,3,313,13,262,0,0.0,0,1,0,200,0,[],1
2,3,50,0,0,262,5.0146,41,1,0,200,262,[],1
1,3,278,13,227,0,0.0,0,1,0,200,0,[],1
2,3,50,0,0,227,4.8591,35,1,0,200,227,[],1
1,3,293,13,242,0,0.0,0,1,0,200,0,[],1
2,3,50,0,0,242,4.9448,35,1,0,200,242,[],1
2,3,50,0,0,241,4.9434,34,1,0,200,241,[],1
2,3,48,0,0,83,4.2908,23,1,0,200,83,[],1
1,3,57,1,8,0,0.0,0,1,0,200,0,[],1
2,3,48,0,0,8,2.75,2,1,0,200,8,[],1
1,1,26,0,0,0,0.0,0,1,0,200,0,[],1
1,4,62,0,0,0,0.0,0,1,0,200,0,[],1
1,2,39,0,0,0,0.0,0,1,0,200,0,[],1
1,5,75,0,0,0,0.0,0,1,0,200,0,[],1
1,3,303,13,253,0,0.0,0,1,0,200,0,[],1
2,3,49,0,0,253,4.9891,36,1,0,200,253,[],1
1,3,300,13,250,0,0.0,0,1,0,200,0,[],1
2,3,49,0,0,250,4.9039,34,1,0,200,250,[],1
1,1,35,0,0,0,0.0,0,1,0,200,0,[],1
1,3,174,5,125,0,0.0,0,1,0,200,0,[],1
2,3,48,0,0,125,4.8947,28,1,0,200,125,[],1
2,3,48,0,0,72,4.5831,16,1,0,200,72,[],1
2,3,48,0,0,72,4.5941,13,1,0,200,72,[],1
2,3,52,0,0,69,4.534,12,1,0,200,69,[],1
2,3,52,0,0,62,4.3563,9,1,0,200,62,[],1
1,3,118,1,60,0,0.0,0,1,0,200,0,[],1
2,3,57,0,0,60,4.5355,6,1,0,200,60,[],1
1,3,125,1,67,0,0.0,0,1,0,200,0,[],1
2,3,57,0,0,67,4.6498,11,1,0,200,67,[],1
1,3,53,0,0,0,0.0,0,1,0,200,0,[],1
1,2,46,0,0,0,0.0,0,1,0,200,0,[],1
1,3,102,3,54,0,0.0,0,1,0,200,0,[],1
2,3,47,0,0,54,4.5951,9,1,0,200,54,[],1
1,3,104,3,56,0,0.0,0,1,0,200,0,[],1
2,3,47,0,0,56,4.3166,12,1,0,200,56,[],1
2,3,47,0,0,41,4.4034,6,1,0,200,41,[],1
1,3,87,3,39,0,0.0,0,1,0,200,0,[],1
2,3,47,0,0,39,4.2823,5,1,0,200,39,[],1
1,3,386,13,335,0,0.0,0,1,0,200,0,[],1
2,3,50,0,0,335,5.1372,44,1,0,200,335,[],1
1,3,315,13,264,0,0.0,0,1,0,200,0,[],1
2,3,50,0,0,264,4.9609,37,1,0,200,264,[],1
1,3,311,13,260,0,0.0,0,1,0,200,0,[],1
2,3,50,0,0,260,4.9607,35,1,0,200,260,[],1
1,4,64,0,0,0,0.0,0,1,0,200,0,[],1
1,3,87,1,38,0,0.0,0,1,0,200,0,[],1
2,3,48,0,0,38,4.3135,6,1,0,200,38,[],1
1,3,55,1,6,0,0.0,0,1,0,200,0,[],1
2,3,48,0,0,6,1.9183,2,1,0,200,6,[],1
1,4,65,0,0,0,0.0,0,1,0,200,0,[],1
1,2,47,0,0,0,0.0,0,1,0,200,0,[],1
1,1,31,0,0,0,0.0,0,1,0,200,0,[],1
1,3,359,13,309,0,0.0,0,1,0,200,0,[],1
2,3,49,0,0,309,5.166,41,1,0,200,309,[],1
1,3,345,13,295,0,0.0,0,1,0,200,0,[],1
2,3,49,0,0,295,5.2136,50,1,0,200,295,[],1
1,3,310,13,260,0,0.0,0,1,0,200,0,[],1
2,3,49,0,0,260,4.9853,39,1,0,200,260,[],1
1,3,299,13,249,0,0.0,0,1,0,200,0,[],1
2,3,49,0,0,249,5.0322,35,1,0,200,249,[],1
1,3,50,0,0,0,0.0,0,1,0,200,0,[],1
1,2,53,0,0,0,0.0,0,1,0,200,0,[],1
1,4,78,0,0,0,0.0,0,1,0,200,0,[],1
2,3,48,0,0,77,4.6869,16,1,0,200,77,[],1
2,3,48,0,0,125,4.8635,25,1,0,200,125,[],1
1,4,76,0,0,0,0.0,0,1,0,200,0,[],1
2,3,52,0,0,64,4.4255,10,1,0,200,64,[],1
1,3,105,1,47,0,0.0,0,1,0,200,0,[],1
2,3,57,0,0,47,4.2619,13,1,0,200,47,[],1
1,3,56,0,0,0,0.0,0,1,0,200,0,[],1
1,3,148,3,100,0,0.0,0,1,0,200,0,[],1
2,3,47,0,0,100,4.7721,12,1,0,200,100,[],1
2,3,47,0,0,41,4.3059,6,1,0,200,41,[],1
2,3,47,0,0,39,4.1798,5,1,0,200,39,[],1
1,3,312,13,261,0,0.0,0,1,0,200,0,[],1
2,3,50,0,0,261,5.0884,42,1,0,200,261,[],1
1,3,300,13,249,0,0.0,0,1,0,200,0,[],1
2,3,50,0,0,249,4.9818,35,1,0,200,249,[],1
2,3,50,0,0,249,4.9803,35,1,0,200,249,[],1
3,3,48,0,0,17,3.2928,2,1,0,200,17,[],1
1,3,74,1,25,0,0.0,0,1,0,200,0,[],1
2,3,48,0,0,25,3.1551,8,1,0,200,25,[],1
3,3,49,0,0,249,4.9993,35,1,0,200,249,[],1
1,3,356,13,306,0,0.0,0,1,0,200,0,[],1
2,3,49,0,0,306,5.0956,56,1,0,200,306,[],1
2,3,49,0,0,249,5.0219,35,1,0,200,249,[],1
2,3,49,0,0,250,5.0169,35,1,0,200,250,[],1
1,4,58,0,0,0,0.0,0,1,0,200,0,[],1
1,3,57,0,0,0,0.0,0,1,0,200,0,[],1
1,3,199,5,150,0,0.0,0,1,0,200,0,[],1
2,3,48,0,0,150,4.8026,25,1,0,200,150,[],1
1,3,120,5,71,0,0.0,0,1,0,200,0,[],1
2,3,48,0,0,71,4.4842,14,1,0,200,71,[],1
1,1,33,0,0,0,0.0,0,1,0,200,0,[],1
2,3,52,0,0,62,4.4062,10,1,0,200,62,[],1
2,3,52,0,0,60,4.3073,9,1,0,200,60,[],1
1,3,79,1,21,0,0.0,0,1,0,200,0,[],1
2,3,57,0,0,21,4.2018,2,1,0,200,21,[],1
1,4,63,0,0,0,0.0,0,1,0,200,0,[],1
1,3,99,1,50,0,0.0,0,1,0,200,0,[],1
2,3,48,0,0,50,4.5913,3,1,0,200,50,[],1
1,3,122,1,73,0,0.0,0,1,0,200,0,[],1
2,3,48,0,0,73,4.1874,19,1,0,200,73,[],1
1,3,99,3,51,0,0.0,0,1,0,200,0,[],1
2,3,47,0,0,51,4.3416,12,1,0,200,51,[],1
2,3,47,0,0,39,4.2311,5,1,0,200,39,[],1
1,3,330,13,279,0,0.0,0,1,0,200,0,[],1
2,3,50,0,0,279,5.0015,40,1,0,200,279,[],1
1,3,370,13,319,0,0.0,0,1,0,200,0,[],1
2,3,50,0,0,319,5.0575,52,1,0,200,319,[],1
1,3,329,13,278,0,0.0,0,1,0,200,0,[],1
2,3,50,0,0,278,4.9993,40,1,0,200,278,[],1
1,3,326,13,275,0,0.0,0,1,0,200,0,[],1
2,3,50,0,0,275,4.9862,39,1,0,200,275,[],1
2,3,48,0,0,20,3.4464,3,1,0,200,20,[],1
1,4,67,0,0,0,0.0,0,1,0,200,0,[],1
1,5,74,0,0,0,0.0,0,1,0,200,0,[],1
1,5,77,0,0,0,0.0,0,1,0,200,0,[],1
1,2,44,0,0,0,0.0,0,1,0,200,0,[],1
1,3,349,13,299,0,0.0,0,1,0,200,0,[],1
2,3,49,0,0,299,5.047,48,1,0,200,299,[],1
1,3,328,13,278,0,0.0,0,1,0,200,0,[],1
2,3,49,0,0,278,5.0698,46,1,0,200,278,[],1
2,3,49,0,0,260,4.982,38,1,0,200,260,[],1
1,3,297,13,247,0,0.0,0,1,0,200,0,[],1
2,3,49,0,0,247,4.9562,35,1,0,200,247,[],1
2,3,48,0,0,72,4.6497,13,1,0,200,72,[],1
1,3,203,5,150,0,0.0,0,1,0,200,0,[],1
2,3,52,0,0,150,4.8893,22,1,0,200,150,[],1
2,3,52,0,0,132,4.8483,19,1,0,200,132,[],1
1,3,120,5,67,0,0.0,0,1,0,200,0,[],1
2,3,52,0,0,67,4.4969,11,1,0,200,67,[],1
2,3,52,0,0,66,4.5006,10,1,0,200,66,[],1
2,3,48,0,0,38,4.0735,3,1,0,200,38,[],1
1,4,75,0,0,0,0.0,0,1,0,200,0,[],1
1,3,94,3,46,0,0.0,0,1,0,200,0,[],1
2,3,47,0,0,46,4.3937,8,1,0,200,46,[],1
1,3,287,13,236,0,0.0,0,1,0,200,0,[],1
2,3,50,0,0,236,4.9816,36,1,0,200,236,[],1
1,3,281,13,230,0,0.0,0,1,0,200,0,[],1
2,3,50,0,0,230,4.9514,35,1,0,200,230,[],1
1,3,283,13,232,0,0.0,0,1,0,200,0,[],1
2,3,50,0,0,232,4.9803,35,1,0,200,232,[],1
1,3,140,1,91,0,0.0,0,1,0,200,0,[],1
2,3,48,0,0,91,4.8553,19,1,0,200,91,[],1
1,3,105,1,56,0,0.0,0,1,0,200,0,[],1
2,3,48,0,0,56,4.3643,14,1,0,200,56,[],1
1,2,51,0,0,0,0.0,0,1,0,200,0,[],1
1,1,45,0,0,0,0.0,0,1,0,200,0,[],1
1,5,72,0,0,0,0.0,0,1,0,200,0,[],1
1,2,37,0,0,0,0.0,0,1,0,200,0,[],1
1,4,59,0,0,0,0.0,0,1,0,200,0,[],1
1,3,313,13,263,0,0.0,0,1,0,200,0,[],1
2,3,49,0,0,263,5.0223,37,1,0,200,263,[],1
1,3,309,13,259,0,0.0,0,1,0,200,0,[],1
2,3,49,0,0,259,4.977,35,1,0,200,259,[],1
1,3,45,0,0,0,0.0,0,1,0,200,0,[],1
2,3,48,0,0,72,4.5726,16,1,0,200,72,[],1
1,3,117,5,68,0,0.0,0,1,0,200,0,[],1
2,3,48,0,0,68,4.455,13,1,0,200,68,[],1
2,3,52,0,0,67,4.6276,11,1,0,200,67,[],1
1,3,126,5,73,0,0.0,0,1,0,200,0,[],1
2,3,52,0,0,73,4.3295,11,1,0,200,73,[],1
2,3,52,0,0,67,4.475,9,1,0,200,67,[],1
1,3,106,1,48,0,0.0,0,1,0,200,0,[],1
2,3,57,0,0,48,4.2776,13,1,0,200,48,[],1
1,3,79,1,30,0,0.0,0,1,0,200,0,[],1
2,3,48,0,0,30,4.1232,5,1,0,200,30,[],1
2,3,47,0,0,44,4.3237,7,1,0,200,44,[],1
1,3,322,13,271,0,0.0,0,1,0,200,0,[],1
2,3,50,0,0,271,5.1434,43,1,0,200,271,[],1
2,3,50,0,0,249,5.1005,36,1,0,200,249,[],1
1,3,301,13,250,0,0.0,0,1,0,200,0,[],1
2,3,50,0,0,250,5.0937,36,1,0,200,250,[],1
1,2,48,0,0,0,0.0,0,1,0,200,0,[],1
1,3,344,13,294,0,0.0,0,1,0,200,0,[],1
2,3,49,0,0,294,5.0621,44,1,0,200,294,[],1
1,3,305,13,255,0,0.0,0,1,0,200,0,[],1
2,3,49,0,0,255,4.99,36,1,0,200,255,[],1
2,3,49,0,0,247,4.9659,34,1,0,200,247,[],1
1,5,57,0,0,0,0.0,0,1,0,200,0,[],1
2,3,48,0,0,75,4.5434,16,1,0,200,75,[],1
2,3,48,0,0,77,4.5536,16,1,0,200,77,[],1
2,3,48,0,0,75,4.56,15,1,0,200,75,[],1
2,3,52,0,0,69,4.5463,12,1,0,200,69,[],1
2,3,52,0,0,59,4.4321,11,1,0,200,59,[],1
2,3,52,0,0,64,4.3564,11,1,0,200,64,[],1
2,3,52,0,0,61,4.34,10,1,0,200,61,[],1
1,3,108,3,60,0,0.0,0,1,0,200,0,[],1
2,3,47,0,0,60,4.4614,12,1,0,200,60,[],1
1,3,323,13,272,0,0.0,0,1,0,200,0,[],1
2,3,50,0,0,272,5.0753,39,1,0,200,272,[],1
1,3,303,13,252,0,0.0,0,1,0,200,0,[],1
2,3,50,0,0,252,5.044,34,1,0,200,252,[],1
1,3,71,1,22,0,0.0,0,1,0,200,0,[],1
2,3,48,0,0,22,3.7544,3,1,0,200,22,[],1
2,3,48,0,0,8,2.5,2,1,0,200,8,[],1
1,4,60,0,0,0,0.0,0,1,0,200,0,[],1
1,2,36,0,0,0,0.0,0,1,0,200,0,[],1
1,3,385,13,335,0,0.0,0,1,0,200,0,[],1
2,3,49,0,0,335,5.2722,54,1,0,200,335,[],1
2,3,49,0,0,260,5.006,37,1,0,200,260,[],1
1,3,312,13,262,0,0.0,0,1,0,200,0,[],1
2,3,49,0,0,262,5.0204,37,1,0,200,262,[],1
2,3,48,0,0,72,4.6108,16,1,0,200,72,[],1
2,3,48,0,0,75,4.5968,15,1,0,200,75,[],1
2,3,52,0,0,62,4.4076,10,1,0,200,62,[],1
2,3,52,0,0,60,4.2029,9,1,0,200,60,[],1
2,3,57,0,0,5,2.3219,2,1,0,200,5,[],1
1,3,136,1,87,0,0.0,0,1,0,200,0,[],1
2,3,48,0,0,87,4.5463,17,1,0,200,87,[],1
1,3,111,1,62,0,0.0,0,1,0,200,0,[],1
2,3,48,0,0,62,4.4277,14,1,0,200,62,[],1
1,3,122,3,74,0,0.0,0,1,0,200,0,[],1
2,3,47,0,0,74,4.7197,17,1,0,200,74,[],1
1,3,328,13,277,0,0.0,0,1,0,200,0,[],1
2,3,50,0,0,277,5.0072,43,1,0,200,277,[],1
1,3,341,13,290,0,0.0,0,1,0,200,0,[],1
2,3,50,0,0,290,5.0697,43,1,0,200,290,[],1
1,3,342,13,291,0,0.0,0,1,0,200,0,[],1
2,3,50,0,0,291,5.0775,43,1,0,200,291,[],1
1,3,150,1,101,0,0.0,0,1,0,200,0,[],1
2,3,48,0,0,101,3.9912,26,1,0,200,101,[],1
1,3,65,0,0,0,0.0,0,1,0,200,0,[],1
1,3,301,13,251,0,0.0,0,1,0,200,0,[],1
2,3,49,0,0,251,4.9989,35,1,0,200,251,[],1
1,3,292,13,242,0,0.0,0,1,0,200,0,[],1
2,3,49,0,0,242,4.998,32,1,0,200,242,[],1
1,4,70,0,0,0,0.0,0,1,0,200,0,[],1
1,4,71,0,0,0,0.0,0,1,0,200,0,[],1
1,3,202,5,153,0,0.0,0,1,0,200,0,[],1
2,3,48,0,0,153,4.9487,25,1,0,200,153,[],1
2,3,48,0,0,75,4.5867,15,1,0,200,75,[],1
1,3,118,5,65,0,0.0,0,1,0,200,0,[],1
2,3,52,0,0,65,4.5547,12,1,0,200,65,[],1
2,3,52,0,0,66,4.4972,13,1,0,200,66,[],1
2,3,52,0,0,65,4.5704,11,1,0,200,65,[],1
1,3,123,1,65,0,0.0,0,1,0,200,0,[],1
2,3,57,0,0,65,4.4837,7,1,0,200,65,[],1
1,3,64,1,6,0,0.0,0,1,0,200,0,[],1
2,3,57,0,0,6,2.585,2,1,0,200,6,[],1
1,3,95,3,47,0,0.0,0,1,0,200,0,[],1
2,3,47,0,0,47,4.4062,8,1,0,200,47,[],1
1,3,126,3,78,0,0.0,0,1,0,200,0,[],1
2,3,47,0,0,78,4.5689,21,1,0,200,78,[],1
1,3,324,13,273,0,0.0,0,1,0,200,0,[],1
2,3,50,0,0,273,5.1077,47,1,0,200,273,[],1
2,3,50,0,0,230,5.0143,35,1,0,200,230,[],1
1,3,112,1,63,0,0.0,0,1,0,200,0,[],1
2,3,48,0,0,63,3.9609,18,1,0,200,63,[],1
1,3,339,13,289,0,0.0,0,1,0,200,0,[],1
2,3,49,0,0,289,5.0473,42,1,0,200,289,[],1
1,3,377,13,327,0,0.0,0,1,0,200,0,[],1
2,3,49,0,0,327,5.1474,45,1,0,200,327,[],1
1,3,327,13,277,0,0.0,0,1,0,200,0,[],1
2,3,49,0,0,277,4.9882,38,1,0,200,277,[],1
1,1,41,0,0,0,0.0,0,1,0,200,0,[],1
1,3,127,5,78,0,0.0,0,1,0,200,0,[],1
2,3,48,0,0,78,4.5942,16,1,0,200,78,[],1
2,3,52,0,0,60,4.5297,11,1,0,200,60,[],1
2,3,52,0,0,71,4.389,12,1,0,200,71,[],1
1,3,111,5,58,0,0.0,0,1,0,200,0,[],1
2,3,52,0,0,58,4.3152,9,1,0,200,58,[],1
1,2,38,0,0,0,0.0,0,1,0,200,0,[],1
1,3,65,1,7,0,0.0,0,1,0,200,0,[],1
2,3,57,0,0,7,2.8074,2,1,0,200,7,[],1
1,3,138,1,89,0,0.0,0,1,0,200,0,[],1
2,3,48,0,0,89,4.7698,7,1,0,200,89,[],1
1,3,42,0,0,0,0.0,0,1,0,200,0,[],1
2,3,47,0,0,39,4.2823,6,1,0,200,39,[],1
1,1,32,0,0,0,0.0,0,1,0,200,0,[],1
1,3,55,0,0,0,0.0,0,1,0,200,0,[],1
1,3,295,13,244,0,0.0,0,1,0,200,0,[],1
2,3,50,0,0,244,5.0471,36,1,0,200,244,[],1
2,3,50,0,0,277,5.0698,37,1,0,200,277,[],1
1,3,82,1,33,0,0.0,0,1,0,200,0,[],1
2,3,48,0,0,33,3.7984,6,1,0,200,33,[],1
1,3,118,1,69,0,0.0,0,1,0,200,0,[],1
2,3,48,0,0,69,4.1142,22,1,0,200,69,[],1
1,3,335,13,285,0,0.0,0,1,0,200,0,[],1
2,3,49,0,0,285,5.169,45,1,0,200,285,[],1
2,3,49,0,0,335,5.1696,51,1,0,200,335,[],1
2,3,49,0,0,277,5.1361,44,1,0,200,277,[],1
1,3,320,13,270,0,0.0,0,1,0,200,0,[],1
2,3,49,0,0,270,5.1564,41,1,0,200,270,[],1
1,0,22,0,0,0,0.0,0,1,0,200,0,[],1
2,3,48,0,0,74,4.6222,14,1,0,200,74,[],1
2,3,48,0,0,75,4.5701,15,1,0,200,75,[],1
1,3,169,5,116,0,0.0,0,1,0,200,0,[],1
2,3,52,0,0,116,4.8382,15,1,0,200,116,[],1
2,3,52,0,0,59,4.0879,9,1,0,200,59,[],1
1,3,115,1,57,0,0.0,0,1,0,200,0,[],1
2,3,57,0,0,57,4.1475,16,1,0,200,57,[],1
1,3,154,1,105,0,0.0,0,1,0,200,0,[],1
2,3,48,0,0,105,4.3626,12,1,0,200,105,[],1
1,3,118,3,70,0,0.0,0,1,0,200,0,[],1
2,3,47,0,0,70,4.7159,16,1,0,200,70,[],1
3,3,50,0,0,262,5.0116,38,1,0,200,262,[],1
2,3,50,0,0,267,5.0318,39,1,0,200,267,[],1
2,3,50,0,0,262,5.023,38,1,0,200,262,[],1
1,3,314,13,263,0,0.0,0,1,0,200,0,[],1
2,3,50,0,0,263,5.021,38,1,0,200,263,[],1
1,3,316,13,266,0,0.0,0,1,0,200,0,[],1
2,3,49,0,0,266,4.9037,36,1,0,200,266,[],1
1,3,321,13,271,0,0.0,0,1,0,200,0,[],1
2,3,49,0,0,271,4.9103,36,1,0,200,271,[],1
2,3,49,0,0,266,4.9117,35,1,0,200,266,[],1
1,2,42,0,0,0,0.0,0,1,0,200,0,[],1
1,3,160,5,111,0,0.0,0,1,0,200,0,[],1
2,3,48,0,0,111,4.86,24,1,0,200,111,[],1
1,3,189,5,140,0,0.0,0,1,0,200,0,[],1
2,3,48,0,0,140,4.7821,23,1,0,200,140,[],1
2,3,48,0,0,73,4.5979,14,1,0,200,73,[],1
2,3,48,0,0,71,4.5799,13,1,0,200,71,[],1
1,3,222,5,169,0,0.0,0,1,0,200,0,[],1
2,3,52,0,0,169,4.6734,23,1,0,200,169,[],1
2,3,52,0,0,64,4.3671,10,1,0,200,64,[],1
2,3,52,0,0,60,4.188,9,1,0,200,60,[],1
1,3,646,1,597,0,0.0,0,1,0,200,0,[],1
2,3,48,0,0,597,3.5624,113,1,0,200,597,[],1
2,3,47,0,0,106,4.4582,17,1,0,200,106,[],1
1,3,88,3,40,0,0.0,0,1,0,200,0,[],1
2,3,47,0,0,40,4.2439,6,1,0,200,40,[],1
1,1,43,0,0,0,0.0,0,1,0,200,0,[],1
3,3,50,0,0,244,5.0334,37,1,0,200,244,[],1
1,3,298,13,247,0,0.0,0,1,0,200,0,[],1
2,3,50,0,0,247,5.0423,38,1,0,200,247,[],1
1,3,355,13,304,0,0.0,0,1,0,200,0,[],1
2,3,50,0,0,304,5.1685,47,1,0,200,304,[],1
2,3,50,0,0,252,5.1063,41,1,0,200,252,[],1
1,3,296,13,245,0,0.0,0,1,0,200,0,[],1
2,3,50,0,0,245,5.0379,37,1,0,200,245,[],1
1,1,27,0,0,0,0.0,0,1,0,200,0,[],1
1,3,392,13,342,0,0.0,0,1,0,200,0,[],1
2,3,49,0,0,342,4.9345,46,1,0,200,342,[],1
2,3,49,0,0,242,4.8368,32,1,0,200,242,[],1
1,1,30,0,0,0,0.0,0,1,0,200,0,[],1
1,3,43,0,0,0,0.0,0,1,0,200,0,[],1
2,3,48,0,0,143,4.7993,24,1,0,200,143,[],1
2,3,48,0,0,75,4.6793,14,1,0,200,75,[],1
2,3,48,0,0,73,4.6253,13,1,0,200,73,[],1
2,3,52,0,0,66,4.5294,11,1,0,200,66,[],1
2,3,52,0,0,60,4.4071,9,1,0,200,60,[],1
1,3,168,1,119,0,0.0,0,1,0,200,0,[],1
2,3,48,0,0,119,4.2956,15,1,0,200,119,[],1
2,3,47,0,0,41,4.2874,6,1,0,200,41,[],1
1,3,388,13,337,0,0.0,0,1,0,200,0,[],1
2,3,50,0,0,337,5.1391,50,1,0,200,337,[],1
2,3,50,0,0,291,4.9978,42,1,0,200,291,[],1
1,3,337,13,286,0,0.0,0,1,0,200,0,[],1
2,3,50,0,0,286,4.9904,40,1,0,200,286,[],1
2,3,48,0,0,83,4.5921,9,1,0,200,83,[],1
1,3,381,13,331,0,0.0,0,1,0,200,0,[],1
2,3,49,0,0,331,5.1828,45,1,0,200,331,[],1
1,3,352,13,302,0,0.0,0,1,0,200,0,[],1
2,3,49,0,0,302,5.1065,50,1,0,200,302,[],1
1,3,318,13,268,0,0.0,0,1,0,200,0,[],1
2,3,49,0,0,268,5.0242,39,1,0,200,268,[],1
2,3,49,0,0,271,5.0559,39,1,0,200,271,[],1
1,3,105,5,56,0,0.0,0,1,0,200,0,[],1
2,3,48,0,0,56,4.6398,11,1,0,200,56,[],1
2,3,48,0,0,71,4.5693,13,1,0,200,71,[],1
1,3,175,5,122,0,0.0,0,1,0,200,0,[],1
2,3,52,0,0,122,4.6755,27,1,0,200,122,[],1
2,3,52,0,0,67,4.2563,12,1,0,200,67,[],1
2,3,52,0,0,59,4.1734,9,1,0,200,59,[],1
1,3,228,1,179,0,0.0,0,1,0,200,0,[],1
2,3,48,0,0,179,4.7128,28,1,0,200,179,[],1
3,3,47,0,0,38,4.1658,5,1,0,200,38,[],1
1,3,123,3,75,0,0.0,0,1,0,200,0,[],1
2,3,47,0,0,75,4.4254,21,1,0,200,75,[],1
3,3,50,0,0,243,4.8701,32,1,0,200,243,[],1
1,3,346,13,295,0,0.0,0,1,0,200,0,[],1
2,3,50,0,0,295,5.0767,42,1,0,200,295,[],1
2,3,50,0,0,252,4.9624,38,1,0,200,252,[],1
2,3,50,0,0,244,4.8885,32,1,0,200,244,[],1
1,3,73,1,24,0,0.0,0,1,0,200,0,[],1
2,3,48,0,0,24,3.8035,5,1,0,200,24,[],1
1,4,73,0,0,0,0.0,0,1,0,200,0,[],1
2,3,49,0,0,253,5.0048,36,1,0,200,253,[],1
1,3,291,13,241,0,0.0,0,1,0,200,0,[],1
2,3,49,0,0,241,5.0122,35,1,0,200,241,[],1
2,3,49,0,0,249,5.0047,35,1,0,200,249,[],1
1,3,153,5,104,0,0.0,0,1,0,200,0,[],1
2,3,48,0,0,104,4.5626,28,1,0,200,104,[],1
2,3,48,0,0,73,4.5314,13,1,0,200,73,[],1
2,3,52,0,0,59,4.5227,10,1,0,200,59,[],1
2,3,52,0,0,59,4.5372,9,1,0,200,59,[],1
2,3,57,0,0,8,2.75,2,1,0,200,8,[],1
2,3,47,0,0,43,4.47,6,1,0,200,43,[],1
1,3,161,3,113,0,0.0,0,1,0,200,0,[],1
2,3,47,0,0,113,4.3477,29,1,0,200,113,[],1
3,3,50,0,0,253,4.9021,35,1,0,200,253,[],1
1,3,321,13,270,0,0.0,0,1,0,200,0,[],1
2,3,50,0,0,270,5.1007,36,1,0,200,270,[],1
2,3,50,0,0,253,4.9387,37,1,0,200,253,[],1
2,3,50,0,0,254,4.9199,35,1,0,200,254,[],1
1,3,126,1,77,0,0.0,0,1,0,200,0,[],1
2,3,48,0,0,77,4.7838,18,1,0,200,77,[],1
1,0,26,0,0,0,0.0,0,1,0,200,0,[],1
1,3,360,13,310,0,0.0,0,1,0,200,0,[],1
2,3,49,0,0,310,4.9977,54,1,0,200,310,[],1
2,3,49,0,0,256,4.8741,36,1,0,200,256,[],1
1,3,315,13,265,0,0.0,0,1,0,200,0,[],1
2,3,49,0,0,265,4.8864,38,1,0,200,265,[],1
1,3,161,5,112,0,0.0,0,1,0,200,0,[],1
2,3,48,0,0,112,4.6953,28,1,0,200,112,[],1
1,3,119,5,70,0,0.0,0,1,0,200,0,[],1
2,3,48,0,0,70,4.4863,14,1,0,200,70,[],1
2,3,48,0,0,68,4.4367,13,1,0,200,68,[],1
2,3,52,0,0,59,4.4148,11,1,0,200,59,[],1
1,3,109,5,56,0,0.0,0,1,0,200,0,[],1
2,3,52,0,0,56,4.2948,9,1,0,200,56,[],1
1,3,75,1,26,0,0.0,0,1,0,200,0,[],1
2,3,48,0,0,26,4.2868,2,1,0,200,26,[],1
1,3,80,3,32,0,0.0,0,1,0,200,0,[],1
2,3,47,0,0,32,4.3667,6,1,0,200,32,[],1
1,3,850,13,799,0,0.0,0,1,0,200,0,[],1
2,3,50,0,0,799,4.3073,145,1,0,200,799,[],1
2,3,50,0,0,278,5.0019,47,1,0,200,278,[],1
1,3,286,13,235,0,0.0,0,1,0,200,0,[],1
2,3,50,0,0,235,4.962,34,1,0,200,235,[],1
2,3,50,0,0,236,4.9195,34,1,0,200,236,[],1
1,6,80,0,0,0,0.0,0,1,0,200,0,[],1
1,3,59,0,0,0,0.0,0,1,0,200,0,[],1
1,3,340,13,290,0,0.0,0,1,0,200,0,[],1
2,3,49,0,0,290,5.0741,44,1,0,200,290,[],1
1,3,332,13,282,0,0.0,0,1,0,200,0,[],1
2,3,49,0,0,282,5.0501,44,1,0,200,282,[],1
1,3,137,5,88,0,0.0,0,1,0,200,0,[],1
2,3,48,0,0,88,4.7032,19,1,0,200,88,[],1
2,3,48,0,0,78,4.6295,16,1,0,200,78,[],1
2,3,48,0,0,75,4.6234,15,1,0,200,75,[],1
1,3,154,5,101,0,0.0,0,1,0,200,0,[],1
2,3,52,0,0,101,4.6955,25,1,0,200,101,[],1
2,3,52,0,0,66,4.5763,13,1,0,200,66,[],1
1,3,110,5,57,0,0.0,0,1,0,200,0,[],1
2,3,52,0,0,57,4.3965,10,1,0,200,57,[],1
2,3,52,0,0,56,4.3318,9,1,0,200,56,[],1
1,3,107,1,49,0,0.0,0,1,0,200,0,[],1
2,3,57,0,0,49,3.5282,17,1,0,200,49,[],1
1,3,148,1,99,0,0.0,0,1,0,200,0,[],1
2,3,48,0,0,99,4.4391,23,1,0,200,99,[],1
1,3,132,3,84,0,0.0,0,1,0,200,0,[],1
2,3,47,0,0,84,4.4753,21,1,0,200,84,[],1
1,3,82,3,34,0,0.0,0,1,0,200,0,[],1
2,3,47,0,0,34,4.4326,6,1,0,200,34,[],1
2,3,50,0,0,245,4.9577,36,1,0,200,245,[],1
1,3,299,13,248,0,0.0,0,1,0,200,0,[],1
2,3,50,0,0,248,5.002,38,1,0,200,248,[],1
2,3,50,0,0,241,4.9714,35,1,0,200,241,[],1
1,4,53,0,0,0,0.0,0,1,0,200,0,[],1
1,3,358,13,308,0,0.0,0,1,0,200,0,[],1
2,3,49,0,0,308,5.1169,48,1,0,200,308,[],1
1,3,319,13,269,0,0.0,0,1,0,200,0,[],1
2,3,49,0,0,269,5.039,40,1,0,200,269,[],1
2,3,49,0,0,262,5.0112,38,1,0,200,262,[],1
1,1,46,0,0,0,0.0,0,1,0,200,0,[],1
1,3,170,5,121,0,0.0,0,1,0,200,0,[],1
2,3,48,0,0,121,4.7647,28,1,0,200,121,[],1
2,3,48,0,0,70,4.4577,14,1,0,200,70,[],1
2,3,48,0,0,68,4.4661,13,1,0,200,68,[],1
2,3,52,0,0,61,4.3276,10,1,0,200,61,[],1
2,3,52,0,0,59,4.2252,9,1,0,200,59,[],1
1,3,141,1,83,0,0.0,0,1,0,200,0,[],1
2,3,57,0,0,83,4.5414,11,1,0,200,83,[],1
1,3,622,1,573,0,0.0,0,1,0,200,0,[],1
2,3,48,0,0,573,3.3859,112,1,0,200,573,[],1
2,3,47,0,0,39,4.2311,6,1,0,200,39,[],1
1,4,56,0,0,0,0.0,0,1,0,200,0,[],1
1,3,310,13,259,0,0.0,0,1,0,200,0,[],1
2,3,50,0,0,259,5.2166,37,1,0,200,259,[],1
1,3,338,13,287,0,0.0,0,1,0,200,0,[],1
2,3,50,0,0,287,5.1409,41,1,0,200,287,[],1
2,3,50,0,0,242,5.0629,36,1,0,200,242,[],1
2,3,50,0,0,243,5.0684,36,1,0,200,243,[],1
1,3,369,13,319,0,0.0,0,1,0,200,0,[],1
2,3,49,0,0,319,5.1447,42,1,0,200,319,[],1
2,3,49,0,0,295,5.1152,40,1,0,200,295,[],1
2,3,49,0,0,258,5.0186,36,1,0,200,258,[],1
2,3,49,0,0,259,5.0348,36,1,0,200,259,[],1
1,4,80,0,0,0,0.0,0,1,0,200,0,[],1
3,3,48,0,0,73,4.465,15,1,0,200,73,[],1
2,3,48,0,0,76,4.5122,16,1,0,200,76,[],1
2,3,48,0,0,74,4.4809,15,1,0,200,74,[],1
1,3,121,5,68,0,0.0,0,1,0,200,0,[],1
2,3,52,0,0,68,4.3655,11,1,0,200,68,[],1
2,3,52,0,0,66,4.4402,10,1,0,200,66,[],1
1,5,69,0,0,0,0.0,0,1,0,200,0,[],1
1,3,44,0,0,0,0.0,0,1,0,200,0,[],1
1,3,169,3,121,0,0.0,0,1,0,200,0,[],1
2,3,47,0,0,121,4.3982,29,1,0,200,121,[],1
1,3,141,3,93,0,0.0,0,1,0,200,0,[],1
2,3,47,0,0,93,4.8528,15,1,0,200,93,[],1
2,3,47,0,0,40,4.2939,6,1,0,200,40,[],1
1,3,86,3,38,0,0.0,0,1,0,200,0,[],1
2,3,47,0,0,38,4.1658,5,1,0,200,38,[],1
1,3,308,13,257,0,0.0,0,1,0,200,0,[],1
2,3,50,0,0,257,5.0115,36,1,0,200,257,[],1
2,3,48,0,0,22,3.6292,3,1,0,200,22,[],1
2,3,49,0,0,310,5.1274,54,1,0,200,310,[],1
1,3,391,13,341,0,0.0,0,1,0,200,0,[],1
2,3,49,0,0,341,5.091,62,1,0,200,341,[],1
1,3,331,13,281,0,0.0,0,1,0,200,0,[],1
2,3,49,0,0,281,5.0149,40,1,0,200,281,[],1
2,3,49,0,0,265,5.0271,38,1,0,200,265,[],1
1,3,162,5,113,0,0.0,0,1,0,200,0,[],1
2,3,48,0,0,113,4.6735,29,1,0,200,113,[],1
1,3,168,5,119,0,0.0,0,1,0,200,0,[],1
2,3,48,0,0,119,4.8158,26,1,0,200,119,[],1
2,3,48,0,0,70,4.5149,14,1,0,200,70,[],1
1,3,163,5,110,0,0.0,0,1,0,200,0,[],1
2,3,52,0,0,110,4.7543,22,1,0,200,110,[],1
1,3,158,5,105,0,0.0,0,1,0,200,0,[],1
2,3,52,0,0,105,4.7291,19,1,0,200,105,[],1
2,3,52,0,0,63,4.3648,10,1,0,200,63,[],1
2,3,52,0,0,58,4.1319,9,1,0,200,58,[],1
2,3,57,0,0,57,4.3607,14,1,0,200,57,[],1
1,3,85,1,36,0,0.0,0,1,0,200,0,[],1
2,3,48,0,0,36,3.8747,3,1,0,200,36,[],1
1,3,163,3,115,0,0.0,0,1,0,200,0,[],1
2,3,47,0,0,115,4.5062,17,1,0,200,115,[],1
2,3,47,0,0,38,4.3135,8,1,0,200,38,[],1
2,3,50,0,0,245,5.0257,34,1,0,200,245,[],1
2,3,50,0,0,242,5.0141,32,1,0,200,242,[],1
2,3,49,0,0,269,5.0952,42,1,0,200,269,[],1
2,3,49,0,0,259,5.0464,35,1,0,200,259,[],1
2,3,49,0,0,258,5.0388,35,1,0,200,258,[],1
1,2,57,0,0,0,0.0,0,1,0,200,0,[],1
2,3,48,0,0,74,4.639,14,1,0,200,74,[],1
2,3,48,0,0,72,4.6114,13,1,0,200,72,[],1
2,3,52,0,0,118,5.0179,15,1,0,200,118,[],1
2,3,52,0,0,62,4.3753,10,1,0,200,62,[],1
2,3,52,0,0,60,4.4903,9,1,0,200,60,[],1
2,3,47,0,0,40,4.3439,6,1,0,200,40,[],1
1,3,461,13,410,0,0.0,0,1,0,200,0,[],1
2,3,50,0,0,410,5.0781,62,1,0,200,410,[],1
1,3,291,13,240,0,0.0,0,1,0,200,0,[],1
2,3,50,0,0,240,4.958,35,1,0,200,240,[],1
2,3,50,0,0,241,4.9644,35,1,0,200,241,[],1
1,3,114,1,65,0,0.0,0,1,0,200,0,[],1
2,3,48,0,0,65,4.5577,6,1,0,200,65,[],1
1,5,73,0,0,0,0.0,0,1,0,200,0,[],1
3,3,49,0,0,253,5.0128,36,1,0,200,253,[],1
1,3,361,13,311,0,0.0,0,1,0,200,0,[],1
2,3,49,0,0,311,5.1389,43,1,0,200,311,[],1
2,3,49,0,0,255,5.0216,37,1,0,200,255,[],1
1,3,304,13,254,0,0.0,0,1,0,200,0,[],1
2,3,49,0,0,254,5.0223,36,1,0,200,254,[],1
1,3,200,5,151,0,0.0,0,1,0,200,0,[],1
2,3,48,0,0,151,4.8789,24,1,0,200,151,[],1
1,3,184,5,135,0,0.0,0,1,0,200,0,[],1
2,3,48,0,0,135,4.9589,21,1,0,200,135,[],1
2,3,48,0,0,76,4.6274,15,1,0,200,76,[],1
3,3,52,0,0,64,4.4395,9,1,0,200,64,[],1
1,3,139,5,86,0,0.0,0,1,0,200,0,[],1
2,3,52,0,0,86,4.6663,16,1,0,200,86,[],1
2,3,52,0,0,66,4.465,10,1,0,200,66,[],1
1,3,78,1,20,0,0.0,0,1,0,200,0,[],1
2,3,57,0,0,20,3.3464,5,1,0,200,20,[],1
1,3,877,13,826,0,0.0,0,1,0,200,0,[],1
2,3,50,0,0,826,4.4157,149,1,0,200,826,[],1
1,3,352,13,301,0,0.0,0,1,0,200,0,[],1
2,3,50,0,0,301,5.1627,50,1,0,200,301,[],1
2,3,50,0,0,262,5.0413,38,1,0,200,262,[],1
2,3,50,0,0,263,5.0607,38,1,0,200,263,[],1
1,3,68,1,19,0,0.0,0,1,0,200,0,[],1
2,3,48,0,0,19,3.0503,5,1,0,200,19,[],1
2,3,49,0,0,270,5.0138,42,1,0,200,270,[],1
2,3,49,0,0,247,4.9653,38,1,0,200,247,[],1
1,5,70,0,0,0,0.0,0,1,0,200,0,[],1
3,3,48,0,0,71,4.5693,13,1,0,200,71,[],1
1,3,136,5,87,0,0.0,0,1,0,200,0,[],1
2,3,48,0,0,87,4.7898,17,1,0,200,87,[],1
2,3,48,0,0,75,4.636,14,1,0,200,75,[],1
2,3,48,0,0,72,4.5836,13,1,0,200,72,[],1
1,3,178,5,125,0,0.0,0,1,0,200,0,[],1
2,3,52,0,0,125,4.7443,30,1,0,200,125,[],1
2,3,52,0,0,68,4.6522,12,1,0,200,68,[],1
1,3,232,1,174,0,0.0,0,1,0,200,0,[],1
2,3,57,0,0,174,4.6807,28,1,0,200,174,[],1
1,3,137,1,79,0,0.0,0,1,0,200,0,[],1
2,3,57,0,0,79,4.3863,10,1,0,200,79,[],1
1,4,82,0,0,0,0.0,0,1,0,200,0,[],1
1,3,344,13,293,0,0.0,0,1,0,200,0,[],1
2,3,50,0,0,293,5.1058,50,1,0,200,293,[],1
1,3,351,13,300,0,0.0,0,1,0,200,0,[],1
2,3,50,0,0,300,5.1522,42,1,0,200,300,[],1
2,3,50,0,0,244,5.0464,38,1,0,200,244,[],1
2,3,50,0,0,240,5.0314,35,1,0,200,240,[],1
1,3,93,1,44,0,0.0,0,1,0,200,0,[],1
2,3,48,0,0,44,4.2058,12,1,0,200,44,[],1
2,3,49,0,0,319,5.1413,44,1,0,200,319,[],1
1,3,325,13,275,0,0.0,0,1,0,200,0,[],1
2,3,49,0,0,275,5.0196,40,1,0,200,275,[],1
1,5,61,0,0,0,0.0,0,1,0,200,0,[],1
1,3,197,5,148,0,0.0,0,1,0,200,0,[],1
2,3,48,0,0,148,4.6428,36,1,0,200,148,[],1
1,3,201,5,152,0,0.0,0,1,0,200,0,[],1
2,3,48,0,0,152,4.9218,25,1,0,200,152,[],1
2,3,52,0,0,64,4.5955,12,1,0,200,64,[],1
2,3,52,0,0,61,4.4307,9,1,0,200,61,[],1
2,3,48,0,0,36,3.9302,3,1,0,200,36,[],1
1,3,152,3,104,0,0.0,0,1,0,200,0,[],1
2,3,47,0,0,104,4.8093,12,1,0,200,104,[],1
2,3,47,0,0,46,4.4372,8,1,0,200,46,[],1
3,3,50,0,0,251,4.9847,35,1,0,200,251,[],1
1,3,307,13,256,0,0.0,0,1,0,200,0,[],1
2,3,50,0,0,256,5.0166,36,1,0,200,256,[],1
1,3,367,13,316,0,0.0,0,1,0,200,0,[],1
2,3,50,0,0,316,5.2271,52,1,0,200,316,[],1
2,3,50,0,0,252,5.0023,35,1,0,200,252,[],1
2,3,49,0,0,282,4.998,41,1,0,200,282,[],1
2,3,49,0,0,266,5.0222,37,1,0,200,266,[],1
1,3,131,5,82,0,0.0,0,1,0,200,0,[],1
2,3,48,0,0,82,4.6561,18,1,0,200,82,[],1
2,3,48,0,0,76,4.5649,15,1,0,200,76,[],1
3,3,52,0,0,58,4.2677,9,1,0,200,58,[],1
2,3,52,0,0,110,4.827,19,1,0,200,110,[],1
2,3,52,0,0,59,4.3193,9,1,0,200,59,[],1
1,3,106,3,58,0,0.0,0,1,0,200,0,[],1
2,3,47,0,0,58,4.3282,12,1,0,200,58,[],1
2,3,47,0,0,44,4.2782,8,1,0,200,44,[],1
2,3,47,0,0,37,4.0981,5,1,0,200,37,[],1
3,3,50,0,0,259,5.1094,39,1,0,200,259,[],1
2,3,50,0,0,264,5.1356,40,1,0,200,264,[],1
2,3,50,0,0,301,5.148,54,1,0,200,301,[],1
2,3,50,0,0,263,5.1197,41,1,0,200,263,[],1
2,3,50,0,0,260,5.1156,39,1,0,200,260,[],1
1,3,127,1,78,0,0.0,0,1,0,200,0,[],1
2,3,48,0,0,78,4.5365,8,1,0,200,78,[],1
1,3,116,1,67,0,0.0,0,1,0,200,0,[],1
2,3,48,0,0,67,4.6312,11,1,0,200,67,[],1
1,3,302,13,252,0,0.0,0,1,0,200,0,[],1
2,3,49,0,0,252,5.0266,35,1,0,200,252,[],1
2,3,49,0,0,253,5.0236,35,1,0,200,253,[],1
1,1,23,0,0,0,0.0,0,1,0,200,0,[],1
1,3,180,5,131,0,0.0,0,1,0,200,0,[],1
2,3,48,0,0,131,4.7261,31,1,0,200,131,[],1
1,3,285,5,236,0,0.0,0,1,0,200,0,[],1
2,3,48,0,0,236,4.8642,40,1,0,200,236,[],1
2,3,48,0,0,71,4.5017,14,1,0,200,71,[],1
2,3,48,0,0,68,4.4256,13,1,0,200,68,[],1
2,3,52,0,0,63,4.4772,11,1,0,200,63,[],1
2,3,52,0,0,64,4.4727,11,1,0,200,64,[],1
1,3,109,1,51,0,0.0,0,1,0,200,0,[],1
2,3,57,0,0,51,4.4804,5,1,0,200,51,[],1
2,3,48,0,0,55,4.1633,9,1,0,200,55,[],1
2,3,48,0,0,14,3.4677,2,1,0,200,14,[],1
1,2,34,0,0,0,0.0,0,1,0,200,0,[],1
1,3,164,3,116,0,0.0,0,1,0,200,0,[],1
2,3,47,0,0,116,4.5221,28,1,0,200,116,[],1
1,3,81,3,33,0,0.0,0,1,0,200,0,[],1
2,3,47,0,0,33,4.3091,6,1,0,200,33,[],1
3,3,50,0,0,271,4.9319,37,1,0,200,271,[],1
1,3,886,13,835,0,0.0,0,1,0,200,0,[],1
2,3,50,0,0,835,4.4136,148,1,0,200,835,[],1
1,3,331,13,280,0,0.0,0,1,0,200,0,[],1
2,3,50,0,0,280,5.0,39,1,0,200,280,[],1
2,3,49,0,0,259,5.0787,38,1,0,200,259,[],1
2,3,49,0,0,263,5.0748,37,1,0,200,263,[],1
2,3,49,0,0,262,5.0674,37,1,0,200,262,[],1
1,3,172,5,123,0,0.0,0,1,0,200,0,[],1
2,3,48,0,0,123,4.8066,26,1,0,200,123,[],1
2,3,48,0,0,68,5.0377,11,1,0,200,68,[],1
2,3,48,0,0,73,4.6082,14,1,0,200,73,[],1
2,3,48,0,0,71,4.5517,13,1,0,200,71,[],1
1,3,132,5,79,0,0.0,0,1,0,200,0,[],1
2,3,52,0,0,79,4.8418,13,1,0,200,79,[],1
1,3,179,5,126,0,0.0,0,1,0,200,0,[],1
2,3,52,0,0,126,4.8357,18,1,0,200,126,[],1
2,3,52,0,0,67,4.499,10,1,0,200,67,[],1
2,3,52,0,0,59,4.2702,9,1,0,200,59,[],1
1,3,133,1,75,0,0.0,0,1,0,200,0,[],1
2,3,57,0,0,75,3.905,11,1,0,200,75,[],1
2,3,50,0,0,280,5.133,48,1,0,200,280,[],1
2,3,50,0,0,279,5.1012,46,1,0,200,279,[],1
2,3,50,0,0,273,5.1181,44,1,0,200,273,[],1
2,3,49,0,0,241,5.1052,35,1,0,200,241,[],1
2,3,49,0,0,241,5.0898,35,1,0,200,241,[],1
2,3,49,0,0,242,5.0526,33,1,0,200,242,[],1
2,3,52,0,0,56,4.2047,10,1,0,200,56,[],1
2,3,52,0,0,68,4.5192,13,1,0,200,68,[],1
2,3,52,0,0,58,4.2828,9,1,0,200,58,[],1
1,3,146,1,88,0,0.0,0,1,0,200,0,[],1
2,3,57,0,0,88,4.424,13,1,0,200,88,[],1
1,3,257,3,209,0,0.0,0,1,0,200,0,[],1
2,3,47,0,0,209,4.7856,34,1,0,200,209,[],1
2,3,50,0,0,248,4.8559,34,1,0,200,248,[],1
2,3,50,0,0,250,4.9017,34,1,0,200,250,[],1
2,3,48,0,0,67,3.9502,19,1,0,200,67,[],1
3,3,49,0,0,267,4.981,38,1,0,200,267,[],1
1,3,487,13,437,0,0.0,0,1,0,200,0,[],1
2,3,49,0,0,437,5.0735,65,1,0,200,437,[],1
1,3,314,13,264,0,0.0,0,1,0,200,0,[],1
2,3,49,0,0,264,4.9624,38,1,0,200,264,[],1
2,3,49,0,0,268,5.0254,40,1,0,200,268,[],1
2,3,49,0,0,268,4.9979,38,1,0,200,268,[],1
2,3,48,0,0,73,4.6143,16,1,0,200,73,[],1
3,3,52,0,0,59,4.3404,9,1,0,200,59,[],1
2,3,52,0,0,63,4.4319,10,1,0,200,63,[],1
2,3,52,0,0,60,4.3903,9,1,0,200,60,[],1
1,3,77,1,19,0,0.0,0,1,0,200,0,[],1
2,3,57,0,0,19,3.2211,5,1,0,200,19,[],1
2,3,47,0,0,34,4.1973,6,1,0,200,34,[],1
2,3,47,0,0,38,4.2185,5,1,0,200,38,[],1
1,3,374,13,323,0,0.0,0,1,0,200,0,[],1
2,3,50,0,0,323,5.2514,51,1,0,200,323,[],1
2,3,50,0,0,270,4.9681,37,1,0,200,270,[],1
2,3,50,0,0,259,4.8949,34,1,0,200,259,[],1
1,5,58,0,0,0,0.0,0,1,0,200,0,[],1
1,3,317,13,267,0,0.0,0,1,0,200,0,[],1
2,3,49,0,0,267,5.0739,40,1,0,200,267,[],1
2,3,49,0,0,251,5.0536,38,1,0,200,251,[],1
2,3,49,0,0,262,5.0647,40,1,0,200,262,[],1
2,3,49,0,0,263,5.0795,39,1,0,200,263,[],1
1,3,679,5,626,0,0.0,0,1,0,200,0,[],1
2,3,52,0,0,626,3.7467,121,1,0,200,626,[],1
1,3,128,5,75,0,0.0,0,1,0,200,0,[],1
2,3,52,0,0,75,4.8621,11,1,0,200,75,[],1
2,3,52,0,0,71,4.5045,13,1,0,200,71,[],1
2,3,52,0,0,63,4.324,10,1,0,200,63,[],1
1,3,158,1,109,0,0.0,0,1,0,200,0,[],1
2,3,48,0,0,109,4.7073,11,1,0,200,109,[],1
1,3,364,13,313,0,0.0,0,1,0,200,0,[],1
2,3,50,0,0,313,5.1669,45,1,0,200,313,[],1
2,3,50,0,0,279,5.2098,45,1,0,200,279,[],1
1,3,284,13,233,0,0.0,0,1,0,200,0,[],1
2,3,50,0,0,233,5.0445,35,1,0,200,233,[],1
1,3,285,13,234,0,0.0,0,1,0,200,0,[],1
2,3,50,0,0,234,5.0571,35,1,0,200,234,[],1
2,3,49,0,0,259,5.1157,39,1,0,200,259,[],1
2,3,49,0,0,260,5.1167,39,1,0,200,260,[],1
1,3,118,5,69,0,0.0,0,1,0,200,0,[],1
2,3,48,0,0,69,4.5396,14,1,0,200,69,[],1
2,3,48,0,0,68,4.4661,14,1,0,200,68,[],1
2,3,48,0,0,73,4.663,14,1,0,200,73,[],1
1,3,116,5,67,0,0.0,0,1,0,200,0,[],1
2,3,48,0,0,67,4.4503,13,1,0,200,67,[],1
1,3,168,5,115,0,0.0,0,1,0,200,0,[],1
2,3,52,0,0,115,4.8832,15,1,0,200,115,[],1
2,3,52,0,0,63,4.3029,10,1,0,200,63,[],1
2,3,52,0,0,61,4.1701,9,1,0,200,61,[],1
1,4,81,0,0,0,0.0,0,1,0,200,0,[],1
1,3,108,1,50,0,0.0,0,1,0,200,0,[],1
2,3,57,0,0,50,3.5591,17,1,0,200,50,[],1
1,3,100,3,52,0,0.0,0,1,0,200,0,[],1
2,3,47,0,0,52,4.4651,9,1,0,200,52,[],1
2,3,47,0,0,32,4.2181,6,1,0,200,32,[],1
2,3,50,0,0,272,5.0027,40,1,0,200,272,[],1
1,3,411,13,361,0,0.0,0,1,0,200,0,[],1
2,3,49,0,0,361,4.9968,48,1,0,200,361,[],1
2,3,49,0,0,262,4.9556,37,1,0,200,262,[],1
2,3,49,0,0,252,4.8891,34,1,0,200,252,[],1
1,3,63,0,0,0,0.0,0,1,0,200,0,[],1
2,3,48,0,0,123,4.6756,33,1,0,200,123,[],1
2,3,48,0,0,74,4.5952,14,1,0,200,74,[],1
2,3,48,0,0,68,4.3778,13,1,0,200,68,[],1
2,3,52,0,0,65,4.4994,10,1,0,200,65,[],1
2,3,52,0,0,63,4.4115,12,1,0,200,63,[],1
2,3,52,0,0,61,4.3079,9,1,0,200,61,[],1
1,3,625,1,567,0,0.0,0,1,0,200,0,[],1
2,3,57,0,0,567,3.3309,112,1,0,200,567,[],1
1,3,143,1,94,0,0.0,0,1,0,200,0,[],1
2,3,48,0,0,94,4.4296,13,1,0,200,94,[],1
2,3,50,0,0,250,5.0585,36,1,0,200,250,[],1
2,3,50,0,0,246,5.0366,32,1,0,200,246,[],1
1,3,289,13,239,0,0.0,0,1,0,200,0,[],1
2,3,49,0,0,239,5.0012,35,1,0,200,239,[],1
1,3,293,13,243,0,0.0,0,1,0,200,0,[],1
2,3,49,0,0,243,5.0051,36,1,0,200,243,[],1
2,3,49,0,0,242,5.0018,34,1,0,200,242,[],1
3,3,48,0,0,67,4.4503,13,1,0,200,67,[],1
1,3,47,0,0,0,0.0,0,1,0,200,0,[],1
2,3,52,0,0,125,4.7159,27,1,0,200,125,[],1
1,3,150,5,97,0,0.0,0,1,0,200,0,[],1
2,3,52,0,0,97,4.6455,23,1,0,200,97,[],1
2,3,52,0,0,64,4.3092,10,1,0,200,64,[],1
2,3,52,0,0,62,4.2088,9,1,0,200,62,[],1
1,3,124,1,75,0,0.0,0,1,0,200,0,[],1
2,3,48,0,0,75,4.5832,8,1,0,200,75,[],1
1,3,403,13,352,0,0.0,0,1,0,200,0,[],1
2,3,50,0,0,352,5.2037,53,1,0,200,352,[],1
1,3,343,13,292,0,0.0,0,1,0,200,0,[],1
2,3,50,0,0,292,5.1333,49,1,0,200,292,[],1
2,3,50,0,0,287,5.1176,46,1,0,200,287,[],1
1,3,375,13,325,0,0.0,0,1,0,200,0,[],1
2,3,49,0,0,325,5.151,49,1,0,200,325,[],1
2,3,49,0,0,259,5.041,39,1,0,200,259,[],1
2,3,49,0,0,260,5.033,39,1,0,200,260,[],1
1,3,130,5,81,0,0.0,0,1,0,200,0,[],1
2,3,48,0,0,81,4.6514,18,1,0,200,81,[],1
2,3,52,0,0,66,4.3587,10,1,0,200,66,[],1
2,3,52,0,0,64,4.363,10,1,0,200,64,[],1
1,3,127,5,74,0,0.0,0,1,0,200,0,[],1
2,3,52,0,0,74,4.5623,13,1,0,200,74,[],1
2,3,52,0,0,62,4.192,9,1,0,200,62,[],1
1,3,127,1,69,0,0.0,0,1,0,200,0,[],1
2,3,57,0,0,69,4.1712,22,1,0,200,69,[],1
2,3,47,0,0,43,4.3129,6,1,0,200,43,[],1
2,3,47,0,0,51,4.3756,12,1,0,200,51,[],1
1,3,870,13,819,0,0.0,0,1,0,200,0,[],1
2,3,50,0,0,819,4.3945,146,1,0,200,819,[],1
2,3,50,0,0,236,4.9315,31,1,0,200,236,[],1
2,3,50,0,0,271,5.0889,42,1,0,200,271,[],1
2,3,50,0,0,256,4.9726,35,1,0,200,256,[],1
2,3,48,0,0,8,2.1556,2,1,0,200,8,[],1
1,3,363,13,313,0,0.0,0,1,0,200,0,[],1
2,3,49,0,0,313,5.1349,43,1,0,200,313,[],1
2,3,49,0,0,260,5.0272,43,1,0,200,260,[],1
2,3,49,0,0,255,4.9941,36,1,0,200,255,[],1
1,3,298,13,248,0,0.0,0,1,0,200,0,[],1
2,3,49,0,0,248,5.0015,36,1,0,200,248,[],1
2,3,48,0,0,77,4.5992,16,1,0,200,77,[],1
2,3,52,0,0,66,4.5464,10,1,0,200,66,[],1
2,3,52,0,0,58,4.4598,10,1,0,200,58,[],1
2,3,52,0,0,63,4.4215,10,1,0,200,63,[],1
2,3,52,0,0,62,4.3273,9,1,0,200,62,[],1
1,3,142,3,94,0,0.0,0,1,0,200,0,[],1
2,3,47,0,0,94,4.8176,10,1,0,200,94,[],1
1,3,350,13,299,0,0.0,0,1,0,200,0,[],1
2,3,50,0,0,299,5.0607,38,1,0,200,299,[],1
2,3,50,0,0,278,5.0971,42,1,0,200,278,[],1
2,3,50,0,0,253,5.0278,37,1,0,200,253,[],1
2,3,50,0,0,252,4.9745,34,1,0,200,252,[],1
2,3,48,0,0,91,4.0951,23,1,0,200,91,[],1
1,1,50,0,0,0,0.0,0,1,0,200,0,[],1
1,3,307,13,257,0,0.0,0,1,0,200,0,[],1
2,3,49,0,0,257,5.1752,36,1,0,200,257,[],1
1,3,296,13,246,0,0.0,0,1,0,200,0,[],1
2,3,49,0,0,246,5.0126,35,1,0,200,246,[],1
2,3,48,0,0,78,4.8552,16,1,0,200,78,[],1
2,3,48,0,0,78,4.6039,16,1,0,200,78,[],1
2,3,52,0,0,62,4.4843,10,1,0,200,62,[],1
2,3,52,0,0,60,4.3379,9,1,0,200,60,[],1
1,3,71,1,13,0,0.0,0,1,0,200,0,[],1
2,3,57,0,0,13,3.3927,3,1,0,200,13,[],1
1,3,117,1,59,0,0.0,0,1,0,200,0,[],1
2,3,57,0,0,59,4.5492,6,1,0,200,59,[],1
2,3,47,0,0,46,4.3502,8,1,0,200,46,[],1
2,3,47,0,0,44,4.2327,7,1,0,200,44,[],1
2,3,50,0,0,254,4.9804,34,1,0,200,254,[],1
1,3,306,13,255,0,0.0,0,1,0,200,0,[],1
2,3,50,0,0,255,4.9736,34,1,0,200,255,[],1
1,5,81,0,0,0,0.0,0,1,0,200,0,[],1
1,3,362,13,312,0,0.0,0,1,0,200,0,[],1
2,3,49,0,0,312,5.0018,47,1,0,200,312,[],1
2,3,49,0,0,275,4.9728,40,1,0,200,275,[],1
2,3,49,0,0,265,4.9681,37,1,0,200,265,[],1
2,3,48,0,0,76,4.6761,14,1,0,200,76,[],1
1,3,139,5,90,0,0.0,0,1,0,200,0,[],1
2,3,48,0,0,90,4.9117,17,1,0,200,90,[],1
2,3,48,0,0,81,4.6453,18,1,0,200,81,[],1
2,3,48,0,0,72,4.5663,13,1,0,200,72,[],1
2,3,52,0,0,64,4.2268,10,1,0,200,64,[],1
2,3,52,0,0,62,4.1883,10,1,0,200,62,[],1
2,3,52,0,0,60,4.0488,9,1,0,200,60,[],1
1,3,172,1,114,0,0.0,0,1,0,200,0,[],1
2,3,57,0,0,114,4.2874,15,1,0,200,114,[],1
1,3,135,1,77,0,0.0,0,1,0,200,0,[],1
2,3,57,0,0,77,3.8709,22,1,0,200,77,[],1
1,3,135,1,86,0,0.0,0,1,0,200,0,[],1
2,3,48,0,0,86,4.4282,15,1,0,200,86,[],1
2,3,48,0,0,63,4.3254,16,1,0,200,63,[],1
1,3,167,3,119,0,0.0,0,1,0,200,0,[],1
2,3,47,0,0,119,4.7762,16,1,0,200,119,[],1
1,3,289,13,238,0,0.0,0,1,0,200,0,[],1
2,3,50,0,0,238,5.0152,33,1,0,200,238,[],1
2,3,50,0,0,240,5.0345,33,1,0,200,240,[],1
2,3,48,0,0,22,3.6635,3,1,0,200,22,[],1
1,3,283,13,233,0,0.0,0,1,0,200,0,[],1
2,3,49,0,0,233,4.9627,34,1,0,200,233,[],1
1,3,834,13,784,0,0.0,0,1,0,200,0,[],1
2,3,49,0,0,784,4.3151,144,1,0,200,784,[],1
2,3,49,0,0,229,4.9339,33,1,0,200,229,[],1
2,3,48,0,0,111,4.7537,25,1,0,200,111,[],1
2,3,48,0,0,73,4.5204,16,1,0,200,73,[],1
2,3,48,0,0,69,4.3714,13,1,0,200,69,[],1
2,3,52,0,0,59,4.2363,9,1,0,200,59,[],1
1,3,155,3,107,0,0.0,0,1,0,200,0,[],1
2,3,47,0,0,107,4.9112,17,1,0,200,107,[],1
2,3,47,0,0,56,4.8078,8,1,0,200,56,[],1
1,3,319,13,268,0,0.0,0,1,0,200,0,[],1
2,3,50,0,0,268,5.1462,42,1,0,200,268,[],1
2,3,50,0,0,247,5.0334,33,1,0,200,247,[],1
3,3,49,0,0,269,4.9524,40,1,0,200,269,[],1
2,3,49,0,0,278,5.1024,41,1,0,200,278,[],1
2,3,49,0,0,268,4.9807,40,1,0,200,268,[],1
2,3,49,0,0,270,4.9619,40,1,0,200,270,[],1
1,5,67,0,0,0,0.0,0,1,0,200,0,[],1
2,3,48,0,0,135,4.8651,31,1,0,200,135,[],1
2,3,52,0,0,64,4.4526,10,1,0,200,64,[],1
2,3,52,0,0,61,4.3136,9,1,0,200,61,[],1
1,3,83,1,25,0,0.0,0,1,0,200,0,[],1
2,3,57,0,0,25,3.9737,5,1,0,200,25,[],1
3,3,50,0,0,246,4.967,34,1,0,200,246,[],1
1,3,302,13,251,0,0.0,0,1,0,200,0,[],1
2,3,50,0,0,251,4.9853,35,1,0,200,251,[],1
2,3,50,0,0,254,5.1769,35,1,0,200,254,[],1
2,3,50,0,0,251,4.9821,36,1,0,200,251,[],1
2,3,50,0,0,247,4.9849,34,1,0,200,247,[],1
1,3,176,1,127,0,0.0,0,1,0,200,0,[],1
2,3,48,0,0,127,4.333,16,1,0,200,127,[],1
1,3,324,13,274,0,0.0,0,1,0,200,0,[],1
2,3,49,0,0,274,5.084,42,1,0,200,274,[],1
2,3,49,0,0,248,5.0641,36,1,0,200,248,[],1
2,3,49,0,0,255,5.0865,38,1,0,200,255,[],1
2,3,49,0,0,253,5.0322,35,1,0,200,253,[],1
3,3,48,0,0,71,4.5236,13,1,0,200,71,[],1
1,3,111,5,62,0,0.0,0,1,0,200,0,[],1
2,3,48,0,0,62,4.4066,13,1,0,200,62,[],1
2,3,48,0,0,72,4.5386,13,1,0,200,72,[],1
1,3,192,5,139,0,0.0,0,1,0,200,0,[],1
2,3,52,0,0,139,4.8101,20,1,0,200,139,[],1
2,3,52,0,0,65,4.4548,10,1,0,200,65,[],1
2,3,52,0,0,68,4.506,10,1,0,200,68,[],1
1,3,122,1,64,0,0.0,0,1,0,200,0,[],1
2,3,57,0,0,64,4.4373,7,1,0,200,64,[],1
1,3,128,1,79,0,0.0,0,1,0,200,0,[],1
2,3,48,0,0,79,4.2657,18,1,0,200,79,[],1
1,3,134,1,85,0,0.0,0,1,0,200,0,[],1
2,3,48,0,0,85,4.4861,10,1,0,200,85,[],1
1,3,113,3,65,0,0.0,0,1,0,200,0,[],1
2,3,47,0,0,65,4.6018,14,1,0,200,65,[],1
2,3,50,0,0,232,4.9717,33,1,0,200,232,[],1
1,3,383,13,333,0,0.0,0,1,0,200,0,[],1
2,3,49,0,0,333,5.0515,60,1,0,200,333,[],1
2,3,49,0,0,255,5.0379,37,1,0,200,255,[],1
2,3,49,0,0,259,5.0228,36,1,0,200,259,[],1
1,2,52,0,0,0,0.0,0,1,0,200,0,[],1
1,3,182,5,133,0,0.0,0,1,0,200,0,[],1
2,3,48,0,0,133,4.9955,23,1,0,200,133,[],1
2,3,48,0,0,73,4.6253,14,1,0,200,73,[],1
2,3,48,0,0,71,4.5411,13,1,0,200,71,[],1
1,3,138,5,85,0,0.0,0,1,0,200,0,[],1
2,3,52,0,0,85,4.5097,16,1,0,200,85,[],1
2,3,52,0,0,115,4.8506,15,1,0,200,115,[],1
2,3,52,0,0,64,4.1702,9,1,0,200,64,[],1
1,3,103,1,54,0,0.0,0,1,0,200,0,[],1
2,3,48,0,0,54,4.521,6,1,0,200,54,[],1
1,3,127,3,79,0,0.0,0,1,0,200,0,[],1
2,3,47,0,0,79,4.7526,16,1,0,200,79,[],1
2,3,47,0,0,115,4.7324,17,1,0,200,115,[],1
2,3,50,0,0,279,5.0267,37,1,0,200,279,[],1
2,3,50,0,0,263,4.9634,37,1,0,200,263,[],1
1,3,332,13,281,0,0.0,0,1,0,200,0,[],1
2,3,50,0,0,281,5.056,40,1,0,200,281,[],1
1,5,82,0,0,0,0.0,0,1,0,200,0,[],1
3,3,49,0,0,257,4.9012,40,1,0,200,257,[],1
1,3,368,13,318,0,0.0,0,1,0,200,0,[],1
2,3,49,0,0,318,5.0711,46,1,0,200,318,[],1
2,3,49,0,0,270,4.9111,43,1,0,200,270,[],1
2,3,49,0,0,258,4.911,40,1,0,200,258,[],1
2,3,48,0,0,77,4.6536,14,1,0,200,77,[],1
1,3,204,5,155,0,0.0,0,1,0,200,0,[],1
2,3,48,0,0,155,4.6583,37,1,0,200,155,[],1
2,3,48,0,0,74,4.612,14,1,0,200,74,[],1
2,3,48,0,0,73,4.5979,13,1,0,200,73,[],1
2,3,52,0,0,122,4.8522,16,1,0,200,122,[],1
2,3,52,0,0,63,4.3924,10,1,0,200,63,[],1
2,3,52,0,0,60,4.3213,9,1,0,200,60,[],1
2,3,57,0,0,25,3.2995,8,1,0,200,25,[],1
2,3,48,0,0,83,4.0559,22,1,0,200,83,[],1
1,3,131,3,83,0,0.0,0,1,0,200,0,[],1
2,3,47,0,0,83,4.7058,19,1,0,200,83,[],1
3,3,50,0,0,278,5.0207,37,1,0,200,278,[],1
2,3,50,0,0,278,5.0271,37,1,0,200,278,[],1
2,3,50,0,0,279,5.0298,37,1,0,200,279,[],1
1,4,55,0,0,0,0.0,0,1,0,200,0,[],1
1,3,367,13,317,0,0.0,0,1,0,200,0,[],1
2,3,49,0,0,317,5.0826,55,1,0,200,317,[],1
2,3,49,0,0,259,5.0116,36,1,0,200,259,[],1
2,3,48,0,0,87,4.7811,17,1,0,200,87,[],1
3,3,52,0,0,65,4.4256,9,1,0,200,65,[],1
2,3,52,0,0,64,4.4609,11,1,0,200,64,[],1
2,3,52,0,0,66,4.4301,9,1,0,200,66,[],1
1,3,130,1,81,0,0.0,0,1,0,200,0,[],1
2,3,48,0,0,81,4.7355,6,1,0,200,81,[],1
1,3,157,3,109,0,0.0,0,1,0,200,0,[],1
2,3,47,0,0,109,4.846,14,1,0,200,109,[],1
1,3,353,13,302,0,0.0,0,1,0,200,0,[],1
2,3,50,0,0,302,5.1065,45,1,0,200,302,[],1
2,3,50,0,0,264,5.1429,37,1,0,200,264,[],1
2,3,50,0,0,255,5.1275,35,1,0,200,255,[],1
1,3,322,13,272,0,0.0,0,1,0,200,0,[],1
2,3,49,0,0,272,5.0232,38,1,0,200,272,[],1
1,3,874,13,824,0,0.0,0,1,0,200,0,[],1
2,3,49,0,0,824,4.4403,147,1,0,200,824,[],1
2,3,49,0,0,262,4.9439,36,1,0,200,262,[],1
1,3,287,5,238,0,0.0,0,1,0,200,0,[],1
2,3,48,0,0,238,4.8863,40,1,0,200,238,[],1
1,3,181,5,132,0,0.0,0,1,0,200,0,[],1
2,3,48,0,0,132,5.0939,29,1,0,200,132,[],1
2,3,48,0,0,70,4.4971,14,1,0,200,70,[],1
2,3,48,0,0,69,4.4707,13,1,0,200,69,[],1
1,3,173,5,120,0,0.0,0,1,0,200,0,[],1
2,3,52,0,0,120,4.9708,20,1,0,200,120,[],1
1,3,125,5,72,0,0.0,0,1,0,200,0,[],1
2,3,52,0,0,72,4.3804,12,1,0,200,72,[],1
2,3,52,0,0,63,4.3344,10,1,0,200,63,[],1
1,3,116,1,58,0,0.0,0,1,0,200,0,[],1
2,3,57,0,0,58,4.1266,16,1,0,200,58,[],1
2,3,48,0,0,94,4.7123,8,1,0,200,94,[],1
2,3,47,0,0,52,4.8107,8,1,0,200,52,[],1
3,3,50,0,0,261,5.0162,35,1,0,200,261,[],1
1,3,317,13,266,0,0.0,0,1,0,200,0,[],1
2,3,50,0,0,266,5.0443,36,1,0,200,266,[],1
2,3,50,0,0,262,5.0129,36,1,0,200,262,[],1
2,3,50,0,0,262,5.0256,35,1,0,200,262,[],1
2,3,48,0,0,81,4.6599,12,1,0,200,81,[],1
1,3,364,13,314,0,0.0,0,1,0,200,0,[],1
2,3,49,0,0,314,5.1161,43,1,0,200,314,[],1
2,3,49,0,0,269,5.0851,42,1,0,200,269,[],1
2,3,49,0,0,260,4.9826,37,1,0,200,260,[],1
2,3,48,0,0,69,4.4417,13,1,0,200,69,[],1
3,3,52,0,0,63,4.13,9,1,0,200,63,[],1
2,3,52,0,0,85,4.5183,16,1,0,200,85,[],1
2,3,52,0,0,58,4.1987,10,1,0,200,58,[],1
2,3,52,0,0,65,4.2071,10,1,0,200,65,[],1
2,3,52,0,0,64,4.1816,9,1,0,200,64,[],1
1,3,103,1,45,0,0.0,0,1,0,200,0,[],1
2,3,57,0,0,45,4.266,12,1,0,200,45,[],1
2,3,48,0,0,75,4.2751,22,1,0,200,75,[],1
1,3,391,13,340,0,0.0,0,1,0,200,0,[],1
2,3,50,0,0,340,5.2299,55,1,0,200,340,[],1
1,3,422,13,371,0,0.0,0,1,0,200,0,[],1
2,3,50,0,0,371,5.0199,52,1,0,200,371,[],1
2,3,50,0,0,266,4.9759,39,1,0,200,266,[],1
2,3,50,0,0,267,4.9814,38,1,0,200,267,[],1
2,3,48,0,0,78,4.5218,8,1,0,200,78,[],1
1,3,98,1,49,0,0.0,0,1,0,200,0,[],1
2,3,48,0,0,49,3.5328,17,1,0,200,49,[],1
1,3,396,13,346,0,0.0,0,1,0,200,0,[],1
2,3,49,0,0,346,5.1025,60,1,0,200,346,[],1
2,3,49,0,0,280,5.0118,39,1,0,200,280,[],1
2,3,48,0,0,74,4.6492,14,1,0,200,74,[],1
2,3,52,0,0,125,4.8373,30,1,0,200,125,[],1
2,3,52,0,0,105,4.7458,24,1,0,200,105,[],1
2,3,52,0,0,73,4.5165,13,1,0,200,73,[],1
3,3,47,0,0,43,4.2641,7,1,0,200,43,[],1
1,3,143,3,95,0,0.0,0,1,0,200,0,[],1
2,3,47,0,0,95,4.7419,17,1,0,200,95,[],1
1,3,137,3,89,0,0.0,0,1,0,200,0,[],1
2,3,47,0,0,89,4.6786,22,1,0,200,89,[],1
2,3,50,0,0,275,4.9901,41,1,0,200,275,[],1
2,3,50,0,0,272,5.0354,40,1,0,200,272,[],1
2,3,48,0,0,20,4.0219,2,1,0,200,20,[],1
2,3,49,0,0,247,5.0557,35,1,0,200,247,[],1
1,3,341,13,291,0,0.0,0,1,0,200,0,[],1
2,3,49,0,0,291,5.1169,47,1,0,200,291,[],1
1,3,295,13,245,0,0.0,0,1,0,200,0,[],1
2,3,49,0,0,245,5.0577,34,1,0,200,245,[],1
2,3,48,0,0,80,4.7381,15,1,0,200,80,[],1
2,3,48,0,0,133,4.8218,31,1,0,200,133,[],1
1,3,155,5,102,0,0.0,0,1,0,200,0,[],1
2,3,52,0,0,102,4.7164,23,1,0,200,102,[],1
2,3,52,0,0,59,4.1702,10,1,0,200,59,[],1
2,3,52,0,0,72,4.5495,12,1,0,200,72,[],1
2,3,52,0,0,64,4.1835,9,1,0,200,64,[],1
1,3,126,1,68,0,0.0,0,1,0,200,0,[],1
2,3,57,0,0,68,4.0261,19,1,0,200,68,[],1
1,0,27,0,4,0,0.0,0,1,0,200,0,[],1
1,3,200,3,152,0,0.0,0,1,0,200,0,[],1
2,3,47,0,0,152,4.5512,21,1,0,200,152,[],1
1,4,77,0,0,0,0.0,0,1,0,200,0,[],1
2,3,50,0,0,251,4.9618,35,1,0,200,251,[],1
2,3,50,0,0,250,4.9417,34,1,0,200,250,[],1
1,3,394,13,344,0,0.0,0,1,0,200,0,[],1
2,3,49,0,0,344,5.0431,49,1,0,200,344,[],1
2,3,49,0,0,247,5.073,35,1,0,200,247,[],1
2,3,49,0,0,249,5.0749,35,1,0,200,249,[],1
1,2,35,0,0,0,0.0,0,1,0,200,0,[],1
2,3,48,0,0,131,5.0738,29,1,0,200,131,[],1
2,3,52,0,0,65,4.2461,10,1,0,200,65,[],1
2,3,52,0,0,61,4.0708,9,1,0,200,61,[],1
2,3,47,0,0,74,4.7583,17,1,0,200,74,[],1
1,3,354,13,303,0,0.0,0,1,0,200,0,[],1
2,3,50,0,0,303,5.1052,46,1,0,200,303,[],1
1,3,347,13,296,0,0.0,0,1,0,200,0,[],1
2,3,50,0,0,296,5.1001,42,1,0,200,296,[],1
2,3,49,0,0,241,5.0591,38,1,0,200,241,[],1
2,3,49,0,0,251,5.0671,40,1,0,200,251,[],1
2,3,49,0,0,241,5.0626,37,1,0,200,241,[],1
1,3,66,0,0,0,0.0,0,1,0,200,0,[],1
2,3,48,0,0,76,4.7188,14,1,0,200,76,[],1
1,3,193,5,144,0,0.0,0,1,0,200,0,[],1
2,3,48,0,0,144,4.762,34,1,0,200,144,[],1
2,3,52,0,0,69,4.3246,12,1,0,200,69,[],1
2,3,52,0,0,60,4.0553,9,1,0,200,60,[],1
2,3,50,0,0,261,4.9991,37,1,0,200,261,[],1
2,3,50,0,0,257,5.0059,36,1,0,200,257,[],1
2,3,49,0,0,246,4.9225,32,1,0,200,246,[],1
1,3,290,13,240,0,0.0,0,1,0,200,0,[],1
2,3,49,0,0,240,4.8712,31,1,0,200,240,[],1
2,3,49,0,0,242,4.8981,31,1,0,200,242,[],1
2,3,48,0,0,113,4.7102,29,1,0,200,113,[],1
2,3,48,0,0,74,4.666,14,1,0,200,74,[],1
1,3,285,5,232,0,0.0,0,1,0,200,0,[],1
2,3,52,0,0,232,4.9295,36,1,0,200,232,[],1
1,3,167,5,114,0,0.0,0,1,0,200,0,[],1
2,3,52,0,0,114,4.8536,15,1,0,200,114,[],1
2,3,52,0,0,65,4.4447,10,1,0,200,65,[],1
2,3,52,0,0,63,4.3496,9,1,0,200,63,[],1
1,3,145,1,87,0,0.0,0,1,0,200,0,[],1
2,3,57,0,0,87,3.7533,25,1,0,200,87,[],1
2,3,47,0,0,99,4.8096,11,1,0,200,99,[],1
1,3,121,3,73,0,0.0,0,1,0,200,0,[],1
2,3,47,0,0,73,4.7135,17,1,0,200,73,[],1
2,3,50,0,0,233,4.914,33,1,0,200,233,[],1
2,3,50,0,0,279,5.0524,42,1,0,200,279,[],1
2,3,50,0,0,264,4.9959,39,1,0,200,264,[],1
1,3,357,13,307,0,0.0,0,1,0,200,0,[],1
2,3,49,0,0,307,5.1557,53,1,0,200,307,[],1
2,3,49,0,0,270,5.086,45,1,0,200,270,[],1
2,3,49,0,0,254,5.0762,38,1,0,200,254,[],1
1,4,83,0,0,0,0.0,0,1,0,200,0,[],1
1,3,165,5,116,0,0.0,0,1,0,200,0,[],1
2,3,48,0,0,116,4.8702,17,1,0,200,116,[],1
2,3,48,0,0,69,4.4417,14,1,0,200,69,[],1
2,3,48,0,0,69,4.4237,13,1,0,200,69,[],1
1,3,162,5,109,0,0.0,0,1,0,200,0,[],1
2,3,52,0,0,109,4.8492,22,1,0,200,109,[],1
1,3,123,5,70,0,0.0,0,1,0,200,0,[],1
2,3,52,0,0,70,4.5877,12,1,0,200,70,[],1
2,3,48,0,0,55,4.3087,9,1,0,200,55,[],1
1,3,334,13,283,0,0.0,0,1,0,200,0,[],1
2,3,50,0,0,283,5.0101,39,1,0,200,283,[],1
1,3,360,13,309,0,0.0,0,1,0,200,0,[],1
2,3,50,0,0,309,5.1309,52,1,0,200,309,[],1
2,3,50,0,0,281,4.9971,38,1,0,200,281,[],1
2,3,49,0,0,274,5.0471,44,1,0,200,274,[],1
2,3,49,0,0,270,5.0337,41,1,0,200,270,[],1
2,3,48,0,0,75,4.5168,15,1,0,200,75,[],1
2,3,52,0,0,63,4.2767,10,1,0,200,63,[],1
2,3,52,0,0,56,4.2539,10,1,0,200,56,[],1
2,3,52,0,0,61,4.24,10,1,0,200,61,[],1
2,3,52,0,0,59,4.1346,9,1,0,200,59,[],1
2,3,47,0,0,43,4.4235,6,1,0,200,43,[],1
1,3,247,3,199,0,0.0,0,1,0,200,0,[],1
2,3,47,0,0,199,4.8019,32,1,0,200,199,[],1
1,3,282,13,231,0,0.0,0,1,0,200,0,[],1
2,3,50,0,0,231,5.0857,34,1,0,200,231,[],1
2,3,50,0,0,244,5.1046,36,1,0,200,244,[],1
1,3,288,13,237,0,0.0,0,1,0,200,0,[],1
2,3,50,0,0,237,5.086,33,1,0,200,237,[],1
2,3,48,0,0,26,3.9501,4,1,0,200,26,[],1
2,3,49,0,0,256,5.0498,37,1,0,200,256,[],1
2,3,49,0,0,251,5.0563,36,1,0,200,251,[],1
1,3,208,5,159,0,0.0,0,1,0,200,0,[],1
2,3,48,0,0,159,4.8624,27,1,0,200,159,[],1
1,3,169,5,120,0,0.0,0,1,0,200,0,[],1
2,3,48,0,0,120,4.9184,19,1,0,200,120,[],1
1,3,186,5,133,0,0.0,0,1,0,200,0,[],1
2,3,52,0,0,133,4.8227,17,1,0,200,133,[],1
2,3,52,0,0,62,4.2729,10,1,0,200,62,[],1
3,3,47,0,0,38,4.0933,5,1,0,200,38,[],1
1,3,139,3,91,0,0.0,0,1,0,200,0,[],1
2,3,47,0,0,91,4.6879,18,1,0,200,91,[],1
2,3,47,0,0,33,4.1879,6,1,0,200,33,[],1
2,3,47,0,0,39,4.1604,5,1,0,200,39,[],1
2,3,50,0,0,246,4.959,37,1,0,200,246,[],1
2,3,50,0,0,245,4.9433,36,1,0,200,245,[],1
1,3,110,1,61,0,0.0,0,1,0,200,0,[],1
2,3,48,0,0,61,4.3858,14,1,0,200,61,[],1
2,3,48,0,0,87,3.7045,25,1,0,200,87,[],1
1,3,380,13,330,0,0.0,0,1,0,200,0,[],1
2,3,49,0,0,330,5.2636,53,1,0,200,330,[],1
3,3,48,0,0,74,4.5451,15,1,0,200,74,[],1
1,3,144,5,95,0,0.0,0,1,0,200,0,[],1
2,3,48,0,0,95,4.9328,19,1,0,200,95,[],1
2,3,48,0,0,73,4.4583,16,1,0,200,73,[],1
2,3,48,0,0,74,4.6762,14,1,0,200,74,[],1
3,3,52,0,0,59,3.9928,9,1,0,200,59,[],1
2,3,52,0,0,58,4.2252,10,1,0,200,58,[],1
2,3,52,0,0,60,4.0486,9,1,0,200,60,[],1
2,3,57,0,0,78,4.8533,18,1,0,200,78,[],1
1,3,348,13,297,0,0.0,0,1,0,200,0,[],1
2,3,50,0,0,297,5.1494,40,1,0,200,297,[],1
2,3,50,0,0,252,5.0187,37,1,0,200,252,[],1
2,3,50,0,0,249,4.9555,34,1,0,200,249,[],1
2,3,49,0,0,260,5.0161,42,1,0,200,260,[],1
2,3,49,0,0,259,4.9615,39,1,0,200,259,[],1
1,3,166,5,117,0,0.0,0,1,0,200,0,[],1
2,3,48,0,0,117,4.7704,29,1,0,200,117,[],1
2,3,52,0,0,132,5.1531,26,1,0,200,132,[],1
1,3,177,5,124,0,0.0,0,1,0,200,0,[],1
2,3,52,0,0,124,4.6669,19,1,0,200,124,[],1
2,3,52,0,0,59,4.3615,10,1,0,200,59,[],1
2,3,52,0,0,59,4.3314,9,1,0,200,59,[],1
1,3,142,1,84,0,0.0,0,1,0,200,0,[],1
2,3,57,0,0,84,4.5214,11,1,0,200,84,[],1
1,3,113,1,55,0,0.0,0,1,0,200,0,[],1
2,3,57,0,0,55,4.1225,11,1,0,200,55,[],1
1,3,107,3,59,0,0.0,0,1,0,200,0,[],1
2,3,47,0,0,59,4.5136,11,1,0,200,59,[],1
1,3,153,3,105,0,0.0,0,1,0,200,0,[],1
2,3,47,0,0,105,4.539,28,1,0,200,105,[],1
3,3,50,0,0,248,4.9388,35,1,0,200,248,[],1
2,3,50,0,0,264,5.0124,39,1,0,200,264,[],1
2,3,50,0,0,281,5.0819,49,1,0,200,281,[],1
2,3,50,0,0,249,4.9487,35,1,0,200,249,[],1
1,3,88,1,39,0,0.0,0,1,0,200,0,[],1
2,3,48,0,0,39,3.914,9,1,0,200,39,[],1
2,3,48,0,0,25,2.7983,8,1,0,200,25,[],1
2,3,49,0,0,268,5.08,40,1,0,200,268,[],1
2,3,49,0,0,266,5.082,39,1,0,200,266,[],1
2,3,48,0,0,146,4.9457,23,1,0,200,146,[],1
2,3,52,0,0,118,4.8895,16,1,0,200,118,[],1
2,3,52,0,0,74,4.522,12,1,0,200,74,[],1
2,3,52,0,0,64,4.2578,10,1,0,200,64,[],1
1,3,103,3,55,0,0.0,0,1,0,200,0,[],1
2,3,47,0,0,55,4.8883,6,1,0,200,55,[],1
1,3,146,3,98,0,0.0,0,1,0,200,0,[],1
2,3,47,0,0,98,4.8064,15,1,0,200,98,[],1
3,3,50,0,0,257,4.9937,36,1,0,200,257,[],1
2,3,50,0,0,253,5.02,37,1,0,200,253,[],1
2,3,50,0,0,259,5.0144,37,1,0,200,259,[],1
1,3,309,13,258,0,0.0,0,1,0,200,0,[],1
2,3,50,0,0,258,5.011,36,1,0,200,258,[],1
1,5,62,0,0,0,0.0,0,1,0,200,0,[],1
1,3,453,13,403,0,0.0,0,1,0,200,0,[],1
2,3,49,0,0,403,5.024,61,1,0,200,403,[],1
2,3,49,0,0,248,4.9941,37,1,0,200,248,[],1
2,3,49,0,0,250,5.0175,37,1,0,200,250,[],1
1,3,138,5,89,0,0.0,0,1,0,200,0,[],1
2,3,48,0,0,89,4.9346,16,1,0,200,89,[],1
2,3,52,0,0,66,4.5856,10,1,0,200,66,[],1
1,3,164,5,111,0,0.0,0,1,0,200,0,[],1
2,3,52,0,0,111,4.9697,14,1,0,200,111,[],1
2,3,52,0,0,64,4.5699,10,1,0,200,64,[],1
2,3,52,0,0,62,4.5102,9,1,0,200,62,[],1
2,3,57,0,0,9,3.1699,2,1,0,200,9,[],1
2,3,48,0,0,73,4.5863,11,1,0,200,73,[],1
2,3,47,0,0,78,4.7033,16,1,0,200,78,[],1
2,3,50,0,0,240,5.0193,37,1,0,200,240,[],1
2,3,50,0,0,256,5.0421,38,1,0,200,256,[],1
2,3,50,0,0,256,5.0416,38,1,0,200,256,[],1
1,5,76,0,0,0,0.0,0,1,0,200,0,[],1
2,3,49,0,0,248,5.0255,37,1,0,200,248,[],1
2,3,49,0,0,247,5.0273,36,1,0,200,247,[],1
2,3,48,0,0,78,4.5416,16,1,0,200,78,[],1
2,3,48,0,0,76,4.5109,15,1,0,200,76,[],1
3,3,52,0,0,61,4.4778,10,1,0,200,61,[],1
2,3,52,0,0,63,4.622,11,1,0,200,63,[],1
2,3,52,0,0,63,4.5132,11,1,0,200,63,[],1
2,3,57,0,0,9,2.7255,2,1,0,200,9,[],1
1,3,156,1,107,0,0.0,0,1,0,200,0,[],1
2,3,48,0,0,107,4.3614,23,1,0,200,107,[],1
1,3,158,3,110,0,0.0,0,1,0,200,0,[],1
2,3,47,0,0,110,4.7916,15,1,0,200,110,[],1
2,3,50,0,0,313,5.1812,44,1,0,200,313,[],1
2,3,50,0,0,292,5.1563,52,1,0,200,292,[],1
2,3,50,0,0,232,5.0519,36,1,0,200,232,[],1
2,3,50,0,0,248,5.0855,37,1,0,200,248,[],1
2,3,48,0,0,6,2.585,2,1,0,200,6,[],1
2,3,49,0,0,251,5.0024,36,1,0,200,251,[],1
2,3,49,0,0,249,4.9823,34,1,0,200,249,[],1
1,3,266,5,217,0,0.0,0,1,0,200,0,[],1
2,3,48,0,0,217,4.8634,37,1,0,200,217,[],1
2,3,48,0,0,67,4.4205,13,1,0,200,67,[],1
2,3,52,0,0,70,4.5542,13,1,0,200,70,[],1
2,3,52,0,0,64,4.5627,11,1,0,200,64,[],1
2,3,57,0,0,57,4.3231,14,1,0,200,57,[],1
2,3,48,0,0,77,4.6085,14,1,0,200,77,[],1
1,3,641,3,593,0,0.0,0,1,0,200,0,[],1
2,3,47,0,0,593,3.5173,116,1,0,200,593,[],1
2,3,47,0,0,41,4.2387,6,1,0,200,41,[],1
1,3,380,13,329,0,0.0,0,1,0,200,0,[],1
2,3,50,0,0,329,5.1725,61,1,0,200,329,[],1
2,3,50,0,0,258,5.1501,44,1,0,200,258,[],1
2,3,50,0,0,246,5.105,39,1,0,200,246,[],1
2,3,50,0,0,246,5.1376,37,1,0,200,246,[],1
1,3,616,1,567,0,0.0,0,1,0,200,0,[],1
2,3,48,0,0,567,3.3181,112,1,0,200,567,[],1
2,3,49,0,0,232,4.9933,35,1,0,200,232,[],1
2,3,49,0,0,229,4.9965,32,1,0,200,229,[],1
3,3,48,0,0,74,4.6094,15,1,0,200,74,[],1
1,3,167,5,118,0,0.0,0,1,0,200,0,[],1
2,3,48,0,0,118,4.8196,27,1,0,200,118,[],1
3,3,52,0,0,62,4.2278,10,1,0,200,62,[],1
2,3,52,0,0,118,4.6279,30,1,0,200,118,[],1
2,3,52,0,0,66,4.4415,11,1,0,200,66,[],1
2,3,52,0,0,63,4.2783,10,1,0,200,63,[],1
1,3,162,3,114,0,0.0,0,1,0,200,0,[],1
2,3,47,0,0,114,4.7295,14,1,0,200,114,[],1
1,4,49,0,0,0,0.0,0,1,0,200,0,[],1
2,3,50,0,0,303,5.1353,39,1,0,200,303,[],1
2,3,50,0,0,249,5.0224,35,1,0,200,249,[],1
2,3,50,0,0,248,5.0235,34,1,0,200,248,[],1
1,3,354,13,304,0,0.0,0,1,0,200,0,[],1
2,3,49,0,0,304,5.0977,44,1,0,200,304,[],1
2,3,49,0,0,249,5.1714,41,1,0,200,249,[],1
2,3,49,0,0,258,5.1057,39,1,0,200,258,[],1
2,3,48,0,0,78,4.5879,16,1,0,200,78,[],1
3,3,52,0,0,61,4.3975,10,1,0,200,61,[],1
2,3,52,0,0,118,4.8387,16,1,0,200,118,[],1
2,3,52,0,0,67,4.6217,12,1,0,200,67,[],1
2,3,52,0,0,62,4.4135,10,1,0,200,62,[],1
2,3,47,0,0,51,4.2316,12,1,0,200,51,[],1
2,3,47,0,0,44,4.2156,7,1,0,200,44,[],1
1,3,290,13,239,0,0.0,0,1,0,200,0,[],1
2,3,50,0,0,239,5.0392,35,1,0,200,239,[],1
2,3,50,0,0,241,4.9747,32,1,0,200,241,[],1
2,3,49,0,0,255,4.933,36,1,0,200,255,[],1
2,3,49,0,0,256,4.9613,36,1,0,200,256,[],1
2,3,52,0,0,70,4.5399,10,1,0,200,70,[],1
2,3,52,0,0,68,4.4822,11,1,0,200,68,[],1
2,3,52,0,0,68,4.4513,10,1,0,200,68,[],1
2,3,52,0,0,66,4.3587,9,1,0,200,66,[],1
2,3,57,0,0,25,2.9795,8,1,0,200,25,[],1
1,3,160,3,112,0,0.0,0,1,0,200,0,[],1
2,3,47,0,0,112,4.5049,26,1,0,200,112,[],1
1,3,151,3,103,0,0.0,0,1,0,200,0,[],1
2,3,47,0,0,103,5.0522,22,1,0,200,103,[],1
2,3,50,0,0,245,5.0084,39,1,0,200,245,[],1
2,3,50,0,0,253,4.9846,39,1,0,200,253,[],1
2,3,50,0,0,249,5.0044,38,1,0,200,249,[],1
1,3,416,13,366,0,0.0,0,1,0,200,0,[],1
2,3,49,0,0,366,5.1039,50,1,0,200,366,[],1
3,3,48,0,0,67,4.4092,13,1,0,200,67,[],1
2,3,48,0,0,113,4.6925,29,1,0,200,113,[],1
1,3,176,5,127,0,0.0,0,1,0,200,0,[],1
2,3,48,0,0,127,4.9226,19,1,0,200,127,[],1
1,3,194,5,141,0,0.0,0,1,0,200,0,[],1
2,3,52,0,0,141,4.5808,33,1,0,200,141,[],1
1,3,160,5,107,0,0.0,0,1,0,200,0,[],1
2,3,52,0,0,107,4.8808,14,1,0,200,107,[],1
2,3,52,0,0,60,4.3505,10,1,0,200,60,[],1
2,3,52,0,0,58,4.2134,9,1,0,200,58,[],1
2,3,57,0,0,8,2.5,2,1,0,200,8,[],1
1,3,372,13,321,0,0.0,0,1,0,200,0,[],1
2,3,50,0,0,321,5.2647,53,1,0,200,321,[],1
2,3,50,0,0,246,4.9981,37,1,0,200,246,[],1
2,3,50,0,0,247,5.0003,36,1,0,200,247,[],1
2,3,50,0,0,248,5.0061,36,1,0,200,248,[],1
2,3,48,0,0,69,4.2998,12,1,0,200,69,[],1
1,3,454,13,404,0,0.0,0,1,0,200,0,[],1
2,3,49,0,0,404,5.0887,63,1,0,200,404,[],1
2,3,49,0,0,248,5.0898,39,1,0,200,248,[],1
1,4,51,0,0,0,0.0,0,1,0,200,0,[],1
2,3,48,0,0,116,4.8328,17,1,0,200,116,[],1
2,3,48,0,0,71,4.4629,14,1,0,200,71,[],1
3,3,52,0,0,57,4.0507,9,1,0,200,57,[],1
2,3,52,0,0,62,4.3157,10,1,0,200,62,[],1
1,3,129,5,76,0,0.0,0,1,0,200,0,[],1
2,3,52,0,0,76,4.4991,12,1,0,200,76,[],1
2,3,52,0,0,58,4.1065,9,1,0,200,58,[],1
2,3,48,0,0,81,3.9954,11,1,0,200,81,[],1
2,3,47,0,0,103,4.4175,26,1,0,200,103,[],1
1,3,383,13,332,0,0.0,0,1,0,200,0,[],1
2,3,50,0,0,332,5.2718,56,1,0,200,332,[],1
2,3,50,0,0,295,5.1114,53,1,0,200,295,[],1
2,3,50,0,0,261,5.0845,40,1,0,200,261,[],1
2,3,50,0,0,259,5.0598,39,1,0,200,259,[],1
2,3,49,0,0,263,5.0504,37,1,0,200,263,[],1
2,3,49,0,0,265,5.069,37,1,0,200,265,[],1
1,1,36,0,0,0,0.0,0,1,0,200,0,[],1
2,3,48,0,0,67,4.3608,14,1,0,200,67,[],1
2,3,48,0,0,73,4.587,16,1,0,200,73,[],1
2,3,52,0,0,68,4.4657,10,1,0,200,68,[],1
1,3,157,5,104,0,0.0,0,1,0,200,0,[],1
2,3,52,0,0,104,4.7781,24,1,0,200,104,[],1
2,3,52,0,0,72,4.5275,11,1,0,200,72,[],1
2,3,52,0,0,64,4.3394,9,1,0,200,64,[],1
1,3,109,3,61,0,0.0,0,1,0,200,0,[],1
2,3,47,0,0,61,4.3186,14,1,0,200,61,[],1
1,3,371,13,320,0,0.0,0,1,0,200,0,[],1
2,3,50,0,0,320,5.1125,57,1,0,200,320,[],1
2,3,50,0,0,244,5.0996,37,1,0,200,244,[],1
2,3,50,0,0,247,5.1056,36,1,0,200,247,[],1
1,3,146,1,97,0,0.0,0,1,0,200,0,[],1
2,3,48,0,0,97,4.5886,12,1,0,200,97,[],1
1,3,222,1,173,0,0.0,0,1,0,200,0,[],1
2,3,48,0,0,173,4.6916,28,1,0,200,173,[],1
2,3,49,0,0,333,5.0366,46,1,0,200,333,[],1
2,3,49,0,0,262,4.9017,36,1,0,200,262,[],1
1,3,161,5,108,0,0.0,0,1,0,200,0,[],1
2,3,52,0,0,108,4.6016,26,1,0,200,108,[],1
2,3,52,0,0,66,4.4091,10,1,0,200,66,[],1
2,3,52,0,0,63,4.348,10,1,0,200,63,[],1
1,3,114,1,56,0,0.0,0,1,0,200,0,[],1
2,3,57,0,0,56,4.1782,11,1,0,200,56,[],1
1,3,130,3,82,0,0.0,0,1,0,200,0,[],1
2,3,47,0,0,82,4.6807,21,1,0,200,82,[],1
1,3,197,3,149,0,0.0,0,1,0,200,0,[],1
2,3,47,0,0,149,4.5418,21,1,0,200,149,[],1
2,3,50,0,0,249,5.0321,36,1,0,200,249,[],1
2,3,50,0,0,260,5.0589,39,1,0,200,260,[],1
2,3,50,0,0,245,5.0308,35,1,0,200,245,[],1
2,3,49,0,0,234,4.9619,34,1,0,200,234,[],1
1,3,285,13,235,0,0.0,0,1,0,200,0,[],1
2,3,49,0,0,235,4.9742,34,1,0,200,235,[],1
2,3,48,0,0,146,4.7672,34,1,0,200,146,[],1
2,3,48,0,0,75,4.6526,14,1,0,200,75,[],1
2,3,52,0,0,111,4.8692,15,1,0,200,111,[],1
2,3,52,0,0,67,4.5216,12,1,0,200,67,[],1
2,3,52,0,0,64,4.3923,11,1,0,200,64,[],1
1,3,102,1,44,0,0.0,0,1,0,200,0,[],1
2,3,57,0,0,44,4.2512,12,1,0,200,44,[],1
1,3,166,1,117,0,0.0,0,1,0,200,0,[],1
2,3,48,0,0,117,4.2674,26,1,0,200,117,[],1
2,3,48,0,0,61,4.1792,11,1,0,200,61,[],1
2,3,47,0,0,115,4.7263,17,1,0,200,115,[],1
2,3,50,0,0,290,5.0336,53,1,0,200,290,[],1
2,3,50,0,0,261,5.0782,42,1,0,200,261,[],1
2,3,50,0,0,245,5.0293,35,1,0,200,245,[],1
2,3,49,0,0,263,5.0423,37,1,0,200,263,[],1
2,3,49,0,0,249,4.9793,34,1,0,200,249,[],1
2,3,48,0,0,131,4.9401,20,1,0,200,131,[],1
1,3,181,5,128,0,0.0,0,1,0,200,0,[],1
2,3,52,0,0,128,4.6044,30,1,0,200,128,[],1
2,3,52,0,0,65,4.4777,11,1,0,200,65,[],1
2,3,52,0,0,61,4.4019,9,1,0,200,61,[],1
2,3,50,0,0,252,5.0105,36,1,0,200,252,[],1
2,3,50,0,0,263,5.0346,37,1,0,200,263,[],1
2,3,50,0,0,258,5.0048,35,1,0,200,258,[],1
2,3,49,0,0,251,5.0899,36,1,0,200,251,[],1
1,3,343,13,293,0,0.0,0,1,0,200,0,[],1
2,3,49,0,0,293,5.1846,50,1,0,200,293,[],1
2,3,49,0,0,250,5.068,36,1,0,200,250,[],1
2,3,49,0,0,247,5.0744,35,1,0,200,247,[],1
1,3,164,5,115,0,0.0,0,1,0,200,0,[],1
2,3,48,0,0,115,4.8116,26,1,0,200,115,[],1
1,3,276,5,227,0,0.0,0,1,0,200,0,[],1
2,3,48,0,0,227,4.8187,39,1,0,200,227,[],1
2,3,48,0,0,77,4.5894,16,1,0,200,77,[],1
3,3,52,0,0,61,4.3751,10,1,0,200,61,[],1
2,3,52,0,0,122,4.8658,16,1,0,200,122,[],1
2,3,52,0,0,56,4.4477,11,1,0,200,56,[],1
2,3,52,0,0,65,4.3487,10,1,0,200,65,[],1
2,3,52,0,0,62,4.4237,10,1,0,200,62,[],1
2,3,48,0,0,38,4.0208,3,1,0,200,38,[],1
2,3,47,0,0,38,4.1132,5,1,0,200,38,[],1
2,3,50,0,0,251,4.9817,35,1,0,200,251,[],1
2,3,50,0,0,250,4.9906,35,1,0,200,250,[],1
2,3,49,0,0,282,5.1974,50,1,0,200,282,[],1
2,3,49,0,0,259,5.1121,38,1,0,200,259,[],1
2,3,49,0,0,254,5.1274,36,1,0,200,254,[],1
1,3,680,5,631,0,0.0,0,1,0,200,0,[],1
2,3,48,0,0,631,3.7681,124,1,0,200,631,[],1
1,3,190,5,141,0,0.0,0,1,0,200,0,[],1
2,3,48,0,0,141,4.8417,22,1,0,200,141,[],1
2,3,48,0,0,70,4.4685,14,1,0,200,70,[],1
3,3,52,0,0,57,4.1513,9,1,0,200,57,[],1
2,3,52,0,0,68,4.4696,12,1,0,200,68,[],1
2,3,52,0,0,58,4.1579,9,1,0,200,58,[],1
1,3,142,1,93,0,0.0,0,1,0,200,0,[],1
2,3,48,0,0,93,3.937,25,1,0,200,93,[],1
2,3,47,0,0,47,4.2785,8,1,0,200,47,[],1
3,3,50,0,0,262,5.0185,37,1,0,200,262,[],1
1,3,389,13,338,0,0.0,0,1,0,200,0,[],1
2,3,50,0,0,338,5.1613,46,1,0,200,338,[],1
2,3,50,0,0,281,5.1207,43,1,0,200,281,[],1
2,3,50,0,0,263,5.0355,37,1,0,200,263,[],1
1,3,355,13,305,0,0.0,0,1,0,200,0,[],1
2,3,49,0,0,305,5.0331,51,1,0,200,305,[],1
2,3,49,0,0,265,4.9342,37,1,0,200,265,[],1
2,3,49,0,0,267,4.9259,37,1,0,200,267,[],1
2,3,48,0,0,72,4.5831,14,1,0,200,72,[],1
2,3,48,0,0,133,4.7786,22,1,0,200,133,[],1
2,3,52,0,0,68,4.617,10,1,0,200,68,[],1
1,3,134,5,81,0,0.0,0,1,0,200,0,[],1
2,3,52,0,0,81,4.8699,16,1,0,200,81,[],1
2,3,52,0,0,67,4.5795,10,1,0,200,67,[],1
2,3,52,0,0,66,4.59,9,1,0,200,66,[],1
3,3,47,0,0,42,4.1548,7,1,0,200,42,[],1
2,3,50,0,0,260,5.1575,40,1,0,200,260,[],1
2,3,50,0,0,255,4.9631,37,1,0,200,255,[],1
2,3,50,0,0,248,4.9804,36,1,0,200,248,[],1
2,3,49,0,0,247,5.0397,37,1,0,200,247,[],1
2,3,49,0,0,308,5.3101,53,1,0,200,308,[],1
2,3,49,0,0,241,5.0294,36,1,0,200,241,[],1
2,3,49,0,0,243,5.038,36,1,0,200,243,[],1
1,3,198,5,149,0,0.0,0,1,0,200,0,[],1
2,3,48,0,0,149,5.1133,32,1,0,200,149,[],1
2,3,48,0,0,76,4.5584,15,1,0,200,76,[],1
2,3,52,0,0,85,4.5927,16,1,0,200,85,[],1
2,3,52,0,0,72,4.6128,13,1,0,200,72,[],1
2,3,52,0,0,64,4.4019,9,1,0,200,64,[],1
1,3,128,1,70,0,0.0,0,1,0,200,0,[],1
2,3,57,0,0,70,4.1526,22,1,0,200,70,[],1
2,3,57,0,0,56,4.3446,14,1,0,200,56,[],1
2,3,48,0,0,99,4.7649,9,1,0,200,99,[],1
3,3,50,0,0,251,5.0543,38,1,0,200,251,[],1
2,3,50,0,0,335,5.1054,62,1,0,200,335,[],1
1,3,407,13,356,0,0.0,0,1,0,200,0,[],1
2,3,50,0,0,356,5.0908,52,1,0,200,356,[],1
2,3,50,0,0,252,5.0817,39,1,0,200,252,[],1
2,3,50,0,0,252,5.0716,38,1,0,200,252,[],1
2,3,48,0,0,22,3.5383,3,1,0,200,22,[],1
2,3,49,0,0,259,4.975,36,1,0,200,259,[],1
2,3,49,0,0,249,4.9402,32,1,0,200,249,[],1
2,3,48,0,0,141,4.8206,23,1,0,200,141,[],1
2,3,52,0,0,68,4.4567,10,1,0,200,68,[],1
2,3,52,0,0,66,4.3339,9,1,0,200,66,[],1
2,3,47,0,0,41,4.2083,6,1,0,200,41,[],1
1,3,325,13,274,0,0.0,0,1,0,200,0,[],1
2,3,50,0,0,274,5.0533,41,1,0,200,274,[],1
2,3,50,0,0,280,5.0365,41,1,0,200,280,[],1
1,3,342,13,292,0,0.0,0,1,0,200,0,[],1
2,3,49,0,0,292,5.0566,47,1,0,200,292,[],1
2,3,49,0,0,270,5.0255,40,1,0,200,270,[],1
2,3,49,0,0,271,5.0186,40,1,0,200,271,[],1
2,3,48,0,0,117,4.7949,29,1,0,200,117,[],1
1,3,157,5,108,0,0.0,0,1,0,200,0,[],1
2,3,48,0,0,108,4.8329,27,1,0,200,108,[],1
2,3,48,0,0,72,4.6219,13,1,0,200,72,[],1
1,3,182,5,129,0,0.0,0,1,0,200,0,[],1
2,3,52,0,0,129,4.7108,27,1,0,200,129,[],1
1,3,172,5,119,0,0.0,0,1,0,200,0,[],1
2,3,52,0,0,119,4.7721,15,1,0,200,119,[],1
2,3,52,0,0,65,4.2956,10,1,0,200,65,[],1
2,3,52,0,0,66,4.2505,9,1,0,200,66,[],1
2,3,57,0,0,69,4.4937,8,1,0,200,69,[],1
2,3,50,0,0,320,5.1039,60,1,0,200,320,[],1
2,3,49,0,0,243,5.0156,35,1,0,200,243,[],1
2,3,49,0,0,245,5.006,34,1,0,200,245,[],1
2,3,52,0,0,62,4.3316,9,1,0,200,62,[],1
1,3,84,1,26,0,0.0,0,1,0,200,0,[],1
2,3,57,0,0,26,3.3018,8,1,0,200,26,[],1
2,3,50,0,0,280,5.0744,42,1,0,200,280,[],1
1,3,277,13,226,0,0.0,0,1,0,200,0,[],1
2,3,50,0,0,226,4.9893,34,1,0,200,226,[],1
1,3,280,13,229,0,0.0,0,1,0,200,0,[],1
2,3,50,0,0,229,4.9547,32,1,0,200,229,[],1
2,3,49,0,0,248,4.9838,37,1,0,200,248,[],1
2,3,49,0,0,249,5.0222,37,1,0,200,249,[],1
2,3,48,0,0,135,4.8058,31,1,0,200,135,[],1
1,3,175,5,126,0,0.0,0,1,0,200,0,[],1
2,3,48,0,0,126,4.9547,18,1,0,200,126,[],1
2,3,52,0,0,135,4.7211,21,1,0,200,135,[],1
2,3,52,0,0,59,4.2387,10,1,0,200,59,[],1
2,3,52,0,0,57,4.1312,9,1,0,200,57,[],1
1,5,79,0,0,0,0.0,0,1,0,200,0,[],1
1,3,327,13,276,0,0.0,0,1,0,200,0,[],1
2,3,50,0,0,276,5.0449,36,1,0,200,276,[],1
2,3,50,0,0,237,4.9609,33,1,0,200,237,[],1
2,3,50,0,0,236,4.9546,33,1,0,200,236,[],1
2,3,49,0,0,291,5.1879,49,1,0,200,291,[],1
2,3,49,0,0,255,5.1123,39,1,0,200,255,[],1
2,3,49,0,0,251,5.094,38,1,0,200,251,[],1
3,3,48,0,0,71,4.6081,13,1,0,200,71,[],1
1,3,681,5,628,0,0.0,0,1,0,200,0,[],1
2,3,52,0,0,628,3.7869,120,1,0,200,628,[],1
2,3,52,0,0,75,4.8744,10,1,0,200,75,[],1
2,3,52,0,0,74,4.6111,12,1,0,200,74,[],1
2,3,52,0,0,65,4.2627,9,1,0,200,65,[],1
2,3,50,0,0,287,5.0453,50,1,0,200,287,[],1
2,3,50,0,0,280,4.9664,40,1,0,200,280,[],1
2,3,50,0,0,271,4.9625,37,1,0,200,271,[],1
2,3,49,0,0,274,5.0796,40,1,0,200,274,[],1
2,3,49,0,0,265,5.1389,40,1,0,200,265,[],1
2,3,49,0,0,274,5.0639,41,1,0,200,274,[],1
2,3,49,0,0,270,5.0795,39,1,0,200,270,[],1
2,3,48,0,0,141,4.8495,22,1,0,200,141,[],1
1,2,60,0,0,0,0.0,0,1,0,200,0,[],1
2,3,52,0,0,63,4.3065,11,1,0,200,63,[],1
2,3,52,0,0,64,4.3866,11,1,0,200,64,[],1
2,3,52,0,0,67,4.3138,10,1,0,200,67,[],1
1,3,412,13,361,0,0.0,0,1,0,200,0,[],1
2,3,50,0,0,361,5.0585,49,1,0,200,361,[],1
2,3,50,0,0,242,4.9456,34,1,0,200,242,[],1
2,3,50,0,0,261,4.9743,37,1,0,200,261,[],1
2,3,50,0,0,252,4.9723,35,1,0,200,252,[],1
2,3,48,0,0,81,4.2055,20,1,0,200,81,[],1
2,3,49,0,0,295,5.095,46,1,0,200,295,[],1
2,3,49,0,0,280,5.0759,39,1,0,200,280,[],1
2,3,49,0,0,281,5.0763,39,1,0,200,281,[],1
3,3,48,0,0,68,4.455,13,1,0,200,68,[],1
2,3,48,0,0,140,4.761,23,1,0,200,140,[],1
2,3,48,0,0,111,4.6383,29,1,0,200,111,[],1
1,3,183,5,130,0,0.0,0,1,0,200,0,[],1
2,3,52,0,0,130,4.6025,30,1,0,200,130,[],1
2,3,52,0,0,61,4.412,10,1,0,200,61,[],1
2,3,52,0,0,59,4.3124,9,1,0,200,59,[],1
2,3,57,0,0,68,4.6442,11,1,0,200,68,[],1
1,3,83,3,35,0,0.0,0,1,0,200,0,[],1
2,3,47,0,0,35,4.4576,6,1,0,200,35,[],1
2,3,50,0,0,283,5.109,45,1,0,200,283,[],1
2,3,50,0,0,295,5.1311,52,1,0,200,295,[],1
2,3,50,0,0,264,5.0589,39,1,0,200,264,[],1
2,3,50,0,0,262,5.0726,38,1,0,200,262,[],1
1,3,348,13,298,0,0.0,0,1,0,200,0,[],1
2,3,49,0,0,298,5.1028,46,1,0,200,298,[],1
2,3,49,0,0,268,5.0781,41,1,0,200,268,[],1
2,3,49,0,0,258,4.9892,36,1,0,200,258,[],1
2,3,49,0,0,255,4.9762,34,1,0,200,255,[],1
1,2,31,0,0,0,0.0,0,1,0,200,0,[],1
2,3,48,0,0,136,4.9417,21,1,0,200,136,[],1
2,3,48,0,0,76,4.5372,15,1,0,200,76,[],1
2,3,52,0,0,61,4.2611,9,1,0,200,61,[],1
1,3,192,3,144,0,0.0,0,1,0,200,0,[],1
2,3,47,0,0,144,4.5042,21,1,0,200,144,[],1
2,3,47,0,0,45,4.2757,8,1,0,200,45,[],1
2,3,50,0,0,297,5.1388,52,1,0,200,297,[],1
2,3,50,0,0,250,5.0727,37,1,0,200,250,[],1
2,3,50,0,0,243,5.0266,34,1,0,200,243,[],1
3,3,49,0,0,259,4.9716,39,1,0,200,259,[],1
2,3,49,0,0,264,4.9955,41,1,0,200,264,[],1
2,3,49,0,0,260,4.9812,39,1,0,200,260,[],1
1,3,187,5,138,0,0.0,0,1,0,200,0,[],1
2,3,48,0,0,138,4.8173,34,1,0,200,138,[],1
2,3,48,0,0,75,4.5879,14,1,0,200,75,[],1
2,3,48,0,0,73,4.5808,13,1,0,200,73,[],1
2,3,52,0,0,73,4.5592,13,1,0,200,73,[],1
2,3,52,0,0,63,4.2647,9,1,0,200,63,[],1
1,3,97,1,48,0,0.0,0,1,0,200,0,[],1
2,3,48,0,0,48,4.0191,15,1,0,200,48,[],1
2,3,50,0,0,243,4.9417,35,1,0,200,243,[],1
2,3,48,0,0,93,4.5142,11,1,0,200,93,[],1
2,3,49,0,0,248,4.967,37,1,0,200,248,[],1
2,3,48,0,0,148,4.7017,36,1,0,200,148,[],1
2,3,48,0,0,77,4.6154,16,1,0,200,77,[],1
2,3,52,0,0,62,4.3348,10,1,0,200,62,[],1
2,3,52,0,0,61,4.3815,10,1,0,200,61,[],1
2,3,52,0,0,58,4.1958,9,1,0,200,58,[],1
2,3,50,0,0,302,5.2039,52,1,0,200,302,[],1
2,3,50,0,0,237,5.1043,31,1,0,200,237,[],1
1,3,108,1,59,0,0.0,0,1,0,200,0,[],1
2,3,48,0,0,59,4.4755,6,1,0,200,59,[],1
1,5,63,0,0,0,0.0,0,1,0,200,0,[],1
2,3,49,0,0,259,5.0083,35,1,0,200,259,[],1
2,3,49,0,0,259,4.9935,35,1,0,200,259,[],1
1,3,110,5,61,0,0.0,0,1,0,200,0,[],1
2,3,48,0,0,61,4.6498,12,1,0,200,61,[],1
2,3,52,0,0,116,4.9155,13,1,0,200,116,[],1
1,4,57,0,0,0,0.0,0,1,0,200,0,[],1
1,3,138,1,80,0,0.0,0,1,0,200,0,[],1
2,3,57,0,0,80,4.3664,10,1,0,200,80,[],1
2,3,48,0,0,107,4.9092,19,1,0,200,107,[],1
2,3,50,0,0,249,5.0047,33,1,0,200,249,[],1
1,3,358,13,307,0,0.0,0,1,0,200,0,[],1
2,3,50,0,0,307,5.1264,41,1,0,200,307,[],1
2,3,50,0,0,255,5.0546,37,1,0,200,255,[],1
2,3,50,0,0,247,5.0015,32,1,0,200,247,[],1
1,3,236,1,187,0,0.0,0,1,0,200,0,[],1
2,3,48,0,0,187,4.707,29,1,0,200,187,[],1
2,3,49,0,0,307,5.1665,43,1,0,200,307,[],1
2,3,49,0,0,244,5.0426,37,1,0,200,244,[],1
2,3,49,0,0,242,5.0281,36,1,0,200,242,[],1
2,3,48,0,0,138,4.7326,23,1,0,200,138,[],1
2,3,48,0,0,81,4.676,18,1,0,200,81,[],1
2,3,52,0,0,102,4.8772,23,1,0,200,102,[],1
2,3,52,0,0,63,4.4892,10,1,0,200,63,[],1
2,3,52,0,0,68,4.617,11,1,0,200,68,[],1
2,3,52,0,0,64,4.4532,9,1,0,200,64,[],1
1,3,136,3,88,0,0.0,0,1,0,200,0,[],1
2,3,47,0,0,88,4.6247,20,1,0,200,88,[],1
2,3,50,0,0,306,5.1256,52,1,0,200,306,[],1
2,3,50,0,0,242,5.0352,34,1,0,200,242,[],1
2,3,50,0,0,243,5.0276,34,1,0,200,243,[],1
2,3,49,0,0,255,5.0048,36,1,0,200,255,[],1
2,3,49,0,0,249,4.9461,34,1,0,200,249,[],1
2,3,48,0,0,69,4.4816,14,1,0,200,69,[],1
1,3,135,5,82,0,0.0,0,1,0,200,0,[],1
2,3,52,0,0,82,4.5692,16,1,0,200,82,[],1
1,3,108,5,55,0,0.0,0,1,0,200,0,[],1
2,3,52,0,0,55,4.3428,10,1,0,200,55,[],1
2,3,52,0,0,63,4.4257,10,1,0,200,63,[],1
2,3,52,0,0,61,4.3611,9,1,0,200,61,[],1
2,3,57,0,0,56,4.1005,11,1,0,200,56,[],1
2,3,47,0,0,60,4.9407,8,1,0,200,60,[],1
1,3,396,13,345,0,0.0,0,1,0,200,0,[],1
2,3,50,0,0,345,5.0464,61,1,0,200,345,[],1
2,3,50,0,0,270,4.9687,38,1,0,200,270,[],1
2,3,49,0,0,259,5.1804,39,1,0,200,259,[],1
2,3,49,0,0,257,5.1365,38,1,0,200,257,[],1
2,3,49,0,0,251,5.135,37,1,0,200,251,[],1
2,3,48,0,0,116,4.8469,17,1,0,200,116,[],1
2,3,48,0,0,71,4.456,14,1,0,200,71,[],1
2,3,48,0,0,69,4.3947,13,1,0,200,69,[],1
2,3,52,0,0,66,4.2575,10,1,0,200,66,[],1
2,3,52,0,0,62,4.1166,9,1,0,200,62,[],1
2,3,47,0,0,99,4.875,12,1,0,200,99,[],1
1,3,320,13,269,0,0.0,0,1,0,200,0,[],1
2,3,50,0,0,269,5.0109,39,1,0,200,269,[],1
2,3,50,0,0,264,4.9655,36,1,0,200,264,[],1
1,3,137,1,88,0,0.0,0,1,0,200,0,[],1
2,3,48,0,0,88,4.4092,13,1,0,200,88,[],1
2,3,49,0,0,251,4.913,35,1,0,200,251,[],1
2,3,49,0,0,292,5.0476,49,1,0,200,292,[],1
2,3,49,0,0,248,4.8901,34,1,0,200,248,[],1
2,3,49,0,0,247,4.8818,34,1,0,200,247,[],1
1,3,132,5,83,0,0.0,0,1,0,200,0,[],1
2,3,48,0,0,83,4.6567,17,1,0,200,83,[],1
2,3,48,0,0,118,4.8152,18,1,0,200,118,[],1
2,3,52,0,0,61,4.3324,10,1,0,200,61,[],1
2,3,47,0,0,46,4.3338,8,1,0,200,46,[],1
1,3,368,13,317,0,0.0,0,1,0,200,0,[],1
2,3,50,0,0,317,5.1188,42,1,0,200,317,[],1
2,3,50,0,0,271,4.9943,37,1,0,200,271,[],1
2,3,50,0,0,281,4.9913,38,1,0,200,281,[],1
2,3,48,0,0,56,4.1685,16,1,0,200,56,[],1
2,3,49,0,0,327,5.1677,46,1,0,200,327,[],1
1,3,366,13,316,0,0.0,0,1,0,200,0,[],1
2,3,49,0,0,316,5.1236,47,1,0,200,316,[],1
2,3,49,0,0,266,5.0141,39,1,0,200,266,[],1
2,3,49,0,0,267,5.0549,40,1,0,200,267,[],1
1,3,190,5,137,0,0.0,0,1,0,200,0,[],1
2,3,52,0,0,137,4.71,30,1,0,200,137,[],1
2,3,52,0,0,64,4.4182,9,1,0,200,64,[],1
2,3,57,0,0,26,2.9941,8,1,0,200,26,[],1
2,3,50,0,0,267,4.9718,38,1,0,200,267,[],1
2,3,49,0,0,239,5.0437,35,1,0,200,239,[],1
2,3,49,0,0,233,5.0284,33,1,0,200,233,[],1
2,3,48,0,0,70,4.5542,14,1,0,200,70,[],1
2,3,48,0,0,68,4.4955,13,1,0,200,68,[],1
2,3,52,0,0,64,4.4635,10,1,0,200,64,[],1
2,3,52,0,0,74,4.4512,12,1,0,200,74,[],1
2,3,52,0,0,62,4.4003,9,1,0,200,62,[],1
2,3,57,0,0,48,4.244,13,1,0,200,48,[],1
2,3,48,0,0,97,4.457,20,1,0,200,97,[],1
2,3,47,0,0,43,4.3594,6,1,0,200,43,[],1
2,3,47,0,0,33,4.1502,6,1,0,200,33,[],1
2,3,50,0,0,302,5.075,54,1,0,200,302,[],1
2,3,50,0,0,237,5.0237,34,1,0,200,237,[],1
2,3,50,0,0,235,5.0077,33,1,0,200,235,[],1
2,3,49,0,0,262,4.9802,37,1,0,200,262,[],1
2,3,49,0,0,252,4.9424,37,1,0,200,252,[],1
2,3,49,0,0,254,4.9181,35,1,0,200,254,[],1
2,3,48,0,0,150,4.9063,24,1,0,200,150,[],1
2,3,48,0,0,88,4.6492,19,1,0,200,88,[],1
1,3,195,5,142,0,0.0,0,1,0,200,0,[],1
2,3,52,0,0,142,4.5666,34,1,0,200,142,[],1
2,3,52,0,0,69,4.5816,12,1,0,200,69,[],1
2,3,52,0,0,65,4.3576,10,1,0,200,65,[],1
1,3,62,1,4,0,0.0,0,1,0,200,0,[],1
2,3,57,0,0,4,2.0,2,1,0,200,4,[],1
2,3,48,0,0,65,4.6274,6,1,0,200,65,[],1
2,3,50,0,0,274,5.0447,39,1,0,200,274,[],1
2,3,50,0,0,275,5.0513,39,1,0,200,275,[],1
1,3,311,13,261,0,0.0,0,1,0,200,0,[],1
2,3,49,0,0,261,5.1048,42,1,0,200,261,[],1
2,3,49,0,0,248,4.9807,36,1,0,200,248,[],1
2,3,49,0,0,252,5.0528,35,1,0,200,252,[],1
2,3,48,0,0,89,5.0351,14,1,0,200,89,[],1
1,3,228,5,179,0,0.0,0,1,0,200,0,[],1
2,3,48,0,0,179,4.7541,27,1,0,200,179,[],1
2,3,52,0,0,66,4.2403,9,1,0,200,66,[],1
1,3,156,3,108,0,0.0,0,1,0,200,0,[],1
2,3,47,0,0,108,4.4297,26,1,0,200,108,[],1
2,3,50,0,0,253,5.0343,36,1,0,200,253,[],1
2,3,50,0,0,251,5.0293,35,1,0,200,251,[],1
2,3,49,0,0,268,5.0055,38,1,0,200,268,[],1
2,3,49,0,0,267,4.9827,39,1,0,200,267,[],1
2,3,49,0,0,264,5.0015,37,1,0,200,264,[],1
2,3,48,0,0,119,4.6959,30,1,0,200,119,[],1
1,3,130,5,77,0,0.0,0,1,0,200,0,[],1
2,3,52,0,0,77,4.5735,16,1,0,200,77,[],1
2,3,52,0,0,66,4.4993,10,1,0,200,66,[],1
2,3,52,0,0,64,4.2836,9,1,0,200,64,[],1
2,3,57,0,0,9,2.6416,2,1,0,200,9,[],1
2,3,47,0,0,94,4.8809,15,1,0,200,94,[],1
2,3,50,0,0,247,4.9516,35,1,0,200,247,[],1
2,3,50,0,0,243,4.9719,33,1,0,200,243,[],1
1,3,120,1,71,0,0.0,0,1,0,200,0,[],1
2,3,48,0,0,71,4.3146,17,1,0,200,71,[],1
1,3,106,1,57,0,0.0,0,1,0,200,0,[],1
2,3,48,0,0,57,4.093,16,1,0,200,57,[],1
2,3,49,0,0,310,5.0976,50,1,0,200,310,[],1
2,3,49,0,0,299,5.1015,51,1,0,200,299,[],1
2,3,49,0,0,244,4.9678,34,1,0,200,244,[],1
2,3,49,0,0,258,5.0061,37,1,0,200,258,[],1
2,3,52,0,0,70,4.4929,11,1,0,200,70,[],1
2,3,52,0,0,57,4.317,9,1,0,200,57,[],1
2,3,48,0,0,25,3.6733,5,1,0,200,25,[],1
2,3,47,0,0,35,4.0116,6,1,0,200,35,[],1
2,3,50,0,0,239,4.9646,32,1,0,200,239,[],1
2,3,50,0,0,251,4.9475,33,1,0,200,251,[],1
2,3,48,0,0,70,4.4201,15,1,0,200,70,[],1
2,3,49,0,0,335,5.1163,57,1,0,200,335,[],1
2,3,49,0,0,264,5.0218,36,1,0,200,264,[],1
1,3,128,5,79,0,0.0,0,1,0,200,0,[],1
2,3,48,0,0,79,4.6627,16,1,0,200,79,[],1
2,3,52,0,0,142,4.6916,20,1,0,200,142,[],1
2,3,52,0,0,105,4.7212,22,1,0,200,105,[],1
2,3,52,0,0,73,4.3216,11,1,0,200,73,[],1
2,3,52,0,0,71,4.2853,10,1,0,200,71,[],1
1,3,192,1,143,0,0.0,0,1,0,200,0,[],1
2,3,48,0,0,143,4.4435,16,1,0,200,143,[],1
2,3,50,0,0,230,5.0764,34,1,0,200,230,[],1
2,3,50,0,0,250,5.0515,35,1,0,200,250,[],1
2,3,50,0,0,250,5.0188,34,1,0,200,250,[],1
2,3,48,0,0,89,4.1265,12,1,0,200,89,[],1
2,3,49,0,0,245,5.091,35,1,0,200,245,[],1
2,3,48,0,0,71,4.5405,14,1,0,200,71,[],1
2,3,52,0,0,70,4.8935,10,1,0,200,70,[],1
2,3,52,0,0,60,4.3896,9,1,0,200,60,[],1
2,3,48,0,0,70,4.5291,7,1,0,200,70,[],1
2,3,50,0,0,295,5.2006,42,1,0,200,295,[],1
2,3,50,0,0,245,5.1115,38,1,0,200,245,[],1
1,3,64,0,0,0,0.0,0,1,0,200,0,[],1
1,3,382,13,332,0,0.0,0,1,0,200,0,[],1
2,3,49,0,0,332,5.2928,53,1,0,200,332,[],1
2,3,49,0,0,309,5.1626,42,1,0,200,309,[],1
2,3,49,0,0,262,5.0653,37,1,0,200,262,[],1
1,3,178,5,129,0,0.0,0,1,0,200,0,[],1
2,3,48,0,0,129,4.9582,23,1,0,200,129,[],1
2,3,52,0,0,66,4.3328,9,1,0,200,66,[],1
1,4,85,0,0,0,0.0,0,1,0,200,0,[],1
2,3,50,0,0,246,4.9411,36,1,0,200,246,[],1
2,3,49,0,0,257,5.0924,39,1,0,200,257,[],1
2,3,49,0,0,249,5.0123,37,1,0,200,249,[],1
1,3,233,5,184,0,0.0,0,1,0,200,0,[],1
2,3,48,0,0,184,4.7685,29,1,0,200,184,[],1
2,3,52,0,0,73,4.6811,11,1,0,200,73,[],1
2,3,52,0,0,71,4.6373,11,1,0,200,71,[],1
2,3,52,0,0,69,4.6102,10,1,0,200,69,[],1
2,3,50,0,0,316,5.2536,41,1,0,200,316,[],1
2,3,50,0,0,274,5.1857,37,1,0,200,274,[],1
2,3,50,0,0,257,5.1572,36,1,0,200,257,[],1
2,3,50,0,0,256,5.1189,35,1,0,200,256,[],1
1,1,29,0,0,0,0.0,0,1,0,200,0,[],1
2,3,49,0,0,259,5.0024,37,1,0,200,259,[],1
2,3,49,0,0,257,4.9818,36,1,0,200,257,[],1
1,3,279,5,226,0,0.0,0,1,0,200,0,[],1
2,3,52,0,0,226,4.8856,36,1,0,200,226,[],1
2,3,52,0,0,65,4.4394,10,1,0,200,65,[],1
2,3,52,0,0,65,4.4514,9,1,0,200,65,[],1
2,3,47,0,0,103,5.0401,22,1,0,200,103,[],1
2,3,50,0,0,267,4.9828,38,1,0,200,267,[],1
2,3,50,0,0,266,4.9993,37,1,0,200,266,[],1
1,4,48,0,0,0,0.0,0,1,0,200,0,[],1
1,6,81,0,0,0,0.0,0,1,0,200,0,[],1
2,3,49,0,0,314,5.0808,44,1,0,200,314,[],1
1,3,388,13,338,0,0.0,0,1,0,200,0,[],1
2,3,49,0,0,338,5.0599,58,1,0,200,338,[],1
2,3,49,0,0,265,4.9422,36,1,0,200,265,[],1
2,3,49,0,0,263,4.9178,34,1,0,200,263,[],1
2,3,48,0,0,117,4.7781,29,1,0,200,117,[],1
2,3,52,0,0,70,4.581,10,1,0,200,70,[],1
2,3,52,0,0,79,4.9174,10,1,0,200,79,[],1
2,3,52,0,0,63,4.4674,10,1,0,200,63,[],1
2,3,52,0,0,66,4.4326,9,1,0,200,66,[],1
1,3,82,1,24,0,0.0,0,1,0,200,0,[],1
2,3,57,0,0,24,3.8868,5,1,0,200,24,[],1
1,3,96,3,48,0,0.0,0,1,0,200,0,[],1
2,3,47,0,0,48,4.4031,8,1,0,200,48,[],1
2,3,47,0,0,34,4.3738,6,1,0,200,34,[],1
1,3,420,13,369,0,0.0,0,1,0,200,0,[],1
2,3,50,0,0,369,5.0804,65,1,0,200,369,[],1
2,3,50,0,0,295,5.027,44,1,0,200,295,[],1
2,3,50,0,0,286,5.0313,41,1,0,200,286,[],1
2,3,49,0,0,246,5.1293,37,1,0,200,246,[],1
2,3,49,0,0,243,5.0744,34,1,0,200,243,[],1
1,3,188,5,139,0,0.0,0,1,0,200,0,[],1
2,3,48,0,0,139,4.7616,23,1,0,200,139,[],1
1,3,133,5,80,0,0.0,0,1,0,200,0,[],1
2,3,52,0,0,80,4.5264,16,1,0,200,80,[],1
2,3,52,0,0,71,4.368,12,1,0,200,71,[],1
2,3,52,0,0,59,4.2768,9,1,0,200,59,[],1
1,3,171,1,113,0,0.0,0,1,0,200,0,[],1
2,3,57,0,0,113,4.2521,15,1,0,200,113,[],1
2,3,50,0,0,256,4.9911,35,1,0,200,256,[],1
2,3,50,0,0,257,4.9933,35,1,0,200,257,[],1
2,3,49,0,0,237,5.0456,36,1,0,200,237,[],1
2,3,49,0,0,272,5.0366,39,1,0,200,272,[],1
2,3,49,0,0,259,5.0727,37,1,0,200,259,[],1
1,3,109,5,60,0,0.0,0,1,0,200,0,[],1
2,3,48,0,0,60,4.4078,13,1,0,200,60,[],1
2,3,48,0,0,71,4.4736,14,1,0,200,71,[],1
2,3,52,0,0,66,4.1073,10,1,0,200,66,[],1
2,3,52,0,0,59,4.0675,9,1,0,200,59,[],1
2,3,50,0,0,254,4.9258,35,1,0,200,254,[],1
2,3,50,0,0,255,4.9675,35,1,0,200,255,[],1
1,3,370,13,320,0,0.0,0,1,0,200,0,[],1
2,3,49,0,0,320,5.2377,47,1,0,200,320,[],1
2,3,49,0,0,239,5.1676,39,1,0,200,239,[],1
2,3,49,0,0,237,5.1066,36,1,0,200,237,[],1
2,3,49,0,0,245,5.1626,38,1,0,200,245,[],1
1,3,194,5,145,0,0.0,0,1,0,200,0,[],1
2,3,48,0,0,145,4.924,23,1,0,200,145,[],1
2,3,48,0,0,70,4.5256,14,1,0,200,70,[],1
2,3,52,0,0,68,4.325,12,1,0,200,68,[],1
2,3,52,0,0,62,4.3744,10,1,0,200,62,[],1
2,3,48,0,0,14,3.182,2,1,0,200,14,[],1
2,3,50,0,0,246,5.0372,38,1,0,200,246,[],1
2,3,50,0,0,256,5.0854,40,1,0,200,256,[],1
2,3,50,0,0,255,5.057,38,1,0,200,255,[],1
2,3,49,0,0,250,5.0351,40,1,0,200,250,[],1
2,3,49,0,0,259,5.0816,38,1,0,200,259,[],1
2,3,49,0,0,251,5.0635,36,1,0,200,251,[],1
2,3,48,0,0,119,4.8135,23,1,0,200,119,[],1
2,3,48,0,0,151,4.81,25,1,0,200,151,[],1
2,3,48,0,0,71,4.4333,14,1,0,200,71,[],1
2,3,52,0,0,70,4.4142,12,1,0,200,70,[],1
2,3,52,0,0,59,4.2103,9,1,0,200,59,[],1
2,3,50,0,0,256,5.0116,39,1,0,200,256,[],1
2,3,50,0,0,246,4.9844,36,1,0,200,246,[],1
1,3,107,1,58,0,0.0,0,1,0,200,0,[],1
2,3,48,0,0,58,4.3704,13,1,0,200,58,[],1
2,3,49,0,0,245,5.1224,38,1,0,200,245,[],1
2,3,49,0,0,249,5.1361,37,1,0,200,249,[],1
2,3,49,0,0,250,5.1218,37,1,0,200,250,[],1
2,3,48,0,0,149,4.9719,23,1,0,200,149,[],1
2,3,52,0,0,77,4.8137,11,1,0,200,77,[],1
2,3,52,0,0,65,4.5295,12,1,0,200,65,[],1
2,3,52,0,0,61,4.326,10,1,0,200,61,[],1
1,3,144,3,96,0,0.0,0,1,0,200,0,[],1
2,3,47,0,0,96,4.6016,26,1,0,200,96,[],1
3,3,50,0,0,274,5.0287,40,1,0,200,274,[],1
2,3,50,0,0,274,5.0623,42,1,0,200,274,[],1
2,3,50,0,0,275,5.0451,40,1,0,200,275,[],1
1,3,865,13,815,0,0.0,0,1,0,200,0,[],1
2,3,49,0,0,815,4.4121,148,1,0,200,815,[],1
2,3,49,0,0,269,5.0319,40,1,0,200,269,[],1
2,3,49,0,0,259,4.9739,37,1,0,200,259,[],1
2,3,48,0,0,129,4.8841,19,1,0,200,129,[],1
2,3,52,0,0,133,4.7916,18,1,0,200,133,[],1
2,3,52,0,0,67,4.5289,10,1,0,200,67,[],1
2,3,52,0,0,64,4.4143,9,1,0,200,64,[],1
2,3,50,0,0,264,5.0873,39,1,0,200,264,[],1
2,3,49,0,0,281,5.0725,40,1,0,200,281,[],1
2,3,49,0,0,258,4.9938,35,1,0,200,258,[],1
2,3,49,0,0,260,4.9977,33,1,0,200,260,[],1
2,3,48,0,0,119,4.8735,23,1,0,200,119,[],1
2,3,48,0,0,133,4.7994,21,1,0,200,133,[],1
2,3,52,0,0,65,4.4624,11,1,0,200,65,[],1
2,3,52,0,0,66,4.4347,10,1,0,200,66,[],1
2,3,48,0,0,89,4.5167,11,1,0,200,89,[],1
2,3,50,0,0,253,5.0426,38,1,0,200,253,[],1
2,3,50,0,0,261,4.9899,36,1,0,200,261,[],1
1,3,386,13,336,0,0.0,0,1,0,200,0,[],1
2,3,49,0,0,336,5.1052,58,1,0,200,336,[],1
2,3,49,0,0,258,5.0399,34,1,0,200,258,[],1
2,3,49,0,0,259,5.0507,34,1,0,200,259,[],1
2,3,48,0,0,89,5.0716,14,1,0,200,89,[],1
1,3,112,5,63,0,0.0,0,1,0,200,0,[],1
2,3,48,0,0,63,4.4303,13,1,0,200,63,[],1
2,3,52,0,0,63,4.4193,10,1,0,200,63,[],1
1,3,91,1,42,0,0.0,0,1,0,200,0,[],1
2,3,48,0,0,42,4.1869,4,1,0,200,42,[],1
2,3,47,0,0,82,4.7447,18,1,0,200,82,[],1
2,3,50,0,0,245,4.9793,34,1,0,200,245,[],1
2,3,50,0,0,253,5.0066,36,1,0,200,253,[],1
2,3,50,0,0,243,4.9709,33,1,0,200,243,[],1
2,3,49,0,0,319,5.1433,43,1,0,200,319,[],1
2,3,49,0,0,263,5.0384,38,1,0,200,263,[],1
2,3,49,0,0,264,5.0475,38,1,0,200,264,[],1
2,3,52,0,0,77,4.7864,13,1,0,200,77,[],1
2,3,52,0,0,55,4.3517,10,1,0,200,55,[],1
2,3,52,0,0,66,4.3571,12,1,0,200,66,[],1
2,3,48,0,0,49,4.2241,6,1,0,200,49,[],1
2,3,50,0,0,268,4.9974,36,1,0,200,268,[],1
1,3,316,13,265,0,0.0,0,1,0,200,0,[],1
2,3,50,0,0,265,4.9353,34,1,0,200,265,[],1
1,3,497,13,447,0,0.0,0,1,0,200,0,[],1
2,3,49,0,0,447,5.0849,64,1,0,200,447,[],1
2,3,49,0,0,278,4.9905,37,1,0,200,278,[],1
2,3,48,0,0,145,4.7423,34,1,0,200,145,[],1
2,3,52,0,0,79,4.5114,16,1,0,200,79,[],1
2,3,52,0,0,59,4.2073,10,1,0,200,59,[],1
2,3,52,0,0,58,4.1815,9,1,0,200,58,[],1
2,3,47,0,0,99,4.7729,11,1,0,200,99,[],1
2,3,50,0,0,261,5.026,40,1,0,200,261,[],1
1,3,340,13,289,0,0.0,0,1,0,200,0,[],1
2,3,50,0,0,289,5.0189,44,1,0,200,289,[],1
2,3,50,0,0,279,5.0007,40,1,0,200,279,[],1
2,3,49,0,0,258,5.0971,37,1,0,200,258,[],1
1,3,347,13,297,0,0.0,0,1,0,200,0,[],1
2,3,49,0,0,297,5.1888,39,1,0,200,297,[],1
2,3,49,0,0,243,5.0768,34,1,0,200,243,[],1
2,3,49,0,0,243,5.0522,33,1,0,200,243,[],1
2,3,48,0,0,74,4.5385,16,1,0,200,74,[],1
2,3,52,0,0,61,4.398,10,1,0,200,61,[],1
2,3,52,0,0,60,4.2278,9,1,0,200,60,[],1
2,3,47,0,0,39,4.0772,6,1,0,200,39,[],1
2,3,47,0,0,39,4.0772,5,1,0,200,39,[],1
1,3,333,13,282,0,0.0,0,1,0,200,0,[],1
2,3,50,0,0,282,4.9771,41,1,0,200,282,[],1
2,3,50,0,0,252,4.9638,35,1,0,200,252,[],1
2,3,50,0,0,261,4.9222,34,1,0,200,261,[],1
2,3,49,0,0,255,5.1157,39,1,0,200,255,[],1
2,3,49,0,0,251,5.1161,38,1,0,200,251,[],1
1,3,107,5,58,0,0.0,0,1,0,200,0,[],1
2,3,48,0,0,58,4.6617,11,1,0,200,58,[],1
1,3,184,5,131,0,0.0,0,1,0,200,0,[],1
2,3,52,0,0,131,4.9362,18,1,0,200,131,[],1
2,3,52,0,0,64,4.5218,10,1,0,200,64,[],1
2,3,52,0,0,62,4.3961,9,1,0,200,62,[],1
1,3,147,1,89,0,0.0,0,1,0,200,0,[],1
2,3,57,0,0,89,4.4632,13,1,0,200,89,[],1
2,3,50,0,0,268,5.1027,42,1,0,200,268,[],1
2,3,50,0,0,266,5.109,41,1,0,200,266,[],1
2,3,49,0,0,332,5.0919,57,1,0,200,332,[],1
2,3,49,0,0,247,4.904,37,1,0,200,247,[],1
2,3,49,0,0,257,5.0048,37,1,0,200,257,[],1
2,3,49,0,0,259,4.9836,36,1,0,200,259,[],1
2,3,52,0,0,122,4.8523,15,1,0,200,122,[],1
2,3,52,0,0,66,4.4508,11,1,0,200,66,[],1
2,3,47,0,0,59,4.855,9,1,0,200,59,[],1
1,3,378,13,327,0,0.0,0,1,0,200,0,[],1
2,3,50,0,0,327,5.1607,47,1,0,200,327,[],1
2,3,50,0,0,267,5.0187,38,1,0,200,267,[],1
2,3,50,0,0,264,5.0391,37,1,0,200,264,[],1
2,3,48,0,0,69,4.4257,8,1,0,200,69,[],1
2,3,49,0,0,242,4.9254,34,1,0,200,242,[],1
2,3,49,0,0,241,4.9401,33,1,0,200,241,[],1
2,3,49,0,0,242,4.9321,33,1,0,200,242,[],1
2,3,48,0,0,139,4.748,23,1,0,200,139,[],1
1,3,143,5,94,0,0.0,0,1,0,200,0,[],1
2,3,48,0,0,94,4.5958,26,1,0,200,94,[],1
2,3,52,0,0,102,4.863,21,1,0,200,102,[],1
2,3,52,0,0,70,4.541,11,1,0,200,70,[],1
2,3,52,0,0,61,4.3799,9,1,0,200,61,[],1
2,3,57,0,0,70,4.191,22,1,0,200,70,[],1
3,3,47,0,0,41,4.1387,7,1,0,200,41,[],1
2,3,47,0,0,94,4.7518,13,1,0,200,94,[],1
1,3,381,13,330,0,0.0,0,1,0,200,0,[],1
2,3,50,0,0,330,4.9879,58,1,0,200,330,[],1
2,3,50,0,0,248,4.941,35,1,0,200,248,[],1
2,3,50,0,0,247,4.9282,34,1,0,200,247,[],1
2,3,49,0,0,281,5.0238,41,1,0,200,281,[],1
2,3,49,0,0,280,5.0072,40,1,0,200,280,[],1
1,3,290,5,241,0,0.0,0,1,0,200,0,[],1
2,3,48,0,0,241,4.879,40,1,0,200,241,[],1
2,3,48,0,0,123,4.8546,26,1,0,200,123,[],1
1,3,176,5,123,0,0.0,0,1,0,200,0,[],1
2,3,52,0,0,123,5.0047,15,1,0,200,123,[],1
2,3,52,0,0,169,4.7693,23,1,0,200,169,[],1
2,3,52,0,0,65,4.6592,10,1,0,200,65,[],1
2,3,52,0,0,63,4.5709,9,1,0,200,63,[],1
2,3,47,0,0,43,4.377,6,1,0,200,43,[],1
2,3,50,0,0,317,5.1921,43,1,0,200,317,[],1
1,3,345,13,294,0,0.0,0,1,0,200,0,[],1
2,3,50,0,0,294,5.1612,40,1,0,200,294,[],1
2,3,50,0,0,250,5.0857,38,1,0,200,250,[],1
2,3,50,0,0,252,5.07,36,1,0,200,252,[],1
2,3,49,0,0,263,4.9763,39,1,0,200,263,[],1
2,3,49,0,0,264,4.9872,39,1,0,200,264,[],1
2,3,48,0,0,119,4.9419,17,1,0,200,119,[],1
1,3,104,5,55,0,0.0,0,1,0,200,0,[],1
2,3,48,0,0,55,4.5061,11,1,0,200,55,[],1
2,3,52,0,0,67,4.2654,11,1,0,200,67,[],1
2,3,52,0,0,64,4.2393,9,1,0,200,64,[],1
1,3,105,3,57,0,0.0,0,1,0,200,0,[],1
2,3,47,0,0,57,4.3396,14,1,0,200,57,[],1
2,3,50,0,0,261,5.1026,37,1,0,200,261,[],1
2,3,50,0,0,260,5.0462,34,1,0,200,260,[],1
1,3,387,13,337,0,0.0,0,1,0,200,0,[],1
2,3,49,0,0,337,5.0683,59,1,0,200,337,[],1
2,3,49,0,0,266,5.0796,39,1,0,200,266,[],1
2,3,49,0,0,254,5.0369,35,1,0,200,254,[],1
1,3,177,5,128,0,0.0,0,1,0,200,0,[],1
2,3,48,0,0,128,4.9193,19,1,0,200,128,[],1
2,3,52,0,0,137,4.889,19,1,0,200,137,[],1
2,3,52,0,0,62,4.4721,11,1,0,200,62,[],1
2,3,48,0,0,94,4.7001,8,1,0,200,94,[],1
3,3,47,0,0,43,4.2176,7,1,0,200,43,[],1
2,3,47,0,0,119,4.7854,16,1,0,200,119,[],1
2,3,50,0,0,245,5.0564,37,1,0,200,245,[],1
2,3,50,0,0,253,5.0295,39,1,0,200,253,[],1
2,3,50,0,0,251,5.0704,37,1,0,200,251,[],1
2,3,49,0,0,302,5.1663,52,1,0,200,302,[],1
2,3,49,0,0,278,4.9988,40,1,0,200,278,[],1
2,3,49,0,0,257,5.0065,36,1,0,200,257,[],1
2,3,52,0,0,66,4.4082,11,1,0,200,66,[],1
2,3,52,0,0,61,4.4023,9,1,0,200,61,[],1
1,3,176,3,128,0,0.0,0,1,0,200,0,[],1
2,3,47,0,0,128,4.7014,19,1,0,200,128,[],1
1,3,159,3,111,0,0.0,0,1,0,200,0,[],1
2,3,47,0,0,111,4.5177,17,1,0,200,111,[],1
3,3,50,0,0,268,4.9951,39,1,0,200,268,[],1
2,3,50,0,0,273,5.0092,40,1,0,200,273,[],1
2,3,50,0,0,268,5.001,39,1,0,200,268,[],1
2,3,50,0,0,269,5.0045,39,1,0,200,269,[],1
2,3,49,0,0,257,4.9546,39,1,0,200,257,[],1
2,3,49,0,0,253,4.9388,38,1,0,200,253,[],1
2,3,52,0,0,68,4.6113,12,1,0,200,68,[],1
2,3,52,0,0,66,4.5538,11,1,0,200,66,[],1
1,3,111,3,63,0,0.0,0,1,0,200,0,[],1
2,3,47,0,0,63,4.841,11,1,0,200,63,[],1
2,3,50,0,0,245,5.036,37,1,0,200,245,[],1
2,3,50,0,0,247,5.0116,34,1,0,200,247,[],1
2,3,49,0,0,270,5.2236,42,1,0,200,270,[],1
2,3,49,0,0,257,5.2349,39,1,0,200,257,[],1
2,3,49,0,0,251,5.172,35,1,0,200,251,[],1
2,3,52,0,0,105,4.7355,21,1,0,200,105,[],1
2,3,52,0,0,66,4.3095,10,1,0,200,66,[],1
2,3,52,0,0,62,4.1755,9,1,0,200,62,[],1
1,3,138,3,90,0,0.0,0,1,0,200,0,[],1
2,3,47,0,0,90,4.728,11,1,0,200,90,[],1
2,3,50,0,0,270,5.1323,41,1,0,200,270,[],1
2,3,50,0,0,250,4.9803,38,1,0,200,250,[],1
2,3,50,0,0,250,4.9654,37,1,0,200,250,[],1
2,3,49,0,0,252,4.9038,34,1,0,200,252,[],1
1,3,373,13,323,0,0.0,0,1,0,200,0,[],1
2,3,49,0,0,323,4.9663,45,1,0,200,323,[],1
2,3,49,0,0,246,4.9075,34,1,0,200,246,[],1
2,3,49,0,0,248,4.8912,33,1,0,200,248,[],1
1,3,133,5,84,0,0.0,0,1,0,200,0,[],1
2,3,48,0,0,84,4.6239,17,1,0,200,84,[],1
2,3,48,0,0,77,4.5473,16,1,0,200,77,[],1
2,3,52,0,0,71,4.6209,11,1,0,200,71,[],1
2,3,52,0,0,68,4.5023,11,1,0,200,68,[],1
2,3,57,0,0,65,4.414,7,1,0,200,65,[],1
2,3,47,0,0,54,4.498,9,1,0,200,54,[],1
2,3,50,0,0,264,5.0754,41,1,0,200,264,[],1
2,3,50,0,0,261,5.0902,40,1,0,200,261,[],1
2,3,49,0,0,316,5.101,41,1,0,200,316,[],1
2,3,49,0,0,247,4.8969,32,1,0,200,247,[],1
2,3,49,0,0,249,4.9268,32,1,0,200,249,[],1
1,3,67,0,0,0,0.0,0,1,0,200,0,[],1
3,3,52,0,0,58,4.1382,9,1,0,200,58,[],1
1,3,214,5,161,0,0.0,0,1,0,200,0,[],1
2,3,52,0,0,161,4.6745,23,1,0,200,161,[],1
2,3,52,0,0,68,4.4516,11,1,0,200,68,[],1
2,3,52,0,0,59,4.192,9,1,0,200,59,[],1
3,3,50,0,0,254,5.0348,38,1,0,200,254,[],1
2,3,50,0,0,286,5.1266,52,1,0,200,286,[],1
2,3,50,0,0,265,5.0033,39,1,0,200,265,[],1
2,3,50,0,0,255,5.0442,38,1,0,200,255,[],1
2,3,49,0,0,308,5.171,47,1,0,200,308,[],1
1,3,400,13,350,0,0.0,0,1,0,200,0,[],1
2,3,49,0,0,350,5.0569,51,1,0,200,350,[],1
2,3,49,0,0,256,5.0552,37,1,0,200,256,[],1
2,3,49,0,0,257,5.0556,37,1,0,200,257,[],1
2,3,48,0,0,141,4.8174,23,1,0,200,141,[],1
2,3,52,0,0,137,4.7029,31,1,0,200,137,[],1
2,3,52,0,0,62,4.5294,11,1,0,200,62,[],1
2,3,52,0,0,66,4.5309,11,1,0,200,66,[],1
2,3,52,0,0,64,4.4609,10,1,0,200,64,[],1
3,3,50,0,0,251,5.1097,40,1,0,200,251,[],1
2,3,50,0,0,304,5.1387,53,1,0,200,304,[],1
2,3,50,0,0,275,5.11,45,1,0,200,275,[],1
2,3,50,0,0,252,5.1189,40,1,0,200,252,[],1
2,3,49,0,0,327,5.0924,49,1,0,200,327,[],1
2,3,49,0,0,251,5.0109,37,1,0,200,251,[],1
1,0,33,0,10,0,0.0,0,1,0,200,0,[],1
1,3,670,5,621,0,0.0,0,1,0,200,0,[],1
2,3,48,0,0,621,3.7024,123,1,0,200,621,[],1
2,3,48,0,0,77,4.5732,16,1,0,200,77,[],1
2,3,48,0,0,75,4.5434,15,1,0,200,75,[],1
1,3,174,5,121,0,0.0,0,1,0,200,0,[],1
2,3,52,0,0,121,4.9028,19,1,0,200,121,[],1
2,3,52,0,0,66,4.3794,10,1,0,200,66,[],1
2,3,52,0,0,64,4.283,9,1,0,200,64,[],1
2,3,50,0,0,254,4.9859,35,1,0,200,254,[],1
2,3,50,0,0,248,4.9374,33,1,0,200,248,[],1
1,3,162,1,88,0,0.0,0,1,0,200,0,[],1
2,3,49,0,0,247,5.0002,37,1,0,200,247,[],1
2,3,49,0,0,252,4.9843,36,1,0,200,252,[],1
3,3,48,0,0,67,4.4391,13,1,0,200,67,[],1
1,3,226,5,177,0,0.0,0,1,0,200,0,[],1
2,3,48,0,0,177,4.712,27,1,0,200,177,[],1
2,3,52,0,0,65,4.1811,9,1,0,200,65,[],1
2,3,47,0,0,112,4.4537,26,1,0,200,112,[],1
2,3,47,0,0,51,4.4148,12,1,0,200,51,[],1
2,3,50,0,0,262,5.039,40,1,0,200,262,[],1
2,3,50,0,0,263,5.0454,40,1,0,200,263,[],1
2,3,49,0,0,327,5.2236,54,1,0,200,327,[],1
2,3,49,0,0,259,4.9615,37,1,0,200,259,[],1
2,3,48,0,0,135,4.9273,21,1,0,200,135,[],1
2,3,52,0,0,60,4.2805,10,1,0,200,60,[],1
2,3,50,0,0,279,5.1677,47,1,0,200,279,[],1
2,3,50,0,0,269,5.143,49,1,0,200,269,[],1
2,3,50,0,0,242,5.0632,37,1,0,200,242,[],1
2,3,50,0,0,239,5.0674,36,1,0,200,239,[],1
2,3,49,0,0,249,4.9223,35,1,0,200,249,[],1
2,3,49,0,0,249,4.921,35,1,0,200,249,[],1
2,3,49,0,0,247,4.9219,34,1,0,200,247,[],1
1,2,45,0,0,0,0.0,0,1,0,200,0,[],1
1,3,101,5,52,0,0.0,0,1,0,200,0,[],1
2,3,48,0,0,52,4.4027,11,1,0,200,52,[],1
2,3,52,0,0,72,4.4776,14,1,0,200,72,[],1
2,3,52,0,0,59,4.3532,9,1,0,200,59,[],1
3,3,50,0,0,265,4.9094,34,1,0,200,265,[],1
2,3,50,0,0,266,4.9219,34,1,0,200,266,[],1
2,3,50,0,0,266,4.9267,34,1,0,200,266,[],1
2,3,49,0,0,251,5.0636,39,1,0,200,251,[],1
2,3,49,0,0,247,4.9963,36,1,0,200,247,[],1
2,3,48,0,0,148,4.973,23,1,0,200,148,[],1
1,3,105,5,52,0,0.0,0,1,0,200,0,[],1
2,3,52,0,0,52,4.3187,10,1,0,200,52,[],1
2,3,52,0,0,60,4.2693,10,1,0,200,60,[],1
2,3,52,0,0,56,4.1647,9,1,0,200,56,[],1
1,3,123,1,74,0,0.0,0,1,0,200,0,[],1
2,3,48,0,0,74,4.5865,13,1,0,200,74,[],1
1,3,98,3,50,0,0.0,0,1,0,200,0,[],1
2,3,47,0,0,50,4.8386,9,1,0,200,50,[],1
2,3,50,0,0,245,5.0657,37,1,0,200,245,[],1
2,3,50,0,0,237,5.0148,34,1,0,200,237,[],1
2,3,48,0,0,64,4.3486,7,1,0,200,64,[],1
2,3,49,0,0,252,4.9292,31,1,0,200,252,[],1
2,3,52,0,0,126,4.8087,18,1,0,200,126,[],1
2,3,52,0,0,69,4.373,14,1,0,200,69,[],1
2,3,47,0,0,93,4.8546,15,1,0,200,93,[],1
2,3,50,0,0,296,5.1194,51,1,0,200,296,[],1
2,3,50,0,0,244,5.083,38,1,0,200,244,[],1
1,3,471,13,421,0,0.0,0,1,0,200,0,[],1
2,3,49,0,0,421,5.1076,68,1,0,200,421,[],1
2,3,49,0,0,263,5.1203,44,1,0,200,263,[],1
2,3,49,0,0,252,5.0883,41,1,0,200,252,[],1
1,1,42,0,0,0,0.0,0,1,0,200,0,[],1
3,3,52,0,0,64,4.4322,10,1,0,200,64,[],1
1,3,131,5,78,0,0.0,0,1,0,200,0,[],1
2,3,52,0,0,78,4.5328,16,1,0,200,78,[],1
2,3,52,0,0,66,4.5952,11,1,0,200,66,[],1
2,3,52,0,0,65,4.4787,10,1,0,200,65,[],1
2,3,47,0,0,48,4.3614,8,1,0,200,48,[],1
2,3,50,0,0,262,5.119,38,1,0,200,262,[],1
2,3,50,0,0,249,5.0413,33,1,0,200,249,[],1
1,3,844,13,794,0,0.0,0,1,0,200,0,[],1
2,3,49,0,0,794,4.3642,148,1,0,200,794,[],1
2,3,49,0,0,239,5.0572,37,1,0,200,239,[],1
2,3,49,0,0,240,5.0569,37,1,0,200,240,[],1
2,3,48,0,0,129,4.7999,30,1,0,200,129,[],1
2,3,48,0,0,112,4.6867,27,1,0,200,112,[],1
2,3,48,0,0,77,4.5634,16,1,0,200,77,[],1
3,3,52,0,0,63,4.36,9,1,0,200,63,[],1
2,3,52,0,0,72,4.5269,12,1,0,200,72,[],1
2,3,52,0,0,64,4.408,9,1,0,200,64,[],1
2,3,57,0,0,114,4.2342,15,1,0,200,114,[],1
1,3,252,1,203,0,0.0,0,1,0,200,0,[],1
2,3,48,0,0,203,4.6932,29,1,0,200,203,[],1
2,3,47,0,0,99,4.8675,12,1,0,200,99,[],1
1,3,168,3,120,0,0.0,0,1,0,200,0,[],1
2,3,47,0,0,120,4.6617,19,1,0,200,120,[],1
2,3,50,0,0,276,5.0085,40,1,0,200,276,[],1
2,3,50,0,0,272,4.9995,39,1,0,200,272,[],1
2,3,50,0,0,272,4.9956,39,1,0,200,272,[],1
2,3,49,0,0,254,5.0711,40,1,0,200,254,[],1
2,3,49,0,0,249,5.0134,39,1,0,200,249,[],1
2,3,49,0,0,258,5.0573,39,1,0,200,258,[],1
2,3,52,0,0,133,4.9948,17,1,0,200,133,[],1
2,3,52,0,0,63,4.5767,11,1,0,200,63,[],1
2,3,52,0,0,71,4.612,11,1,0,200,71,[],1
2,3,52,0,0,68,4.4766,10,1,0,200,68,[],1
2,3,48,0,0,85,4.4816,12,1,0,200,85,[],1
2,3,47,0,0,96,4.7717,20,1,0,200,96,[],1
2,3,50,0,0,275,5.0771,40,1,0,200,275,[],1
2,3,50,0,0,267,5.0456,37,1,0,200,267,[],1
3,3,49,0,0,257,5.0172,40,1,0,200,257,[],1
2,3,49,0,0,257,5.0379,40,1,0,200,257,[],1
2,3,49,0,0,258,5.0266,40,1,0,200,258,[],1
1,3,153,5,100,0,0.0,0,1,0,200,0,[],1
2,3,52,0,0,100,4.6216,25,1,0,200,100,[],1
2,3,52,0,0,63,4.4517,10,1,0,200,63,[],1
2,3,52,0,0,61,4.3551,9,1,0,200,61,[],1
2,3,47,0,0,52,4.4172,12,1,0,200,52,[],1
2,3,50,0,0,286,4.9906,43,1,0,200,286,[],1
2,3,50,0,0,316,5.0752,42,1,0,200,316,[],1
2,3,50,0,0,262,4.9451,38,1,0,200,262,[],1
1,3,39,0,0,0,0.0,0,1,0,200,0,[],1
2,3,49,0,0,319,5.0554,58,1,0,200,319,[],1
2,3,49,0,0,242,4.9791,38,1,0,200,242,[],1
2,3,49,0,0,255,5.0245,42,1,0,200,255,[],1
2,3,49,0,0,246,4.9572,37,1,0,200,246,[],1
2,3,48,0,0,75,4.626,14,1,0,200,75,[],1
2,3,52,0,0,65,4.1745,9,1,0,200,65,[],1
2,3,47,0,0,82,4.6473,21,1,0,200,82,[],1
1,3,172,3,124,0,0.0,0,1,0,200,0,[],1
2,3,47,0,0,124,4.6529,19,1,0,200,124,[],1
2,3,50,0,0,313,5.1598,47,1,0,200,313,[],1
1,3,387,13,336,0,0.0,0,1,0,200,0,[],1
2,3,50,0,0,336,5.1037,61,1,0,200,336,[],1
2,3,50,0,0,261,5.044,37,1,0,200,261,[],1
2,3,50,0,0,262,5.0567,37,1,0,200,262,[],1
2,3,49,0,0,265,5.0801,40,1,0,200,265,[],1
2,3,49,0,0,314,5.2884,53,1,0,200,314,[],1
2,3,49,0,0,248,5.0774,38,1,0,200,248,[],1
2,3,49,0,0,250,5.0533,36,1,0,200,250,[],1
2,3,48,0,0,72,4.4699,16,1,0,200,72,[],1
2,3,48,0,0,76,4.5847,16,1,0,200,76,[],1
2,3,48,0,0,74,4.5451,15,1,0,200,74,[],1
3,3,52,0,0,62,4.2549,9,1,0,200,62,[],1
1,3,159,5,106,0,0.0,0,1,0,200,0,[],1
2,3,52,0,0,106,4.8374,21,1,0,200,106,[],1
2,3,52,0,0,100,4.8164,21,1,0,200,100,[],1
2,3,52,0,0,65,4.4015,10,1,0,200,65,[],1
2,3,52,0,0,63,4.3049,9,1,0,200,63,[],1
3,3,50,0,0,241,5.0388,35,1,0,200,241,[],1
2,3,50,0,0,307,5.0969,56,1,0,200,307,[],1
2,3,50,0,0,247,5.1115,38,1,0,200,247,[],1
2,3,50,0,0,242,5.0566,35,1,0,200,242,[],1
2,3,49,0,0,251,4.9971,35,1,0,200,251,[],1
2,3,49,0,0,248,4.9908,34,1,0,200,248,[],1
2,3,48,0,0,123,4.8839,26,1,0,200,123,[],1
3,3,52,0,0,59,4.3252,9,1,0,200,59,[],1
1,3,197,5,144,0,0.0,0,1,0,200,0,[],1
2,3,52,0,0,144,4.8223,21,1,0,200,144,[],1
2,3,52,0,0,66,4.4688,12,1,0,200,66,[],1
2,3,52,0,0,60,4.3421,9,1,0,200,60,[],1
2,3,57,0,0,68,4.692,11,1,0,200,68,[],1
1,3,845,13,794,0,0.0,0,1,0,200,0,[],1
2,3,50,0,0,794,4.3637,142,1,0,200,794,[],1
2,3,50,0,0,237,5.0339,34,1,0,200,237,[],1
2,3,50,0,0,231,4.9588,31,1,0,200,231,[],1
2,3,49,0,0,309,5.0624,52,1,0,200,309,[],1
2,3,49,0,0,256,5.0054,38,1,0,200,256,[],1
2,3,49,0,0,256,4.9267,37,1,0,200,256,[],1
2,3,48,0,0,62,4.459,13,1,0,200,62,[],1
2,3,52,0,0,56,4.2801,10,1,0,200,56,[],1
2,3,52,0,0,69,4.6333,12,1,0,200,69,[],1
1,3,110,1,52,0,0.0,0,1,0,200,0,[],1
2,3,57,0,0,52,4.4619,5,1,0,200,52,[],1
1,3,150,3,102,0,0.0,0,1,0,200,0,[],1
2,3,47,0,0,102,4.8482,15,1,0,200,102,[],1
1,3,361,13,310,0,0.0,0,1,0,200,0,[],1
2,3,50,0,0,310,5.1086,50,1,0,200,310,[],1
2,3,50,0,0,277,5.049,41,1,0,200,277,[],1
2,3,50,0,0,279,5.0128,39,1,0,200,279,[],1
2,3,49,0,0,333,5.0635,50,1,0,200,333,[],1
2,3,49,0,0,291,5.0193,38,1,0,200,291,[],1
2,3,48,0,0,77,4.609,16,1,0,200,77,[],1
1,3,292,5,243,0,0.0,0,1,0,200,0,[],1
2,3,48,0,0,243,4.872,42,1,0,200,243,[],1
2,3,52,0,0,97,4.5847,25,1,0,200,97,[],1
2,3,52,0,0,70,4.8294,11,1,0,200,70,[],1
2,3,52,0,0,62,4.2977,9,1,0,200,62,[],1
2,3,47,0,0,110,4.5541,15,1,0,200,110,[],1
2,3,50,0,0,321,5.1501,53,1,0,200,321,[],1
1,3,362,13,311,0,0.0,0,1,0,200,0,[],1
2,3,50,0,0,311,5.1538,56,1,0,200,311,[],1
2,3,50,0,0,283,5.0343,43,1,0,200,283,[],1
2,3,50,0,0,281,5.0754,42,1,0,200,281,[],1
2,3,49,0,0,285,5.1415,46,1,0,200,285,[],1
2,3,49,0,0,253,5.0499,38,1,0,200,253,[],1
2,3,49,0,0,243,5.0384,36,1,0,200,243,[],1
2,3,48,0,0,132,5.0075,19,1,0,200,132,[],1
2,3,52,0,0,82,4.7587,13,1,0,200,82,[],1
2,3,52,0,0,60,4.4379,10,1,0,200,60,[],1
2,3,52,0,0,67,4.4324,11,1,0,200,67,[],1
2,3,52,0,0,62,4.168,9,1,0,200,62,[],1
2,3,47,0,0,40,4.3153,8,1,0,200,40,[],1
2,3,50,0,0,253,5.0472,33,1,0,200,253,[],1
2,3,50,0,0,283,5.1661,46,1,0,200,283,[],1
2,3,50,0,0,251,5.0262,32,1,0,200,251,[],1
2,3,50,0,0,251,5.0487,32,1,0,200,251,[],1
2,3,48,0,0,55,4.0071,11,1,0,200,55,[],1
2,3,49,0,0,332,5.2883,54,1,0,200,332,[],1
2,3,49,0,0,265,5.0828,40,1,0,200,265,[],1
2,3,49,0,0,259,5.0587,37,1,0,200,259,[],1
1,3,179,5,130,0,0.0,0,1,0,200,0,[],1
2,3,48,0,0,130,4.9852,23,1,0,200,130,[],1
1,3,200,5,147,0,0.0,0,1,0,200,0,[],1
2,3,52,0,0,147,4.6433,34,1,0,200,147,[],1
2,3,52,0,0,131,4.6829,30,1,0,200,131,[],1
2,3,52,0,0,70,4.6186,12,1,0,200,70,[],1
2,3,52,0,0,64,4.5157,10,1,0,200,64,[],1
2,3,57,0,0,65,4.4661,7,1,0,200,65,[],1
2,3,50,0,0,313,5.1072,51,1,0,200,313,[],1
2,3,50,0,0,267,5.0115,40,1,0,200,267,[],1
2,3,50,0,0,270,5.026,39,1,0,200,270,[],1
2,3,49,0,0,259,5.1085,35,1,0,200,259,[],1
2,3,49,0,0,250,5.1091,35,1,0,200,250,[],1
2,3,49,0,0,257,5.1076,34,1,0,200,257,[],1
2,3,49,0,0,257,5.098,34,1,0,200,257,[],1
2,3,48,0,0,77,4.6425,14,1,0,200,77,[],1
2,3,52,0,0,130,4.9346,16,1,0,200,130,[],1
2,3,52,0,0,69,4.4819,11,1,0,200,69,[],1
2,3,52,0,0,65,4.2717,9,1,0,200,65,[],1
2,3,57,0,0,67,4.0038,19,1,0,200,67,[],1
2,3,47,0,0,48,4.5022,8,1,0,200,48,[],1
2,3,50,0,0,308,5.058,53,1,0,200,308,[],1
2,3,50,0,0,257,5.0704,37,1,0,200,257,[],1
2,3,50,0,0,251,5.0464,34,1,0,200,251,[],1
2,3,49,0,0,313,5.1394,43,1,0,200,313,[],1
1,3,336,13,286,0,0.0,0,1,0,200,0,[],1
2,3,49,0,0,286,5.1088,40,1,0,200,286,[],1
2,3,49,0,0,253,5.0195,37,1,0,200,253,[],1
3,3,48,0,0,74,4.5554,15,1,0,200,74,[],1
1,3,152,5,103,0,0.0,0,1,0,200,0,[],1
2,3,48,0,0,103,4.9494,16,1,0,200,103,[],1
2,3,52,0,0,60,4.4635,10,1,0,200,60,[],1
1,3,218,5,165,0,0.0,0,1,0,200,0,[],1
2,3,52,0,0,165,4.7399,23,1,0,200,165,[],1
2,3,52,0,0,66,4.5733,12,1,0,200,66,[],1
2,3,52,0,0,58,4.3648,9,1,0,200,58,[],1
2,3,57,0,0,26,3.2689,8,1,0,200,26,[],1
1,3,135,3,87,0,0.0,0,1,0,200,0,[],1
2,3,47,0,0,87,4.763,19,1,0,200,87,[],1
2,3,50,0,0,302,4.9205,44,1,0,200,302,[],1
1,3,349,13,298,0,0.0,0,1,0,200,0,[],1
2,3,50,0,0,298,4.9272,43,1,0,200,298,[],1
1,3,346,13,296,0,0.0,0,1,0,200,0,[],1
2,3,49,0,0,296,5.1647,51,1,0,200,296,[],1
2,3,49,0,0,254,5.0584,38,1,0,200,254,[],1
2,3,49,0,0,252,5.1098,38,1,0,200,252,[],1
2,3,48,0,0,72,4.517,14,1,0,200,72,[],1
2,3,48,0,0,70,4.5942,17,1,0,200,70,[],1
2,3,52,0,0,68,4.4988,11,1,0,200,68,[],1
2,3,52,0,0,111,4.8776,20,1,0,200,111,[],1
2,3,52,0,0,66,4.4378,10,1,0,200,66,[],1
1,3,101,1,43,0,0.0,0,1,0,200,0,[],1
2,3,57,0,0,43,3.7424,15,1,0,200,43,[],1
2,3,50,0,0,246,5.0188,36,1,0,200,246,[],1
2,3,50,0,0,244,5.071,35,1,0,200,244,[],1
2,3,50,0,0,242,5.0304,35,1,0,200,242,[],1
2,3,49,0,0,269,5.1422,38,1,0,200,269,[],1
2,3,49,0,0,313,5.2304,42,1,0,200,313,[],1
2,3,49,0,0,262,5.0877,37,1,0,200,262,[],1
2,3,49,0,0,261,5.1051,36,1,0,200,261,[],1
1,3,145,5,96,0,0.0,0,1,0,200,0,[],1
2,3,48,0,0,96,4.8627,22,1,0,200,96,[],1
2,3,52,0,0,124,4.8808,15,1,0,200,124,[],1
2,3,52,0,0,68,4.4657,11,1,0,200,68,[],1
1,1,37,0,0,0,0.0,0,1,0,200,0,[],1
2,3,47,0,0,60,4.6155,12,1,0,200,60,[],1
2,3,50,0,0,297,5.1578,40,1,0,200,297,[],1
2,3,50,0,0,247,5.0709,36,1,0,200,247,[],1
2,3,50,0,0,237,5.0477,34,1,0,200,237,[],1
2,3,49,0,0,325,5.1493,44,1,0,200,325,[],1
2,3,49,0,0,281,5.1022,42,1,0,200,281,[],1
2,3,49,0,0,262,5.0423,34,1,0,200,262,[],1
2,3,48,0,0,123,4.8854,28,1,0,200,123,[],1
2,3,52,0,0,142,4.9018,20,1,0,200,142,[],1
1,3,219,5,166,0,0.0,0,1,0,200,0,[],1
2,3,52,0,0,166,4.696,24,1,0,200,166,[],1
2,3,52,0,0,68,4.5854,12,1,0,200,68,[],1
2,3,52,0,0,63,4.4057,10,1,0,200,63,[],1
1,3,121,1,72,0,0.0,0,1,0,200,0,[],1
2,3,48,0,0,72,4.3778,16,1,0,200,72,[],1
2,3,50,0,0,229,4.9352,30,1,0,200,229,[],1
2,3,49,0,0,250,5.0402,35,1,0,200,250,[],1
2,3,49,0,0,251,5.0115,34,1,0,200,251,[],1
2,3,52,0,0,75,4.8022,13,1,0,200,75,[],1
2,3,52,0,0,62,4.1861,9,1,0,200,62,[],1
2,3,47,0,0,79,4.7418,16,1,0,200,79,[],1
2,3,47,0,0,95,4.589,26,1,0,200,95,[],1
2,3,50,0,0,248,5.087,41,1,0,200,248,[],1
2,3,50,0,0,266,5.1079,41,1,0,200,266,[],1
2,3,50,0,0,256,5.1237,40,1,0,200,256,[],1
2,3,49,0,0,312,5.0119,56,1,0,200,312,[],1
2,3,49,0,0,242,4.9554,33,1,0,200,242,[],1
1,3,288,13,238,0,0.0,0,1,0,200,0,[],1
2,3,49,0,0,238,4.9425,32,1,0,200,238,[],1
2,3,52,0,0,52,3.982,10,1,0,200,52,[],1
2,3,52,0,0,68,4.5675,12,1,0,200,68,[],1
2,3,52,0,0,60,4.2574,9,1,0,200,60,[],1
2,3,50,0,0,304,5.0981,53,1,0,200,304,[],1
2,3,50,0,0,266,5.0687,41,1,0,200,266,[],1
2,3,50,0,0,264,4.9946,38,1,0,200,264,[],1
2,3,50,0,0,259,5.0053,37,1,0,200,259,[],1
3,3,49,0,0,252,5.0481,36,1,0,200,252,[],1
2,3,49,0,0,282,5.1226,47,1,0,200,282,[],1
2,3,49,0,0,256,5.0433,37,1,0,200,256,[],1
2,3,49,0,0,253,5.0545,36,1,0,200,253,[],1
2,3,52,0,0,116,4.8002,25,1,0,200,116,[],1
2,3,52,0,0,166,4.6823,24,1,0,200,166,[],1
2,3,52,0,0,65,4.3701,11,1,0,200,65,[],1
2,3,52,0,0,63,4.336,10,1,0,200,63,[],1
2,3,57,0,0,65,4.3964,7,1,0,200,65,[],1
2,3,50,0,0,265,5.0857,40,1,0,200,265,[],1
2,3,50,0,0,274,5.1036,39,1,0,200,274,[],1
2,3,49,0,0,254,5.1104,36,1,0,200,254,[],1
2,3,49,0,0,239,5.0635,32,1,0,200,239,[],1
1,3,173,5,124,0,0.0,0,1,0,200,0,[],1
2,3,48,0,0,124,4.85,19,1,0,200,124,[],1
3,3,52,0,0,63,4.4818,10,1,0,200,63,[],1
2,3,52,0,0,105,4.9769,14,1,0,200,105,[],1
2,3,52,0,0,74,4.6288,13,1,0,200,74,[],1
2,3,52,0,0,64,4.4967,10,1,0,200,64,[],1
2,3,47,0,0,60,4.8947,8,1,0,200,60,[],1
2,3,47,0,0,75,4.3802,21,1,0,200,75,[],1
2,3,50,0,0,352,5.1094,47,1,0,200,352,[],1
2,3,50,0,0,276,4.9511,38,1,0,200,276,[],1
2,3,50,0,0,277,4.9554,38,1,0,200,277,[],1
2,3,48,0,0,75,3.804,11,1,0,200,75,[],1
1,3,334,13,284,0,0.0,0,1,0,200,0,[],1
2,3,49,0,0,284,5.0891,41,1,0,200,284,[],1
1,3,333,13,283,0,0.0,0,1,0,200,0,[],1
2,3,49,0,0,283,5.0858,41,1,0,200,283,[],1
2,3,48,0,0,79,4.6435,16,1,0,200,79,[],1
2,3,48,0,0,120,4.9194,19,1,0,200,120,[],1
2,3,52,0,0,65,4.4702,10,1,0,200,65,[],1
2,3,52,0,0,122,4.9135,16,1,0,200,122,[],1
2,3,52,0,0,64,4.467,10,1,0,200,64,[],1
2,3,47,0,0,91,4.6434,17,1,0,200,91,[],1
2,3,50,0,0,302,5.0775,51,1,0,200,302,[],1
2,3,50,0,0,268,5.0161,38,1,0,200,268,[],1
2,3,50,0,0,257,4.9777,35,1,0,200,257,[],1
2,3,49,0,0,307,5.1153,53,1,0,200,307,[],1
2,3,49,0,0,260,5.0725,38,1,0,200,260,[],1
2,3,49,0,0,262,5.0419,37,1,0,200,262,[],1
2,3,48,0,0,143,4.8656,22,1,0,200,143,[],1
1,3,180,5,127,0,0.0,0,1,0,200,0,[],1
2,3,52,0,0,127,4.7707,19,1,0,200,127,[],1
2,3,52,0,0,64,4.5444,10,1,0,200,64,[],1
2,3,52,0,0,62,4.4516,9,1,0,200,62,[],1
3,3,50,0,0,252,5.1157,36,1,0,200,252,[],1
2,3,50,0,0,308,5.2126,42,1,0,200,308,[],1
2,3,50,0,0,244,5.1163,36,1,0,200,244,[],1
2,3,50,0,0,253,5.1199,36,1,0,200,253,[],1
1,3,96,1,47,0,0.0,0,1,0,200,0,[],1
2,3,48,0,0,47,4.2116,13,1,0,200,47,[],1
2,3,49,0,0,246,5.0576,38,1,0,200,246,[],1
2,3,49,0,0,241,5.0252,35,1,0,200,241,[],1
1,3,291,5,242,0,0.0,0,1,0,200,0,[],1
2,3,48,0,0,242,4.8434,42,1,0,200,242,[],1
2,3,52,0,0,125,4.7226,30,1,0,200,125,[],1
2,3,52,0,0,127,5.1675,26,1,0,200,127,[],1
2,3,52,0,0,61,4.2982,10,1,0,200,61,[],1
2,3,52,0,0,60,4.274,9,1,0,200,60,[],1
1,3,363,13,312,0,0.0,0,1,0,200,0,[],1
2,3,50,0,0,312,5.2249,49,1,0,200,312,[],1
2,3,50,0,0,239,4.9265,32,1,0,200,239,[],1
2,3,48,0,0,79,4.3235,10,1,0,200,79,[],1
2,3,49,0,0,314,5.0727,42,1,0,200,314,[],1
2,3,49,0,0,242,4.8356,32,1,0,200,242,[],1
2,3,49,0,0,244,4.8723,32,1,0,200,244,[],1
2,3,48,0,0,96,4.9311,19,1,0,200,96,[],1
2,3,48,0,0,78,4.6136,16,1,0,200,78,[],1
2,3,52,0,0,127,4.6002,30,1,0,200,127,[],1
2,3,52,0,0,60,4.388,9,1,0,200,60,[],1
2,3,47,0,0,102,4.8286,15,1,0,200,102,[],1
1,3,128,3,80,0,0.0,0,1,0,200,0,[],1
2,3,47,0,0,80,4.3656,21,1,0,200,80,[],1
2,3,50,0,0,242,5.0033,33,1,0,200,242,[],1
2,3,49,0,0,250,5.0247,36,1,0,200,250,[],1
2,3,48,0,0,130,4.6284,33,1,0,200,130,[],1
2,3,48,0,0,76,4.6011,15,1,0,200,76,[],1
3,3,52,0,0,60,3.94,9,1,0,200,60,[],1
2,3,52,0,0,120,4.6078,30,1,0,200,120,[],1
2,3,52,0,0,65,4.3261,11,1,0,200,65,[],1
2,3,52,0,0,61,3.9961,9,1,0,200,61,[],1
2,3,47,0,0,90,4.6999,11,1,0,200,90,[],1
2,3,47,0,0,46,4.2903,8,1,0,200,46,[],1
2,3,50,0,0,239,4.9091,39,1,0,200,239,[],1
2,3,50,0,0,261,5.0136,41,1,0,200,261,[],1
2,3,50,0,0,251,4.9853,38,1,0,200,251,[],1
2,3,49,0,0,258,5.1079,40,1,0,200,258,[],1
2,3,49,0,0,261,5.1122,39,1,0,200,261,[],1
2,3,48,0,0,72,4.5275,16,1,0,200,72,[],1
2,3,52,0,0,111,4.9466,14,1,0,200,111,[],1
2,3,52,0,0,65,4.5145,10,1,0,200,65,[],1
2,3,52,0,0,62,4.4299,9,1,0,200,62,[],1
2,3,48,0,0,83,4.8353,18,1,0,200,83,[],1
1,3,165,3,117,0,0.0,0,1,0,200,0,[],1
2,3,47,0,0,117,5.0386,24,1,0,200,117,[],1
2,3,50,0,0,306,5.1798,41,1,0,200,306,[],1
2,3,50,0,0,250,5.0633,36,1,0,200,250,[],1
2,3,50,0,0,250,5.0646,34,1,0,200,250,[],1
1,3,353,13,303,0,0.0,0,1,0,200,0,[],1
2,3,49,0,0,303,5.0857,50,1,0,200,303,[],1
2,3,49,0,0,248,5.0013,35,1,0,200,248,[],1
2,3,49,0,0,250,4.9871,35,1,0,200,250,[],1
2,3,52,0,0,133,4.6837,19,1,0,200,133,[],1
2,3,52,0,0,62,4.3358,10,1,0,200,62,[],1
2,3,52,0,0,62,4.2147,9,1,0,200,62,[],1
1,3,133,3,85,0,0.0,0,1,0,200,0,[],1
2,3,47,0,0,85,4.6991,10,1,0,200,85,[],1
2,3,50,0,0,268,5.0192,40,1,0,200,268,[],1
2,3,49,0,0,296,5.1304,54,1,0,200,296,[],1
2,3,49,0,0,257,5.0264,36,1,0,200,257,[],1
1,3,281,13,231,0,0.0,0,1,0,200,0,[],1
2,3,49,0,0,231,5.0033,33,1,0,200,231,[],1
1,3,191,5,142,0,0.0,0,1,0,200,0,[],1
2,3,48,0,0,142,4.7923,23,1,0,200,142,[],1
2,3,52,0,0,111,4.7795,22,1,0,200,111,[],1
1,3,146,5,93,0,0.0,0,1,0,200,0,[],1
2,3,52,0,0,93,4.8851,20,1,0,200,93,[],1
2,3,52,0,0,69,4.4195,12,1,0,200,69,[],1
2,3,57,0,0,88,3.738,25,1,0,200,88,[],1
2,3,47,0,0,96,4.755,20,1,0,200,96,[],1
1,3,90,3,42,0,0.0,0,1,0,200,0,[],1
2,3,47,0,0,42,4.1548,8,1,0,200,42,[],1
2,3,50,0,0,291,5.09,38,1,0,200,291,[],1
2,3,50,0,0,263,4.9727,37,1,0,200,263,[],1
2,3,50,0,0,267,4.9863,36,1,0,200,267,[],1
2,3,49,0,0,260,4.9773,39,1,0,200,260,[],1
2,3,49,0,0,264,4.9529,38,1,0,200,264,[],1
2,3,48,0,0,72,4.6003,16,1,0,200,72,[],1
2,3,52,0,0,126,4.6468,20,1,0,200,126,[],1
2,3,52,0,0,67,4.2297,12,1,0,200,67,[],1
2,3,57,0,0,70,4.4705,8,1,0,200,70,[],1
2,3,50,0,0,329,5.139,55,1,0,200,329,[],1
2,3,50,0,0,266,5.0626,39,1,0,200,266,[],1
2,3,50,0,0,256,5.0045,34,1,0,200,256,[],1
2,3,49,0,0,308,5.0907,57,1,0,200,308,[],1
1,3,323,13,273,0,0.0,0,1,0,200,0,[],1
2,3,49,0,0,273,5.0675,41,1,0,200,273,[],1
1,3,171,5,122,0,0.0,0,1,0,200,0,[],1
2,3,48,0,0,122,4.9416,23,1,0,200,122,[],1
2,3,48,0,0,73,4.6356,14,1,0,200,73,[],1
2,3,48,0,0,71,4.6081,13,1,0,200,71,[],1
2,3,52,0,0,97,4.7174,24,1,0,200,97,[],1
2,3,52,0,0,73,4.5439,13,1,0,200,73,[],1
2,3,52,0,0,65,4.2379,10,1,0,200,65,[],1
2,3,47,0,0,37,4.1522,6,1,0,200,37,[],1
1,3,418,13,367,0,0.0,0,1,0,200,0,[],1
2,3,50,0,0,367,5.001,49,1,0,200,367,[],1
2,3,50,0,0,313,5.1082,45,1,0,200,313,[],1
2,3,50,0,0,270,4.9994,39,1,0,200,270,[],1
2,3,50,0,0,258,4.9728,35,1,0,200,258,[],1
2,3,49,0,0,318,5.108,57,1,0,200,318,[],1
2,3,49,0,0,247,5.0696,36,1,0,200,247,[],1
2,3,49,0,0,245,5.0722,36,1,0,200,245,[],1
3,3,48,0,0,72,4.5836,13,1,0,200,72,[],1
1,3,141,5,92,0,0.0,0,1,0,200,0,[],1
2,3,48,0,0,92,4.8264,24,1,0,200,92,[],1
3,3,52,0,0,62,4.4405,10,1,0,200,62,[],1
2,3,52,0,0,118,4.8951,15,1,0,200,118,[],1
2,3,52,0,0,67,4.4841,11,1,0,200,67,[],1
2,3,52,0,0,63,4.4876,10,1,0,200,63,[],1
2,3,57,0,0,174,4.6913,28,1,0,200,174,[],1
2,3,47,0,0,44,4.2327,8,1,0,200,44,[],1
2,3,50,0,0,313,5.1054,51,1,0,200,313,[],1
2,3,50,0,0,266,5.0209,40,1,0,200,266,[],1
2,3,50,0,0,269,4.9959,39,1,0,200,269,[],1
2,3,49,0,0,280,5.197,41,1,0,200,280,[],1
2,3,49,0,0,263,5.0739,38,1,0,200,263,[],1
1,3,159,5,110,0,0.0,0,1,0,200,0,[],1
2,3,48,0,0,110,4.8735,24,1,0,200,110,[],1
2,3,48,0,0,81,4.7194,18,1,0,200,81,[],1
1,3,191,5,138,0,0.0,0,1,0,200,0,[],1
2,3,52,0,0,138,4.939,19,1,0,200,138,[],1
1,3,103,5,50,0,0.0,0,1,0,200,0,[],1
2,3,52,0,0,50,4.1342,10,1,0,200,50,[],1
2,3,52,0,0,56,4.4237,10,1,0,200,56,[],1
2,3,52,0,0,59,4.4314,9,1,0,200,59,[],1
2,3,50,0,0,245,4.981,34,1,0,200,245,[],1
2,3,50,0,0,253,4.9813,35,1,0,200,253,[],1
2,3,49,0,0,327,5.2256,45,1,0,200,327,[],1
1,3,372,13,322,0,0.0,0,1,0,200,0,[],1
2,3,49,0,0,322,5.243,46,1,0,200,322,[],1
2,3,49,0,0,252,5.1472,36,1,0,200,252,[],1
2,3,48,0,0,78,4.6745,16,1,0,200,78,[],1
2,3,52,0,0,62,4.1946,10,1,0,200,62,[],1
2,3,52,0,0,60,4.0887,9,1,0,200,60,[],1
2,3,57,0,0,25,3.8937,5,1,0,200,25,[],1
2,3,47,0,0,48,4.4188,8,1,0,200,48,[],1
2,3,50,0,0,293,5.063,47,1,0,200,293,[],1
2,3,50,0,0,304,5.2514,50,1,0,200,304,[],1
2,3,50,0,0,246,4.9768,35,1,0,200,246,[],1
2,3,50,0,0,241,4.9906,34,1,0,200,241,[],1
2,3,49,0,0,333,5.0532,58,1,0,200,333,[],1
2,3,49,0,0,263,4.946,38,1,0,200,263,[],1
2,3,49,0,0,260,4.9442,37,1,0,200,260,[],1
1,3,141,5,88,0,0.0,0,1,0,200,0,[],1
2,3,52,0,0,88,4.7012,18,1,0,200,88,[],1
2,3,52,0,0,72,4.5499,11,1,0,200,72,[],1
2,3,52,0,0,67,4.5767,11,1,0,200,67,[],1
3,3,50,0,0,259,5.0738,37,1,0,200,259,[],1
2,3,50,0,0,250,5.0898,37,1,0,200,250,[],1
2,3,50,0,0,263,5.0612,38,1,0,200,263,[],1
2,3,50,0,0,260,5.0907,37,1,0,200,260,[],1
2,3,49,0,0,275,5.0311,40,1,0,200,275,[],1
2,3,49,0,0,272,5.0215,38,1,0,200,272,[],1
2,3,48,0,0,133,4.7735,34,1,0,200,133,[],1
2,3,48,0,0,71,4.4454,14,1,0,200,71,[],1
2,3,52,0,0,65,4.4645,10,1,0,200,65,[],1
2,3,47,0,0,90,4.8107,12,1,0,200,90,[],1
2,3,50,0,0,275,5.0943,42,1,0,200,275,[],1
2,3,50,0,0,271,5.0744,41,1,0,200,271,[],1
2,3,49,0,0,271,5.0392,38,1,0,200,271,[],1
1,3,286,13,236,0,0.0,0,1,0,200,0,[],1
2,3,49,0,0,236,5.0074,35,1,0,200,236,[],1
2,3,49,0,0,231,4.9443,33,1,0,200,231,[],1
2,3,52,0,0,126,4.7618,27,1,0,200,126,[],1
1,3,187,5,134,0,0.0,0,1,0,200,0,[],1
2,3,52,0,0,134,5.1818,26,1,0,200,134,[],1
2,3,52,0,0,65,4.5377,10,1,0,200,65,[],1
2,3,52,0,0,63,4.5051,9,1,0,200,63,[],1
2,3,47,0,0,104,4.814,13,1,0,200,104,[],1
2,3,47,0,0,88,4.7706,20,1,0,200,88,[],1
2,3,50,0,0,269,5.0627,41,1,0,200,269,[],1
2,3,50,0,0,263,4.9537,37,1,0,200,263,[],1
2,3,50,0,0,266,5.0337,39,1,0,200,266,[],1
2,3,49,0,0,264,5.0666,36,1,0,200,264,[],1
2,3,49,0,0,263,5.0693,36,1,0,200,263,[],1
2,3,48,0,0,77,4.66,14,1,0,200,77,[],1
2,3,52,0,0,82,4.8811,13,1,0,200,82,[],1
2,3,52,0,0,64,4.4578,10,1,0,200,64,[],1
2,3,52,0,0,62,4.3622,9,1,0,200,62,[],1
1,3,442,13,391,0,0.0,0,1,0,200,0,[],1
2,3,50,0,0,391,5.0515,56,1,0,200,391,[],1
2,3,50,0,0,267,5.0877,39,1,0,200,267,[],1
2,3,50,0,0,256,5.0196,36,1,0,200,256,[],1
2,3,49,0,0,263,5.0349,37,1,0,200,263,[],1
2,3,49,0,0,254,4.9811,34,1,0,200,254,[],1
2,3,48,0,0,72,4.5448,14,1,0,200,72,[],1
2,3,48,0,0,119,4.7624,28,1,0,200,119,[],1
2,3,52,0,0,135,5.1223,28,1,0,200,135,[],1
2,3,52,0,0,107,4.8721,21,1,0,200,107,[],1
2,3,52,0,0,70,4.4971,12,1,0,200,70,[],1
2,3,52,0,0,62,4.3293,11,1,0,200,62,[],1
1,3,171,3,123,0,0.0,0,1,0,200,0,[],1
2,3,47,0,0,123,4.8458,17,1,0,200,123,[],1
2,3,50,0,0,278,5.0375,37,1,0,200,278,[],1
2,3,50,0,0,271,4.9999,36,1,0,200,271,[],1
2,3,49,0,0,304,5.137,42,1,0,200,304,[],1
2,3,49,0,0,314,5.0592,59,1,0,200,314,[],1
2,3,49,0,0,246,4.9766,36,1,0,200,246,[],1
2,3,49,0,0,239,4.9811,35,1,0,200,239,[],1
1,3,108,5,59,0,0.0,0,1,0,200,0,[],1
2,3,48,0,0,59,4.3453,13,1,0,200,59,[],1
2,3,52,0,0,120,4.8783,16,1,0,200,120,[],1
2,3,52,0,0,63,4.4251,11,1,0,200,63,[],1
2,3,52,0,0,60,4.2896,10,1,0,200,60,[],1
3,3,50,0,0,237,4.8934,30,1,0,200,237,[],1
2,3,50,0,0,232,4.9249,31,1,0,200,232,[],1
2,3,50,0,0,240,4.9499,33,1,0,200,240,[],1
2,3,49,0,0,261,5.042,36,1,0,200,261,[],1
2,3,49,0,0,262,5.037,36,1,0,200,262,[],1
2,3,48,0,0,112,4.7849,25,1,0,200,112,[],1
2,3,52,0,0,138,4.9806,19,1,0,200,138,[],1
2,3,52,0,0,65,4.5781,11,1,0,200,65,[],1
2,3,52,0,0,63,4.519,10,1,0,200,63,[],1
2,3,47,0,0,99,4.5648,25,1,0,200,99,[],1
1,3,384,13,333,0,0.0,0,1,0,200,0,[],1
2,3,50,0,0,333,5.156,49,1,0,200,333,[],1
2,3,50,0,0,268,5.0635,40,1,0,200,268,[],1
2,3,50,0,0,270,5.0661,39,1,0,200,270,[],1
2,3,49,0,0,307,5.1446,50,1,0,200,307,[],1
2,3,49,0,0,270,5.1901,41,1,0,200,270,[],1
2,3,49,0,0,259,5.1071,40,1,0,200,259,[],1
2,3,48,0,0,80,4.6919,16,1,0,200,80,[],1
3,3,52,0,0,60,4.3196,10,1,0,200,60,[],1
2,3,52,0,0,100,4.5932,26,1,0,200,100,[],1
2,3,52,0,0,73,4.3365,10,1,0,200,73,[],1
2,3,52,0,0,61,4.3695,10,1,0,200,61,[],1
3,3,47,0,0,38,4.2185,5,1,0,200,38,[],1
1,3,166,3,118,0,0.0,0,1,0,200,0,[],1
2,3,47,0,0,118,4.3318,29,1,0,200,118,[],1
1,3,356,13,305,0,0.0,0,1,0,200,0,[],1
2,3,50,0,0,305,5.1869,45,1,0,200,305,[],1
2,3,50,0,0,255,5.0861,40,1,0,200,255,[],1
2,3,50,0,0,250,5.0742,39,1,0,200,250,[],1
1,1,44,0,0,0,0.0,0,1,0,200,0,[],1
3,3,49,0,0,222,5.0085,32,1,0,200,222,[],1
2,3,49,0,0,275,5.1316,45,1,0,200,275,[],1
1,3,827,13,777,0,0.0,0,1,0,200,0,[],1
2,3,49,0,0,777,4.3408,143,1,0,200,777,[],1
2,3,49,0,0,232,5.0038,35,1,0,200,232,[],1
1,3,273,13,223,0,0.0,0,1,0,200,0,[],1
2,3,49,0,0,223,5.0275,32,1,0,200,223,[],1
2,3,48,0,0,76,4.6498,14,1,0,200,76,[],1
2,3,48,0,0,110,4.8768,24,1,0,200,110,[],1
2,3,52,0,0,71,4.7428,12,1,0,200,71,[],1
2,3,52,0,0,70,4.4877,13,1,0,200,70,[],1
2,3,52,0,0,67,4.6647,11,1,0,200,67,[],1
2,3,48,0,0,97,4.6791,12,1,0,200,97,[],1
2,3,50,0,0,244,5.0496,36,1,0,200,244,[],1
2,3,50,0,0,340,5.0654,49,1,0,200,340,[],1
2,3,50,0,0,260,5.0136,41,1,0,200,260,[],1
2,3,50,0,0,240,5.0463,35,1,0,200,240,[],1
2,3,49,0,0,255,5.0416,36,1,0,200,255,[],1
1,4,46,0,0,0,0.0,0,1,0,200,0,[],1
2,3,48,0,0,136,4.9564,21,1,0,200,136,[],1
2,3,52,0,0,67,4.3251,12,1,0,200,67,[],1
2,3,52,0,0,71,4.3195,12,1,0,200,71,[],1
2,3,52,0,0,65,4.2586,11,1,0,200,65,[],1
2,3,47,0,0,114,4.7453,14,1,0,200,114,[],1
2,3,50,0,0,252,5.0494,37,1,0,200,252,[],1
2,3,50,0,0,254,5.024,36,1,0,200,254,[],1
3,3,49,0,0,225,4.9989,32,1,0,200,225,[],1
2,3,49,0,0,299,5.3219,49,1,0,200,299,[],1
1,3,277,13,227,0,0.0,0,1,0,200,0,[],1
2,3,49,0,0,227,5.0296,33,1,0,200,227,[],1
1,3,276,13,226,0,0.0,0,1,0,200,0,[],1
2,3,49,0,0,226,5.0177,32,1,0,200,226,[],1
2,3,48,0,0,71,4.5687,16,1,0,200,71,[],1
1,3,140,5,87,0,0.0,0,1,0,200,0,[],1
2,3,52,0,0,87,4.6789,16,1,0,200,87,[],1
2,3,52,0,0,64,4.2928,10,1,0,200,64,[],1
2,3,57,0,0,77,4.8161,18,1,0,200,77,[],1
2,3,47,0,0,104,4.6734,26,1,0,200,104,[],1
1,3,406,13,355,0,0.0,0,1,0,200,0,[],1
2,3,50,0,0,355,5.1897,48,1,0,200,355,[],1
2,3,50,0,0,293,5.0784,42,1,0,200,293,[],1
2,3,50,0,0,289,5.1011,40,1,0,200,289,[],1
2,3,49,0,0,297,5.1286,53,1,0,200,297,[],1
2,3,49,0,0,249,5.1165,36,1,0,200,249,[],1
2,3,49,0,0,248,5.0836,33,1,0,200,248,[],1
2,3,48,0,0,74,4.8486,13,1,0,200,74,[],1
2,3,48,0,0,76,4.5222,16,1,0,200,76,[],1
2,3,52,0,0,123,4.7089,27,1,0,200,123,[],1
1,3,148,5,95,0,0.0,0,1,0,200,0,[],1
2,3,52,0,0,95,4.7062,23,1,0,200,95,[],1
2,3,52,0,0,60,4.2628,9,1,0,200,60,[],1
2,3,50,0,0,319,5.156,46,1,0,200,319,[],1
1,3,835,13,784,0,0.0,0,1,0,200,0,[],1
2,3,50,0,0,784,4.3106,142,1,0,200,784,[],1
2,3,50,0,0,254,5.0337,39,1,0,200,254,[],1
2,3,49,0,0,256,4.9309,36,1,0,200,256,[],1
2,3,49,0,0,268,4.9534,38,1,0,200,268,[],1
2,3,49,0,0,261,4.9149,35,1,0,200,261,[],1
1,3,100,5,51,0,0.0,0,1,0,200,0,[],1
2,3,48,0,0,51,4.3884,11,1,0,200,51,[],1
2,3,48,0,0,81,4.6607,18,1,0,200,81,[],1
2,3,52,0,0,74,4.529,16,1,0,200,74,[],1
2,3,52,0,0,63,4.0989,9,1,0,200,63,[],1
1,3,80,1,31,0,0.0,0,1,0,200,0,[],1
2,3,48,0,0,31,3.4586,8,1,0,200,31,[],1
2,3,50,0,0,249,5.0965,40,1,0,200,249,[],1
2,3,50,0,0,250,5.0369,37,1,0,200,250,[],1
2,3,49,0,0,246,4.9546,33,1,0,200,246,[],1
2,3,49,0,0,247,4.9947,33,1,0,200,247,[],1
2,3,48,0,0,83,4.6593,17,1,0,200,83,[],1
2,3,48,0,0,111,4.7209,29,1,0,200,111,[],1
2,3,48,0,0,78,4.5673,16,1,0,200,78,[],1
2,3,52,0,0,66,4.4567,11,1,0,200,66,[],1
2,3,52,0,0,72,4.9288,11,1,0,200,72,[],1
2,3,52,0,0,64,4.3627,11,1,0,200,64,[],1
2,3,52,0,0,62,4.3286,10,1,0,200,62,[],1
2,3,57,0,0,84,4.5805,11,1,0,200,84,[],1
2,3,50,0,0,269,5.0211,40,1,0,200,269,[],1
2,3,50,0,0,257,5.0072,37,1,0,200,257,[],1
2,3,48,0,0,8,2.4056,2,1,0,200,8,[],1
3,3,49,0,0,252,5.0368,35,1,0,200,252,[],1
2,3,49,0,0,257,5.0756,38,1,0,200,257,[],1
2,3,49,0,0,253,5.0463,35,1,0,200,253,[],1
2,3,52,0,0,66,4.4394,11,1,0,200,66,[],1
2,3,52,0,0,58,4.2194,9,1,0,200,58,[],1
3,3,50,0,0,267,5.0336,41,1,0,200,267,[],1
2,3,50,0,0,269,5.049,42,1,0,200,269,[],1
2,3,50,0,0,268,5.0368,41,1,0,200,268,[],1
2,3,49,0,0,336,5.1489,50,1,0,200,336,[],1
1,3,350,13,300,0,0.0,0,1,0,200,0,[],1
2,3,49,0,0,300,5.168,55,1,0,200,300,[],1
2,3,49,0,0,255,5.0648,40,1,0,200,255,[],1
2,3,49,0,0,257,5.061,40,1,0,200,257,[],1
2,3,48,0,0,79,4.6278,16,1,0,200,79,[],1
1,3,196,5,147,0,0.0,0,1,0,200,0,[],1
2,3,48,0,0,147,5.0975,32,1,0,200,147,[],1
2,3,48,0,0,77,4.5796,16,1,0,200,77,[],1
3,3,52,0,0,61,4.4514,9,1,0,200,61,[],1
2,3,52,0,0,105,4.8417,21,1,0,200,105,[],1
2,3,52,0,0,63,4.4934,10,1,0,200,63,[],1
2,3,52,0,0,62,4.4987,9,1,0,200,62,[],1
1,3,175,3,127,0,0.0,0,1,0,200,0,[],1
2,3,47,0,0,127,4.4361,31,1,0,200,127,[],1
3,3,50,0,0,247,4.9841,35,1,0,200,247,[],1
2,3,50,0,0,301,5.0997,50,1,0,200,301,[],1
2,3,50,0,0,257,5.0037,38,1,0,200,257,[],1
2,3,50,0,0,248,4.9938,35,1,0,200,248,[],1
2,3,49,0,0,274,5.0545,42,1,0,200,274,[],1
2,3,49,0,0,253,4.9798,35,1,0,200,253,[],1
2,3,48,0,0,110,4.8648,27,1,0,200,110,[],1
2,3,48,0,0,75,4.6094,14,1,0,200,75,[],1
1,3,189,5,136,0,0.0,0,1,0,200,0,[],1
2,3,52,0,0,136,4.8805,18,1,0,200,136,[],1
2,3,52,0,0,65,4.4169,10,1,0,200,65,[],1
2,3,52,0,0,64,4.3946,9,1,0,200,64,[],1
1,3,167,1,118,0,0.0,0,1,0,200,0,[],1
2,3,48,0,0,118,4.5362,14,1,0,200,118,[],1
2,3,50,0,0,246,5.0644,36,1,0,200,246,[],1
2,3,50,0,0,242,5.0238,34,1,0,200,242,[],1
2,3,48,0,0,113,4.2296,15,1,0,200,113,[],1
2,3,49,0,0,322,5.1068,41,1,0,200,322,[],1
2,3,49,0,0,263,4.9752,35,1,0,200,263,[],1
2,3,49,0,0,266,4.9421,34,1,0,200,266,[],1
2,3,48,0,0,139,4.7816,33,1,0,200,139,[],1
2,3,48,0,0,113,4.7976,29,1,0,200,113,[],1
2,3,52,0,0,135,4.7483,19,1,0,200,135,[],1
2,3,52,0,0,77,4.9292,10,1,0,200,77,[],1
2,3,52,0,0,66,4.5271,10,1,0,200,66,[],1
2,3,52,0,0,64,4.4353,9,1,0,200,64,[],1
2,3,50,0,0,277,5.0416,48,1,0,200,277,[],1
2,3,50,0,0,241,4.9158,35,1,0,200,241,[],1
2,3,49,0,0,256,5.1593,35,1,0,200,256,[],1
2,3,49,0,0,257,5.1622,35,1,0,200,257,[],1
2,3,52,0,0,72,4.6921,12,1,0,200,72,[],1
2,3,52,0,0,64,4.4392,9,1,0,200,64,[],1
2,3,47,0,0,46,4.4828,7,1,0,200,46,[],1
2,3,47,0,0,40,4.2251,6,1,0,200,40,[],1
2,3,50,0,0,248,5.0376,35,1,0,200,248,[],1
2,3,50,0,0,247,5.0274,35,1,0,200,247,[],1
2,3,50,0,0,244,5.0374,34,1,0,200,244,[],1
3,3,49,0,0,257,5.0753,37,1,0,200,257,[],1
2,3,49,0,0,257,5.0678,37,1,0,200,257,[],1
2,3,49,0,0,258,5.0845,37,1,0,200,258,[],1
1,3,186,5,137,0,0.0,0,1,0,200,0,[],1
2,3,48,0,0,137,4.744,33,1,0,200,137,[],1
2,3,52,0,0,108,4.7204,25,1,0,200,108,[],1
2,3,52,0,0,70,4.4349,12,1,0,200,70,[],1
2,3,52,0,0,63,4.4095,9,1,0,200,63,[],1
2,3,57,0,0,78,4.8117,18,1,0,200,78,[],1
2,3,50,0,0,250,5.1129,35,1,0,200,250,[],1
3,3,49,0,0,256,4.9541,34,1,0,200,256,[],1
2,3,49,0,0,269,4.9481,34,1,0,200,269,[],1
2,3,49,0,0,257,4.9638,34,1,0,200,257,[],1
2,3,48,0,0,128,4.8893,19,1,0,200,128,[],1
2,3,48,0,0,117,4.8028,23,1,0,200,117,[],1
2,3,52,0,0,136,4.9222,19,1,0,200,136,[],1
2,3,52,0,0,65,4.2278,10,1,0,200,65,[],1
2,3,52,0,0,64,4.2109,9,1,0,200,64,[],1
3,3,50,0,0,250,4.9768,39,1,0,200,250,[],1
2,3,50,0,0,264,5.0248,46,1,0,200,264,[],1
2,3,50,0,0,260,4.9819,40,1,0,200,260,[],1
2,3,50,0,0,251,4.9944,39,1,0,200,251,[],1
2,3,49,0,0,244,5.0409,37,1,0,200,244,[],1
2,3,49,0,0,237,4.9731,33,1,0,200,237,[],1
1,4,50,0,0,0,0.0,0,1,0,200,0,[],1
2,3,48,0,0,116,4.9193,25,1,0,200,116,[],1
2,3,48,0,0,137,4.9699,20,1,0,200,137,[],1
3,3,52,0,0,57,4.2272,9,1,0,200,57,[],1
2,3,52,0,0,60,4.4563,10,1,0,200,60,[],1
2,3,52,0,0,71,4.5126,12,1,0,200,71,[],1
1,3,480,13,429,0,0.0,0,1,0,200,0,[],1
2,3,50,0,0,429,5.1083,65,1,0,200,429,[],1
2,3,50,0,0,267,5.0914,38,1,0,200,267,[],1
2,3,50,0,0,265,5.0912,38,1,0,200,265,[],1
1,3,337,13,287,0,0.0,0,1,0,200,0,[],1
2,3,49,0,0,287,5.0068,46,1,0,200,287,[],1
2,3,49,0,0,286,5.068,37,1,0,200,286,[],1
2,3,48,0,0,89,4.7393,19,1,0,200,89,[],1
2,3,48,0,0,242,4.8941,42,1,0,200,242,[],1
2,3,48,0,0,74,4.6094,15,1,0,200,74,[],1
2,3,52,0,0,61,4.2203,10,1,0,200,61,[],1
2,3,52,0,0,107,4.874,14,1,0,200,107,[],1
2,3,52,0,0,57,4.2848,10,1,0,200,57,[],1
2,3,52,0,0,57,4.0726,9,1,0,200,57,[],1
1,3,170,3,122,0,0.0,0,1,0,200,0,[],1
2,3,47,0,0,122,4.3163,29,1,0,200,122,[],1
2,3,50,0,0,269,5.0704,40,1,0,200,269,[],1
2,3,50,0,0,270,5.0612,40,1,0,200,270,[],1
3,3,49,0,0,243,5.0913,35,1,0,200,243,[],1
2,3,49,0,0,252,5.1424,37,1,0,200,252,[],1
2,3,49,0,0,253,5.1559,39,1,0,200,253,[],1
2,3,49,0,0,244,5.1007,35,1,0,200,244,[],1
2,3,52,0,0,58,4.3546,10,1,0,200,58,[],1
2,3,50,0,0,255,5.0114,38,1,0,200,255,[],1
2,3,50,0,0,245,5.0345,35,1,0,200,245,[],1
1,3,100,1,51,0,0.0,0,1,0,200,0,[],1
2,3,48,0,0,51,4.3992,5,1,0,200,51,[],1
2,3,49,0,0,263,4.9143,38,1,0,200,263,[],1
2,3,49,0,0,264,4.9223,38,1,0,200,264,[],1
2,3,52,0,0,114,4.8139,14,1,0,200,114,[],1
2,3,52,0,0,63,4.2909,10,1,0,200,63,[],1
2,3,52,0,0,67,4.3424,10,1,0,200,67,[],1
2,3,57,0,0,20,3.1842,5,1,0,200,20,[],1
2,3,50,0,0,248,5.0059,33,1,0,200,248,[],1
2,3,50,0,0,264,5.0137,38,1,0,200,264,[],1
2,3,50,0,0,240,4.9504,31,1,0,200,240,[],1
1,3,379,13,329,0,0.0,0,1,0,200,0,[],1
2,3,49,0,0,329,5.2084,45,1,0,200,329,[],1
2,3,49,0,0,254,5.0996,37,1,0,200,254,[],1
2,3,49,0,0,269,5.1049,39,1,0,200,269,[],1
2,3,48,0,0,75,4.6894,14,1,0,200,75,[],1
2,3,52,0,0,65,4.571,11,1,0,200,65,[],1
2,3,52,0,0,105,4.773,24,1,0,200,105,[],1
2,3,52,0,0,67,4.4357,12,1,0,200,67,[],1
2,3,52,0,0,57,4.3533,9,1,0,200,57,[],1
3,3,50,0,0,242,5.116,36,1,0,200,242,[],1
2,3,50,0,0,298,5.2097,41,1,0,200,298,[],1
2,3,50,0,0,302,5.215,43,1,0,200,302,[],1
2,3,50,0,0,249,5.1427,38,1,0,200,249,[],1
2,3,49,0,0,303,5.1176,51,1,0,200,303,[],1
2,3,49,0,0,264,5.0428,40,1,0,200,264,[],1
2,3,49,0,0,263,5.0339,40,1,0,200,263,[],1
1,2,58,0,0,0,0.0,0,1,0,200,0,[],1
1,3,687,5,638,0,0.0,0,1,0,200,0,[],1
2,3,48,0,0,638,3.7735,126,1,0,200,638,[],1
2,3,52,0,0,63,4.2829,10,1,0,200,63,[],1
2,3,52,0,0,63,4.3162,10,1,0,200,63,[],1
2,3,47,0,0,94,4.7699,10,1,0,200,94,[],1
2,3,50,0,0,254,5.0239,38,1,0,200,254,[],1
2,3,50,0,0,265,5.0488,39,1,0,200,265,[],1
3,3,49,0,0,239,5.0435,35,1,0,200,239,[],1
2,3,49,0,0,232,5.0135,35,1,0,200,232,[],1
2,3,49,0,0,238,5.0299,35,1,0,200,238,[],1
2,3,49,0,0,240,5.0531,35,1,0,200,240,[],1
2,3,48,0,0,145,5.1327,30,1,0,200,145,[],1
1,3,220,5,167,0,0.0,0,1,0,200,0,[],1
2,3,52,0,0,167,4.7011,23,1,0,200,167,[],1
2,3,52,0,0,60,4.2111,11,1,0,200,60,[],1
2,3,48,0,0,18,3.6835,3,1,0,200,18,[],1
2,3,47,0,0,59,4.9017,9,1,0,200,59,[],1
3,3,50,0,0,269,5.1266,40,1,0,200,269,[],1
2,3,50,0,0,286,5.2791,41,1,0,200,286,[],1
2,3,50,0,0,263,5.0663,41,1,0,200,263,[],1
2,3,50,0,0,272,5.1147,40,1,0,200,272,[],1
2,3,50,0,0,270,5.1429,40,1,0,200,270,[],1
2,3,49,0,0,271,5.0467,39,1,0,200,271,[],1
2,3,49,0,0,265,5.0511,37,1,0,200,265,[],1
1,3,158,5,109,0,0.0,0,1,0,200,0,[],1
2,3,48,0,0,109,4.9248,15,1,0,200,109,[],1
2,3,52,0,0,137,4.5314,33,1,0,200,137,[],1
2,3,52,0,0,64,4.5511,10,1,0,200,64,[],1
2,3,52,0,0,58,4.3342,9,1,0,200,58,[],1
2,3,47,0,0,112,4.4666,26,1,0,200,112,[],1
2,3,47,0,0,51,4.3023,12,1,0,200,51,[],1
1,3,379,13,328,0,0.0,0,1,0,200,0,[],1
2,3,50,0,0,328,5.0359,46,1,0,200,328,[],1
1,3,269,13,218,0,0.0,0,1,0,200,0,[],1
2,3,50,0,0,218,4.9945,33,1,0,200,218,[],1
2,3,50,0,0,254,5.0257,38,1,0,200,254,[],1
2,3,48,0,0,12,3.2516,3,1,0,200,12,[],1
2,3,49,0,0,237,4.9235,34,1,0,200,237,[],1
2,3,49,0,0,252,4.9382,35,1,0,200,252,[],1
2,3,49,0,0,241,4.9042,33,1,0,200,241,[],1
2,3,48,0,0,121,4.6813,30,1,0,200,121,[],1
2,3,52,0,0,65,4.4071,12,1,0,200,65,[],1
2,3,50,0,0,242,4.946,33,1,0,200,242,[],1
2,3,50,0,0,243,4.9697,33,1,0,200,243,[],1
2,3,49,0,0,233,5.031,35,1,0,200,233,[],1
2,3,49,0,0,240,5.036,35,1,0,200,240,[],1
2,3,49,0,0,243,5.0495,35,1,0,200,243,[],1
2,3,48,0,0,94,4.6517,22,1,0,200,94,[],1
2,3,52,0,0,86,4.678,16,1,0,200,86,[],1
2,3,52,0,0,133,4.7211,19,1,0,200,133,[],1
2,3,52,0,0,65,4.3917,9,1,0,200,65,[],1
2,3,47,0,0,99,4.5534,25,1,0,200,99,[],1
3,3,50,0,0,275,4.9679,39,1,0,200,275,[],1
1,3,402,13,351,0,0.0,0,1,0,200,0,[],1
2,3,50,0,0,351,5.1458,48,1,0,200,351,[],1
2,3,50,0,0,297,5.0582,37,1,0,200,297,[],1
2,3,50,0,0,276,5.0161,41,1,0,200,276,[],1
2,3,50,0,0,276,4.9773,39,1,0,200,276,[],1
2,3,49,0,0,291,5.1461,38,1,0,200,291,[],1
2,3,49,0,0,247,5.0881,37,1,0,200,247,[],1
2,3,49,0,0,261,5.1245,39,1,0,200,261,[],1
2,3,52,0,0,126,4.7094,19,1,0,200,126,[],1
2,3,52,0,0,62,4.4421,11,1,0,200,62,[],1
2,3,52,0,0,55,4.3154,9,1,0,200,55,[],1
2,3,50,0,0,280,4.9843,40,1,0,200,280,[],1
2,3,50,0,0,277,4.9735,38,1,0,200,277,[],1
2,3,49,0,0,281,5.0057,42,1,0,200,281,[],1
2,3,49,0,0,226,4.8927,36,1,0,200,226,[],1
2,3,49,0,0,235,4.8872,34,1,0,200,235,[],1
1,3,280,13,230,0,0.0,0,1,0,200,0,[],1
2,3,49,0,0,230,4.8287,32,1,0,200,230,[],1
2,3,52,0,0,68,4.3847,11,1,0,200,68,[],1
2,3,52,0,0,71,4.4109,10,1,0,200,71,[],1
2,3,50,0,0,257,5.093,36,1,0,200,257,[],1
2,3,50,0,0,260,5.048,38,1,0,200,260,[],1
2,3,49,0,0,270,4.9899,38,1,0,200,270,[],1
2,3,48,0,0,79,4.6087,16,1,0,200,79,[],1
2,3,52,0,0,144,4.7643,21,1,0,200,144,[],1
2,3,52,0,0,68,4.3778,12,1,0,200,68,[],1
2,3,52,0,0,60,4.2295,9,1,0,200,60,[],1
2,3,57,0,0,20,4.1219,2,1,0,200,20,[],1
3,3,50,0,0,252,4.9105,33,1,0,200,252,[],1
2,3,50,0,0,257,4.9319,34,1,0,200,257,[],1
2,3,50,0,0,277,5.0626,43,1,0,200,277,[],1
2,3,50,0,0,252,4.9334,33,1,0,200,252,[],1
2,3,50,0,0,253,4.9284,33,1,0,200,253,[],1
2,3,49,0,0,269,5.038,38,1,0,200,269,[],1
2,3,48,0,0,69,4.5106,14,1,0,200,69,[],1
1,3,149,5,96,0,0.0,0,1,0,200,0,[],1
2,3,52,0,0,96,4.8585,20,1,0,200,96,[],1
2,3,52,0,0,65,4.3948,11,1,0,200,65,[],1
2,3,52,0,0,62,4.478,9,1,0,200,62,[],1
2,3,47,0,0,108,5.0164,22,1,0,200,108,[],1
2,3,50,0,0,252,5.1199,41,1,0,200,252,[],1
2,3,50,0,0,239,5.0092,36,1,0,200,239,[],1
2,3,50,0,0,231,4.9804,33,1,0,200,231,[],1
3,3,49,0,0,265,5.0181,36,1,0,200,265,[],1
2,3,49,0,0,270,5.0405,37,1,0,200,270,[],1
2,3,49,0,0,265,5.0213,36,1,0,200,265,[],1
2,3,49,0,0,266,5.0349,36,1,0,200,266,[],1
3,3,48,0,0,71,4.5975,13,1,0,200,71,[],1
2,3,52,0,0,119,5.0011,19,1,0,200,119,[],1
2,3,52,0,0,64,4.5489,10,1,0,200,64,[],1
2,3,47,0,0,37,4.3038,8,1,0,200,37,[],1
2,3,50,0,0,255,5.2053,35,1,0,200,255,[],1
2,3,50,0,0,238,5.0467,34,1,0,200,238,[],1
2,3,50,0,0,239,5.0654,34,1,0,200,239,[],1
2,3,49,0,0,325,5.1201,54,1,0,200,325,[],1
2,3,49,0,0,269,5.0372,40,1,0,200,269,[],1
2,3,49,0,0,273,5.0653,41,1,0,200,273,[],1
2,3,48,0,0,92,5.013,17,1,0,200,92,[],1
2,3,48,0,0,60,4.3952,13,1,0,200,60,[],1
2,3,52,0,0,67,4.1986,10,1,0,200,67,[],1
2,3,52,0,0,65,4.0975,9,1,0,200,65,[],1
2,3,50,0,0,236,4.9369,32,1,0,200,236,[],1
2,3,50,0,0,237,4.9237,32,1,0,200,237,[],1
2,3,49,0,0,280,5.1226,43,1,0,200,280,[],1
2,3,49,0,0,287,5.0597,43,1,0,200,287,[],1
1,3,278,5,225,0,0.0,0,1,0,200,0,[],1
2,3,52,0,0,225,4.8542,36,1,0,200,225,[],1
2,3,52,0,0,62,4.2262,9,1,0,200,62,[],1
2,3,57,0,0,58,4.1671,16,1,0,200,58,[],1
2,3,50,0,0,259,5.0992,40,1,0,200,259,[],1
1,3,384,13,334,0,0.0,0,1,0,200,0,[],1
2,3,49,0,0,334,5.1373,57,1,0,200,334,[],1
2,3,49,0,0,302,5.0628,45,1,0,200,302,[],1
2,3,49,0,0,296,5.063,43,1,0,200,296,[],1
2,3,52,0,0,78,4.505,16,1,0,200,78,[],1
2,3,52,0,0,59,4.2809,10,1,0,200,59,[],1
2,3,52,0,0,57,4.1749,9,1,0,200,57,[],1
2,3,47,0,0,46,4.3067,8,1,0,200,46,[],1
2,3,50,0,0,276,5.0265,37,1,0,200,276,[],1
2,3,49,0,0,262,5.0165,36,1,0,200,262,[],1
2,3,49,0,0,267,4.9886,36,1,0,200,267,[],1
2,3,49,0,0,266,4.9965,35,1,0,200,266,[],1
1,3,216,5,163,0,0.0,0,1,0,200,0,[],1
2,3,52,0,0,163,4.6512,23,1,0,200,163,[],1
2,3,52,0,0,62,4.2887,10,1,0,200,62,[],1
2,3,50,0,0,262,5.0265,36,1,0,200,262,[],1
2,3,50,0,0,258,5.0167,36,1,0,200,258,[],1
2,3,50,0,0,258,5.0112,35,1,0,200,258,[],1
2,3,49,0,0,314,5.1546,56,1,0,200,314,[],1
1,3,378,13,328,0,0.0,0,1,0,200,0,[],1
2,3,49,0,0,328,5.0915,50,1,0,200,328,[],1
2,3,49,0,0,262,5.0749,42,1,0,200,262,[],1
2,3,52,0,0,135,4.6659,32,1,0,200,135,[],1
2,3,52,0,0,72,4.5685,11,1,0,200,72,[],1
2,3,52,0,0,64,4.267,11,1,0,200,64,[],1
2,3,47,0,0,32,4.2417,6,1,0,200,32,[],1
2,3,50,0,0,271,5.071,40,1,0,200,271,[],1
2,3,50,0,0,282,5.1416,41,1,0,200,282,[],1
2,3,50,0,0,277,5.0895,40,1,0,200,277,[],1
2,3,49,0,0,249,5.0783,39,1,0,200,249,[],1
2,3,49,0,0,245,5.0923,36,1,0,200,245,[],1
3,3,48,0,0,72,4.5454,13,1,0,200,72,[],1
2,3,48,0,0,73,4.5601,13,1,0,200,73,[],1
2,3,52,0,0,61,4.2497,10,1,0,200,61,[],1
2,3,52,0,0,60,4.2961,10,1,0,200,60,[],1
2,3,52,0,0,61,4.2728,10,1,0,200,61,[],1
2,3,50,0,0,313,5.1207,54,1,0,200,313,[],1
2,3,50,0,0,271,5.0091,39,1,0,200,271,[],1
2,3,50,0,0,268,4.9913,36,1,0,200,268,[],1
3,3,49,0,0,231,4.9834,32,1,0,200,231,[],1
2,3,49,0,0,299,5.1555,41,1,0,200,299,[],1
2,3,49,0,0,231,4.9954,32,1,0,200,231,[],1
2,3,49,0,0,232,5.002,32,1,0,200,232,[],1
1,3,115,5,66,0,0.0,0,1,0,200,0,[],1
2,3,48,0,0,66,4.4942,14,1,0,200,66,[],1
2,3,52,0,0,63,4.3111,11,1,0,200,63,[],1
2,3,52,0,0,129,5.0254,27,1,0,200,129,[],1
2,3,52,0,0,64,4.3538,11,1,0,200,64,[],1
2,3,47,0,0,84,4.7947,18,1,0,200,84,[],1
1,3,187,3,139,0,0.0,0,1,0,200,0,[],1
2,3,47,0,0,139,4.5237,19,1,0,200,139,[],1
3,3,50,0,0,234,4.9051,31,1,0,200,234,[],1
2,3,50,0,0,234,4.883,34,1,0,200,234,[],1
2,3,50,0,0,235,4.9121,31,1,0,200,235,[],1
2,3,49,0,0,307,5.1489,51,1,0,200,307,[],1
2,3,49,0,0,245,5.079,36,1,0,200,245,[],1
2,3,49,0,0,254,5.0725,36,1,0,200,254,[],1
2,3,48,0,0,73,4.5492,14,1,0,200,73,[],1
1,3,166,5,113,0,0.0,0,1,0,200,0,[],1
2,3,52,0,0,113,4.7077,24,1,0,200,113,[],1
2,3,52,0,0,63,4.3506,10,1,0,200,63,[],1
2,3,52,0,0,60,4.1005,9,1,0,200,60,[],1
2,3,47,0,0,54,4.5581,9,1,0,200,54,[],1
2,3,47,0,0,33,4.2714,6,1,0,200,33,[],1
2,3,50,0,0,260,5.0923,41,1,0,200,260,[],1
2,3,50,0,0,258,5.0591,40,1,0,200,258,[],1
2,3,50,0,0,260,5.1078,40,1,0,200,260,[],1
2,3,49,0,0,269,5.1066,41,1,0,200,269,[],1
2,3,49,0,0,308,5.0749,53,1,0,200,308,[],1
2,3,49,0,0,266,5.0796,41,1,0,200,266,[],1
2,3,49,0,0,265,5.0956,40,1,0,200,265,[],1
1,3,281,5,228,0,0.0,0,1,0,200,0,[],1
2,3,52,0,0,228,4.8451,36,1,0,200,228,[],1
2,3,52,0,0,69,4.8129,10,1,0,200,69,[],1
2,3,52,0,0,62,4.1682,10,1,0,200,62,[],1
2,3,52,0,0,59,4.1491,9,1,0,200,59,[],1
2,3,47,0,0,107,4.66,25,1,0,200,107,[],1
2,3,50,0,0,265,5.1392,45,1,0,200,265,[],1
2,3,50,0,0,236,5.0492,40,1,0,200,236,[],1
2,3,50,0,0,246,5.0695,38,1,0,200,246,[],1
2,3,49,0,0,309,5.1288,50,1,0,200,309,[],1
2,3,49,0,0,257,5.0429,40,1,0,200,257,[],1
2,3,48,0,0,151,4.57,37,1,0,200,151,[],1
1,3,155,5,106,0,0.0,0,1,0,200,0,[],1
2,3,48,0,0,106,4.7515,24,1,0,200,106,[],1
3,3,52,0,0,61,4.3652,9,1,0,200,61,[],1
2,3,52,0,0,77,4.5412,11,1,0,200,77,[],1
2,3,52,0,0,62,4.4139,9,1,0,200,62,[],1
3,3,47,0,0,43,4.1711,7,1,0,200,43,[],1
2,3,50,0,0,269,5.078,41,1,0,200,269,[],1
2,3,50,0,0,248,5.0047,34,1,0,200,248,[],1
1,3,630,1,581,0,0.0,0,1,0,200,0,[],1
2,3,48,0,0,581,3.4443,113,1,0,200,581,[],1
2,3,49,0,0,274,5.1488,38,1,0,200,274,[],1
2,3,49,0,0,282,5.1421,39,1,0,200,282,[],1
1,3,326,13,276,0,0.0,0,1,0,200,0,[],1
2,3,49,0,0,276,5.1337,37,1,0,200,276,[],1
2,3,52,0,0,132,4.6862,20,1,0,200,132,[],1
2,3,52,0,0,102,4.8518,14,1,0,200,102,[],1
2,3,52,0,0,64,4.4102,11,1,0,200,64,[],1
2,3,52,0,0,61,4.3019,10,1,0,200,61,[],1
1,3,70,1,12,0,0.0,0,1,0,200,0,[],1
2,3,57,0,0,12,3.2516,3,1,0,200,12,[],1
2,3,47,0,0,44,4.1701,8,1,0,200,44,[],1
2,3,50,0,0,276,4.9943,41,1,0,200,276,[],1
2,3,50,0,0,269,5.0029,40,1,0,200,269,[],1
2,3,49,0,0,325,5.1229,45,1,0,200,325,[],1
2,3,49,0,0,273,5.0257,43,1,0,200,273,[],1
2,3,49,0,0,267,5.0028,40,1,0,200,267,[],1
2,3,52,0,0,61,4.4819,10,1,0,200,61,[],1
2,3,52,0,0,59,4.3847,9,1,0,200,59,[],1
1,3,100,1,42,0,0.0,0,1,0,200,0,[],1
2,3,57,0,0,42,3.716,15,1,0,200,42,[],1
2,3,47,0,0,88,4.8019,20,1,0,200,88,[],1
2,3,50,0,0,323,5.3214,51,1,0,200,323,[],1
2,3,50,0,0,251,5.0365,35,1,0,200,251,[],1
2,3,50,0,0,250,5.0551,34,1,0,200,250,[],1
2,3,49,0,0,327,5.0514,56,1,0,200,327,[],1
1,3,449,13,399,0,0.0,0,1,0,200,0,[],1
2,3,49,0,0,399,5.0551,60,1,0,200,399,[],1
2,3,49,0,0,257,4.9914,37,1,0,200,257,[],1
2,3,48,0,0,81,4.7557,15,1,0,200,81,[],1
2,3,48,0,0,106,4.8101,16,1,0,200,106,[],1
2,3,52,0,0,63,4.2719,10,1,0,200,63,[],1
2,3,52,0,0,60,4.0954,9,1,0,200,60,[],1
2,3,47,0,0,112,5.0706,22,1,0,200,112,[],1
2,3,47,0,0,104,4.4205,26,1,0,200,104,[],1
2,3,50,0,0,259,4.9351,37,1,0,200,259,[],1
2,3,50,0,0,271,5.0119,36,1,0,200,271,[],1
2,3,49,0,0,308,5.111,56,1,0,200,308,[],1
2,3,49,0,0,265,5.0456,37,1,0,200,265,[],1
2,3,49,0,0,264,5.0447,36,1,0,200,264,[],1
2,3,48,0,0,88,5.0393,14,1,0,200,88,[],1
1,3,288,5,239,0,0.0,0,1,0,200,0,[],1
2,3,48,0,0,239,4.845,40,1,0,200,239,[],1
2,3,52,0,0,104,4.8811,13,1,0,200,104,[],1
2,3,52,0,0,63,4.5067,10,1,0,200,63,[],1
2,3,52,0,0,57,4.2129,9,1,0,200,57,[],1
2,3,57,0,0,78,3.8536,22,1,0,200,78,[],1
2,3,47,0,0,44,4.2156,8,1,0,200,44,[],1
3,3,50,0,0,248,5.0225,35,1,0,200,248,[],1
2,3,50,0,0,244,5.0265,35,1,0,200,244,[],1
2,3,50,0,0,259,5.0483,36,1,0,200,259,[],1
2,3,50,0,0,249,5.0271,35,1,0,200,249,[],1
2,3,49,0,0,299,5.116,49,1,0,200,299,[],1
2,3,49,0,0,245,5.0161,34,1,0,200,245,[],1
2,3,49,0,0,246,5.0255,34,1,0,200,246,[],1
2,3,48,0,0,92,4.9593,16,1,0,200,92,[],1
2,3,48,0,0,76,4.5485,15,1,0,200,76,[],1
2,3,52,0,0,66,4.3228,10,1,0,200,66,[],1
2,3,52,0,0,116,4.8275,15,1,0,200,116,[],1
2,3,52,0,0,64,4.2246,10,1,0,200,64,[],1
2,3,52,0,0,62,4.1216,9,1,0,200,62,[],1
2,3,50,0,0,333,5.2217,53,1,0,200,333,[],1
2,3,50,0,0,262,4.9613,36,1,0,200,262,[],1
2,3,50,0,0,260,4.9352,36,1,0,200,260,[],1
2,3,49,0,0,262,5.1384,38,1,0,200,262,[],1
2,3,49,0,0,240,5.1423,34,1,0,200,240,[],1
2,3,49,0,0,246,4.9751,37,1,0,200,246,[],1
2,3,48,0,0,126,4.9857,18,1,0,200,126,[],1
2,3,48,0,0,74,4.6018,14,1,0,200,74,[],1
2,3,52,0,0,118,4.9771,20,1,0,200,118,[],1
2,3,52,0,0,64,4.5721,12,1,0,200,64,[],1
2,3,52,0,0,61,4.4374,10,1,0,200,61,[],1
2,3,48,0,0,57,4.5558,5,1,0,200,57,[],1
1,3,335,13,284,0,0.0,0,1,0,200,0,[],1
2,3,50,0,0,284,5.0342,49,1,0,200,284,[],1
2,3,50,0,0,247,4.898,35,1,0,200,247,[],1
2,3,49,0,0,283,5.1729,42,1,0,200,283,[],1
2,3,49,0,0,299,5.1284,38,1,0,200,299,[],1
2,3,49,0,0,267,5.0217,39,1,0,200,267,[],1
2,3,49,0,0,263,5.0446,38,1,0,200,263,[],1
3,3,52,0,0,57,4.1724,9,1,0,200,57,[],1
1,3,274,5,221,0,0.0,0,1,0,200,0,[],1
2,3,52,0,0,221,4.8063,36,1,0,200,221,[],1
2,3,52,0,0,61,4.3996,10,1,0,200,61,[],1
2,3,52,0,0,58,4.2262,9,1,0,200,58,[],1
2,3,48,0,0,50,4.4206,12,1,0,200,50,[],1
2,3,47,0,0,65,4.3591,14,1,0,200,65,[],1
2,3,50,0,0,263,5.0263,38,1,0,200,263,[],1
2,3,50,0,0,265,5.0373,38,1,0,200,265,[],1
2,3,49,0,0,298,5.1326,50,1,0,200,298,[],1
2,3,49,0,0,306,5.1624,41,1,0,200,306,[],1
2,3,49,0,0,258,4.9922,36,1,0,200,258,[],1
2,3,48,0,0,177,4.6599,27,1,0,200,177,[],1
2,3,48,0,0,70,4.4399,14,1,0,200,70,[],1
2,3,52,0,0,116,4.8492,13,1,0,200,116,[],1
2,3,52,0,0,68,4.3829,12,1,0,200,68,[],1
2,3,52,0,0,69,4.3444,9,1,0,200,69,[],1
2,3,47,0,0,80,4.685,18,1,0,200,80,[],1
2,3,50,0,0,250,5.0789,39,1,0,200,250,[],1
2,3,50,0,0,254,5.0775,38,1,0,200,254,[],1
2,3,49,0,0,243,5.0382,35,1,0,200,243,[],1
2,3,49,0,0,236,4.9997,33,1,0,200,236,[],1
2,3,48,0,0,131,4.7629,31,1,0,200,131,[],1
2,3,52,0,0,78,4.5597,13,1,0,200,78,[],1
2,3,52,0,0,69,4.3278,10,1,0,200,69,[],1
1,3,188,3,140,0,0.0,0,1,0,200,0,[],1
2,3,47,0,0,140,4.5966,19,1,0,200,140,[],1
2,3,50,0,0,255,4.9697,38,1,0,200,255,[],1
2,3,50,0,0,252,4.9857,36,1,0,200,252,[],1
2,3,49,0,0,261,4.9515,36,1,0,200,261,[],1
2,3,49,0,0,249,4.9064,33,1,0,200,249,[],1
2,3,52,0,0,144,4.7688,21,1,0,200,144,[],1
2,3,52,0,0,61,4.2343,10,1,0,200,61,[],1
2,3,52,0,0,60,4.2423,9,1,0,200,60,[],1
2,3,47,0,0,58,4.3627,12,1,0,200,58,[],1
2,3,50,0,0,263,4.9992,40,1,0,200,263,[],1
2,3,50,0,0,268,5.03,40,1,0,200,268,[],1
2,3,50,0,0,268,5.0247,39,1,0,200,268,[],1
2,3,49,0,0,250,5.0484,37,1,0,200,250,[],1
2,3,49,0,0,239,5.0264,37,1,0,200,239,[],1
2,3,49,0,0,256,5.0441,38,1,0,200,256,[],1
2,3,49,0,0,248,5.0405,36,1,0,200,248,[],1
2,3,48,0,0,126,4.8024,25,1,0,200,126,[],1
2,3,48,0,0,94,4.5568,22,1,0,200,94,[],1
2,3,52,0,0,80,4.4894,16,1,0,200,80,[],1
2,3,52,0,0,61,4.2547,10,1,0,200,61,[],1
2,3,57,0,0,7,2.5216,2,1,0,200,7,[],1
2,3,47,0,0,82,4.5389,21,1,0,200,82,[],1
1,3,393,13,342,0,0.0,0,1,0,200,0,[],1
2,3,50,0,0,342,5.0463,50,1,0,200,342,[],1
2,3,50,0,0,240,5.0626,37,1,0,200,240,[],1
2,3,50,0,0,240,5.0809,36,1,0,200,240,[],1
2,3,49,0,0,305,5.1462,53,1,0,200,305,[],1
2,3,49,0,0,322,5.1714,45,1,0,200,322,[],1
2,3,49,0,0,276,5.0787,42,1,0,200,276,[],1
2,3,49,0,0,267,5.0452,39,1,0,200,267,[],1
2,3,48,0,0,138,4.7763,33,1,0,200,138,[],1
2,3,48,0,0,148,4.8967,24,1,0,200,148,[],1
2,3,52,0,0,61,4.531,11,1,0,200,61,[],1
2,3,52,0,0,59,4.4694,10,1,0,200,59,[],1
2,3,47,0,0,56,4.7159,11,1,0,200,56,[],1
2,3,50,0,0,276,5.0862,50,1,0,200,276,[],1
2,3,50,0,0,229,4.9877,35,1,0,200,229,[],1
2,3,50,0,0,229,4.9815,35,1,0,200,229,[],1
2,3,50,0,0,231,4.9864,34,1,0,200,231,[],1
2,3,49,0,0,284,5.0218,45,1,0,200,284,[],1
2,3,49,0,0,259,4.9511,39,1,0,200,259,[],1
1,3,329,13,279,0,0.0,0,1,0,200,0,[],1
2,3,49,0,0,279,4.9945,43,1,0,200,279,[],1
2,3,49,0,0,263,4.952,38,1,0,200,263,[],1
2,3,48,0,0,144,4.7151,25,1,0,200,144,[],1
2,3,48,0,0,75,4.6134,15,1,0,200,75,[],1
2,3,52,0,0,65,4.4684,11,1,0,200,65,[],1
2,3,52,0,0,59,4.1962,9,1,0,200,59,[],1
2,3,50,0,0,303,5.1805,51,1,0,200,303,[],1
2,3,50,0,0,263,5.1827,42,1,0,200,263,[],1
2,3,49,0,0,257,5.0201,43,1,0,200,257,[],1
2,3,49,0,0,251,4.9775,39,1,0,200,251,[],1
2,3,49,0,0,244,4.9736,36,1,0,200,244,[],1
1,3,286,5,237,0,0.0,0,1,0,200,0,[],1
2,3,48,0,0,237,4.8622,40,1,0,200,237,[],1
1,3,216,5,167,0,0.0,0,1,0,200,0,[],1
2,3,48,0,0,167,4.6761,26,1,0,200,167,[],1
3,3,52,0,0,65,4.3475,10,1,0,200,65,[],1
2,3,52,0,0,139,4.6848,31,1,0,200,139,[],1
2,3,52,0,0,139,4.8809,19,1,0,200,139,[],1
2,3,52,0,0,68,4.4957,12,1,0,200,68,[],1
2,3,52,0,0,66,4.3949,10,1,0,200,66,[],1
2,3,50,0,0,299,5.167,52,1,0,200,299,[],1
2,3,50,0,0,298,5.1162,49,1,0,200,298,[],1
2,3,50,0,0,253,5.0969,36,1,0,200,253,[],1
2,3,50,0,0,254,5.0918,36,1,0,200,254,[],1
2,3,49,0,0,265,5.0613,43,1,0,200,265,[],1
2,3,49,0,0,247,5.0478,38,1,0,200,247,[],1
2,3,49,0,0,244,5.0167,36,1,0,200,244,[],1
1,3,151,5,98,0,0.0,0,1,0,200,0,[],1
2,3,52,0,0,98,4.7593,20,1,0,200,98,[],1
2,3,52,0,0,71,4.5666,12,1,0,200,71,[],1
2,3,47,0,0,110,4.5072,15,1,0,200,110,[],1
2,3,47,0,0,114,4.7758,15,1,0,200,114,[],1
2,3,50,0,0,277,4.9467,39,1,0,200,277,[],1
2,3,50,0,0,278,4.9657,38,1,0,200,278,[],1
1,5,66,0,0,0,0.0,0,1,0,200,0,[],1
2,3,49,0,0,309,5.1994,46,1,0,200,309,[],1
2,3,49,0,0,289,5.1602,47,1,0,200,289,[],1
2,3,49,0,0,255,5.103,36,1,0,200,255,[],1
2,3,49,0,0,258,5.0871,36,1,0,200,258,[],1
1,3,274,5,225,0,0.0,0,1,0,200,0,[],1
2,3,48,0,0,225,4.8748,39,1,0,200,225,[],1
2,3,52,0,0,124,4.695,27,1,0,200,124,[],1
2,3,52,0,0,76,4.6549,16,1,0,200,76,[],1
2,3,52,0,0,62,4.2605,10,1,0,200,62,[],1
2,3,52,0,0,61,4.2732,9,1,0,200,61,[],1
2,3,47,0,0,82,4.6061,15,1,0,200,82,[],1
2,3,50,0,0,258,4.9599,34,1,0,200,258,[],1
2,3,50,0,0,257,4.9857,34,1,0,200,257,[],1
1,3,393,13,343,0,0.0,0,1,0,200,0,[],1
2,3,49,0,0,343,5.0859,49,1,0,200,343,[],1
2,3,49,0,0,264,5.0107,39,1,0,200,264,[],1
2,3,49,0,0,259,5.0373,37,1,0,200,259,[],1
2,3,48,0,0,148,4.9091,24,1,0,200,148,[],1
2,3,48,0,0,75,4.5334,15,1,0,200,75,[],1
2,3,52,0,0,70,4.4685,13,1,0,200,70,[],1
2,3,52,0,0,59,4.1858,9,1,0,200,59,[],1
1,3,649,3,601,0,0.0,0,1,0,200,0,[],1
2,3,47,0,0,601,3.5875,116,1,0,200,601,[],1
2,3,50,0,0,298,5.1621,40,1,0,200,298,[],1
2,3,50,0,0,239,5.0055,36,1,0,200,239,[],1
2,3,50,0,0,238,5.0218,34,1,0,200,238,[],1
1,3,374,13,324,0,0.0,0,1,0,200,0,[],1
2,3,49,0,0,324,5.095,49,1,0,200,324,[],1
2,3,49,0,0,252,5.1135,38,1,0,200,252,[],1
2,3,49,0,0,249,5.0837,37,1,0,200,249,[],1
3,3,48,0,0,75,4.5867,15,1,0,200,75,[],1
2,3,48,0,0,82,4.6896,18,1,0,200,82,[],1
1,3,224,5,171,0,0.0,0,1,0,200,0,[],1
2,3,52,0,0,171,4.6711,23,1,0,200,171,[],1
2,3,52,0,0,69,4.6448,12,1,0,200,69,[],1
2,3,52,0,0,62,4.166,9,1,0,200,62,[],1
2,3,47,0,0,112,4.4099,26,1,0,200,112,[],1
1,3,252,3,204,0,0.0,0,1,0,200,0,[],1
2,3,47,0,0,204,4.7654,32,1,0,200,204,[],1
2,3,50,0,0,255,5.0715,37,1,0,200,255,[],1
2,3,50,0,0,251,5.0473,36,1,0,200,251,[],1
2,3,49,0,0,328,5.0776,42,1,0,200,328,[],1
1,3,376,13,326,0,0.0,0,1,0,200,0,[],1
2,3,49,0,0,326,4.9774,44,1,0,200,326,[],1
2,3,49,0,0,266,4.9204,38,1,0,200,266,[],1
2,3,49,0,0,263,4.9192,35,1,0,200,263,[],1
1,3,163,5,114,0,0.0,0,1,0,200,0,[],1
2,3,48,0,0,114,4.8672,17,1,0,200,114,[],1
2,3,48,0,0,69,4.4707,14,1,0,200,69,[],1
3,3,52,0,0,60,4.4029,9,1,0,200,60,[],1
2,3,52,0,0,76,4.671,13,1,0,200,76,[],1
2,3,52,0,0,62,4.3618,10,1,0,200,62,[],1
2,3,52,0,0,61,4.4514,9,1,0,200,61,[],1
2,3,57,0,0,64,4.4194,7,1,0,200,64,[],1
2,3,50,0,0,266,5.0295,38,1,0,200,266,[],1
2,3,50,0,0,267,5.013,44,1,0,200,267,[],1
2,3,50,0,0,264,5.0686,41,1,0,200,264,[],1
2,3,50,0,0,262,5.0274,37,1,0,200,262,[],1
3,3,49,0,0,230,5.0188,33,1,0,200,230,[],1
2,3,49,0,0,231,5.0233,34,1,0,200,231,[],1
2,3,49,0,0,231,5.0287,33,1,0,200,231,[],1
3,3,52,0,0,62,4.1841,9,1,0,200,62,[],1
2,3,52,0,0,136,4.6049,30,1,0,200,136,[],1
2,3,52,0,0,129,4.5883,30,1,0,200,129,[],1
2,3,52,0,0,65,4.3832,10,1,0,200,65,[],1
2,3,52,0,0,63,4.2352,9,1,0,200,63,[],1
2,3,47,0,0,91,4.7049,11,1,0,200,91,[],1
2,3,50,0,0,252,5.0065,37,1,0,200,252,[],1
2,3,50,0,0,323,5.1466,46,1,0,200,323,[],1
2,3,50,0,0,254,5.0207,36,1,0,200,254,[],1
2,3,50,0,0,252,5.0091,36,1,0,200,252,[],1
2,3,48,0,0,39,3.6853,9,1,0,200,39,[],1
2,3,49,0,0,280,5.1841,38,1,0,200,280,[],1
2,3,49,0,0,270,5.0383,39,1,0,200,270,[],1
2,3,49,0,0,264,5.0305,37,1,0,200,264,[],1
2,3,48,0,0,106,4.7457,27,1,0,200,106,[],1
2,3,48,0,0,68,4.4072,13,1,0,200,68,[],1
3,3,52,0,0,58,4.2194,9,1,0,200,58,[],1
2,3,52,0,0,63,4.36,10,1,0,200,63,[],1
2,3,52,0,0,59,4.2719,9,1,0,200,59,[],1
3,3,47,0,0,38,4.1132,5,1,0,200,38,[],1
1,3,365,13,314,0,0.0,0,1,0,200,0,[],1
2,3,50,0,0,314,5.1348,50,1,0,200,314,[],1
2,3,50,0,0,262,5.0466,37,1,0,200,262,[],1
2,3,49,0,0,253,4.9873,35,1,0,200,253,[],1
2,3,49,0,0,250,5.04,35,1,0,200,250,[],1
2,3,52,0,0,67,4.3502,11,1,0,200,67,[],1
2,3,52,0,0,64,4.2052,10,1,0,200,64,[],1
2,3,47,0,0,94,4.8107,10,1,0,200,94,[],1
2,3,50,0,0,352,5.0621,63,1,0,200,352,[],1
2,3,50,0,0,271,5.0151,40,1,0,200,271,[],1
2,3,50,0,0,269,4.9848,39,1,0,200,269,[],1
2,3,49,0,0,308,5.2517,50,1,0,200,308,[],1
2,3,49,0,0,254,4.985,35,1,0,200,254,[],1
2,3,49,0,0,235,4.9728,33,1,0,200,235,[],1
2,3,52,0,0,63,4.5047,10,1,0,200,63,[],1
1,3,165,5,112,0,0.0,0,1,0,200,0,[],1
2,3,52,0,0,112,4.8117,15,1,0,200,112,[],1
2,3,52,0,0,67,4.5566,12,1,0,200,67,[],1
2,3,52,0,0,61,4.4099,9,1,0,200,61,[],1
2,3,47,0,0,52,4.8492,8,1,0,200,52,[],1
2,3,50,0,0,266,5.0946,39,1,0,200,266,[],1
2,3,50,0,0,256,5.0029,36,1,0,200,256,[],1
3,3,49,0,0,272,4.9681,37,1,0,200,272,[],1
2,3,49,0,0,316,5.1049,49,1,0,200,316,[],1
2,3,49,0,0,328,5.1465,43,1,0,200,328,[],1
2,3,49,0,0,279,5.0644,40,1,0,200,279,[],1
2,3,48,0,0,60,4.5318,13,1,0,200,60,[],1
2,3,52,0,0,61,4.2792,12,1,0,200,61,[],1
2,3,52,0,0,118,4.8485,21,1,0,200,118,[],1
2,3,52,0,0,65,4.594,11,1,0,200,65,[],1
2,3,52,0,0,59,4.2218,11,1,0,200,59,[],1
2,3,47,0,0,115,4.533,17,1,0,200,115,[],1
3,3,50,0,0,277,5.0999,43,1,0,200,277,[],1
2,3,50,0,0,287,5.1184,46,1,0,200,287,[],1
2,3,50,0,0,278,5.1087,43,1,0,200,278,[],1
3,3,49,0,0,247,5.0095,36,1,0,200,247,[],1
2,3,49,0,0,247,5.017,36,1,0,200,247,[],1
2,3,52,0,0,62,4.4649,10,1,0,200,62,[],1
2,3,52,0,0,59,4.2903,9,1,0,200,59,[],1
1,3,405,13,354,0,0.0,0,1,0,200,0,[],1
2,3,50,0,0,354,5.1658,48,1,0,200,354,[],1
2,3,50,0,0,274,5.0127,39,1,0,200,274,[],1
2,3,50,0,0,273,5.0076,38,1,0,200,273,[],1
2,3,50,0,0,275,5.0325,38,1,0,200,275,[],1
2,3,49,0,0,306,5.1715,46,1,0,200,306,[],1
2,3,49,0,0,265,5.0501,35,1,0,200,265,[],1
2,3,49,0,0,266,5.059,35,1,0,200,266,[],1
3,3,48,0,0,72,4.6114,13,1,0,200,72,[],1
2,3,48,0,0,75,4.6855,17,1,0,200,75,[],1
2,3,52,0,0,67,4.4055,10,1,0,200,67,[],1
2,3,52,0,0,66,4.2571,9,1,0,200,66,[],1
1,3,390,13,339,0,0.0,0,1,0,200,0,[],1
2,3,50,0,0,339,5.0714,54,1,0,200,339,[],1
2,3,50,0,0,283,5.016,42,1,0,200,283,[],1
2,3,50,0,0,287,4.9987,41,1,0,200,287,[],1
2,3,49,0,0,256,4.9976,36,1,0,200,256,[],1
2,3,49,0,0,257,4.9914,36,1,0,200,257,[],1
1,4,84,0,0,0,0.0,0,1,0,200,0,[],1
2,3,52,0,0,72,4.5462,12,1,0,200,72,[],1
2,3,52,0,0,61,4.3652,9,1,0,200,61,[],1
2,3,47,0,0,47,4.4669,7,1,0,200,47,[],1
2,3,47,0,0,94,4.4683,23,1,0,200,94,[],1
2,3,50,0,0,254,5.0226,38,1,0,200,254,[],1
2,3,50,0,0,253,5.0156,36,1,0,200,253,[],1
2,3,50,0,0,261,5.0548,37,1,0,200,261,[],1
2,3,49,0,0,313,5.0638,52,1,0,200,313,[],1
2,3,49,0,0,257,4.9373,38,1,0,200,257,[],1
2,3,49,0,0,258,4.9586,37,1,0,200,258,[],1
2,3,49,0,0,260,4.9488,37,1,0,200,260,[],1
2,3,48,0,0,138,4.9157,22,1,0,200,138,[],1
2,3,48,0,0,78,4.5686,16,1,0,200,78,[],1
2,3,48,0,0,76,4.5222,15,1,0,200,76,[],1
1,3,287,5,234,0,0.0,0,1,0,200,0,[],1
2,3,52,0,0,234,4.8523,37,1,0,200,234,[],1
2,3,52,0,0,171,4.6858,24,1,0,200,171,[],1
2,3,52,0,0,74,4.4153,11,1,0,200,74,[],1
2,3,52,0,0,65,4.3242,10,1,0,200,65,[],1
2,3,47,0,0,114,4.7266,14,1,0,200,114,[],1
2,3,50,0,0,269,5.0419,40,1,0,200,269,[],1
2,3,49,0,0,278,5.0078,48,1,0,200,278,[],1
2,3,49,0,0,241,5.0473,35,1,0,200,241,[],1
2,3,49,0,0,242,5.048,35,1,0,200,242,[],1
2,3,48,0,0,133,4.9162,20,1,0,200,133,[],1
2,3,48,0,0,121,4.6586,30,1,0,200,121,[],1
2,3,52,0,0,62,4.4237,9,1,0,200,62,[],1
2,3,50,0,0,236,4.9582,34,1,0,200,236,[],1
2,3,50,0,0,245,5.0101,35,1,0,200,245,[],1
3,3,49,0,0,228,5.0061,35,1,0,200,228,[],1
2,3,49,0,0,233,5.0263,36,1,0,200,233,[],1
2,3,49,0,0,229,5.0127,35,1,0,200,229,[],1
2,3,48,0,0,55,4.5926,11,1,0,200,55,[],1
2,3,52,0,0,135,5.1279,27,1,0,200,135,[],1
2,3,52,0,0,67,4.6221,11,1,0,200,67,[],1
2,3,52,0,0,65,4.5648,10,1,0,200,65,[],1
2,3,50,0,0,229,4.91,34,1,0,200,229,[],1
2,3,50,0,0,245,4.9709,35,1,0,200,245,[],1
2,3,50,0,0,241,4.9699,33,1,0,200,241,[],1
3,3,49,0,0,234,5.0965,34,1,0,200,234,[],1
2,3,49,0,0,239,5.1185,35,1,0,200,239,[],1
2,3,49,0,0,241,5.1316,37,1,0,200,241,[],1
2,3,49,0,0,235,5.1145,34,1,0,200,235,[],1
2,3,48,0,0,84,4.5786,17,1,0,200,84,[],1
2,3,48,0,0,110,4.7516,25,1,0,200,110,[],1
2,3,52,0,0,128,4.9031,16,1,0,200,128,[],1
2,3,52,0,0,111,4.9021,14,1,0,200,111,[],1
2,3,52,0,0,65,4.307,10,1,0,200,65,[],1
2,3,52,0,0,63,4.2074,9,1,0,200,63,[],1
2,3,47,0,0,114,4.2966,29,1,0,200,114,[],1
2,3,50,0,0,244,5.0261,37,1,0,200,244,[],1
2,3,50,0,0,241,4.9964,36,1,0,200,241,[],1
2,3,49,0,0,282,5.165,49,1,0,200,282,[],1
2,3,49,0,0,238,5.0892,37,1,0,200,238,[],1
2,3,49,0,0,239,5.0938,37,1,0,200,239,[],1
1,3,154,5,105,0,0.0,0,1,0,200,0,[],1
2,3,48,0,0,105,4.8296,16,1,0,200,105,[],1
2,3,48,0,0,77,4.6414,16,1,0,200,77,[],1
2,3,52,0,0,107,4.8412,14,1,0,200,107,[],1
2,3,52,0,0,62,4.4803,10,1,0,200,62,[],1
2,3,50,0,0,267,5.0772,40,1,0,200,267,[],1
2,3,50,0,0,259,5.1091,37,1,0,200,259,[],1
2,3,49,0,0,248,5.0137,36,1,0,200,248,[],1
2,3,48,0,0,141,5.0794,30,1,0,200,141,[],1
2,3,48,0,0,75,4.5074,15,1,0,200,75,[],1
2,3,52,0,0,72,4.6629,12,1,0,200,72,[],1
2,3,50,0,0,302,5.0936,52,1,0,200,302,[],1
2,3,50,0,0,260,5.0299,37,1,0,200,260,[],1
2,3,50,0,0,260,5.0386,36,1,0,200,260,[],1
1,3,338,13,288,0,0.0,0,1,0,200,0,[],1
2,3,49,0,0,288,5.0642,49,1,0,200,288,[],1
2,3,49,0,0,244,4.9172,34,1,0,200,244,[],1
2,3,49,0,0,243,4.8847,33,1,0,200,243,[],1
2,3,48,0,0,112,4.9336,24,1,0,200,112,[],1
2,3,52,0,0,78,4.4504,13,1,0,200,78,[],1
1,3,125,3,77,0,0.0,0,1,0,200,0,[],1
2,3,47,0,0,77,4.6873,9,1,0,200,77,[],1
2,3,50,0,0,250,4.9855,34,1,0,200,250,[],1
2,3,50,0,0,312,5.2448,50,1,0,200,312,[],1
2,3,50,0,0,255,5.008,35,1,0,200,255,[],1
2,3,50,0,0,248,4.979,33,1,0,200,248,[],1
2,3,49,0,0,323,5.2353,52,1,0,200,323,[],1
2,3,49,0,0,247,4.9662,36,1,0,200,247,[],1
2,3,49,0,0,250,4.963,35,1,0,200,250,[],1
2,3,52,0,0,81,4.5884,16,1,0,200,81,[],1
2,3,52,0,0,67,4.422,12,1,0,200,67,[],1
2,3,52,0,0,60,4.2421,9,1,0,200,60,[],1
2,3,50,0,0,261,5.1106,39,1,0,200,261,[],1
2,3,50,0,0,257,5.0781,38,1,0,200,257,[],1
2,3,50,0,0,259,5.118,38,1,0,200,259,[],1
2,3,49,0,0,291,5.1435,53,1,0,200,291,[],1
2,3,49,0,0,244,5.0949,39,1,0,200,244,[],1
2,3,49,0,0,238,5.0479,38,1,0,200,238,[],1
2,3,48,0,0,70,4.5085,14,1,0,200,70,[],1
2,3,48,0,0,82,4.6837,18,1,0,200,82,[],1
2,3,52,0,0,70,4.2553,11,1,0,200,70,[],1
2,3,52,0,0,61,4.1112,9,1,0,200,61,[],1
2,3,50,0,0,337,5.1381,45,1,0,200,337,[],1
2,3,50,0,0,282,5.0332,40,1,0,200,282,[],1
1,3,351,13,301,0,0.0,0,1,0,200,0,[],1
2,3,49,0,0,301,5.1159,43,1,0,200,301,[],1
2,3,49,0,0,259,5.1359,35,1,0,200,259,[],1
1,3,209,5,160,0,0.0,0,1,0,200,0,[],1
2,3,48,0,0,160,4.8536,27,1,0,200,160,[],1
2,3,48,0,0,76,4.5912,15,1,0,200,76,[],1
2,3,52,0,0,72,4.4283,12,1,0,200,72,[],1
2,3,52,0,0,62,4.3269,9,1,0,200,62,[],1
2,3,47,0,0,88,4.5233,23,1,0,200,88,[],1
2,3,47,0,0,33,4.0815,6,1,0,200,33,[],1
2,3,50,0,0,260,4.9648,39,1,0,200,260,[],1
2,3,50,0,0,249,4.8891,39,1,0,200,249,[],1
2,3,50,0,0,257,4.9309,38,1,0,200,257,[],1
2,3,50,0,0,258,4.9586,38,1,0,200,258,[],1
2,3,49,0,0,261,5.0067,40,1,0,200,261,[],1
2,3,49,0,0,236,4.9517,34,1,0,200,236,[],1
2,3,49,0,0,239,4.9468,33,1,0,200,239,[],1
2,3,49,0,0,240,4.9268,33,1,0,200,240,[],1
2,3,48,0,0,108,4.7744,24,1,0,200,108,[],1
2,3,48,0,0,82,4.7081,18,1,0,200,82,[],1
2,3,52,0,0,124,5.0293,19,1,0,200,124,[],1
2,3,52,0,0,74,4.7209,12,1,0,200,74,[],1
2,3,52,0,0,63,4.5902,9,1,0,200,63,[],1
2,3,47,0,0,127,4.5021,31,1,0,200,127,[],1
1,3,416,13,365,0,0.0,0,1,0,200,0,[],1
2,3,50,0,0,365,5.0763,50,1,0,200,365,[],1
2,3,50,0,0,263,5.0717,36,1,0,200,263,[],1
2,3,50,0,0,265,5.0314,36,1,0,200,265,[],1
2,3,49,0,0,248,5.0468,36,1,0,200,248,[],1
2,3,49,0,0,257,5.061,37,1,0,200,257,[],1
2,3,49,0,0,252,5.025,35,1,0,200,252,[],1
2,3,48,0,0,76,4.6662,14,1,0,200,76,[],1
2,3,52,0,0,163,4.6447,23,1,0,200,163,[],1
2,3,52,0,0,59,4.3847,10,1,0,200,59,[],1
2,3,52,0,0,56,4.2157,9,1,0,200,56,[],1
2,3,50,0,0,229,5.0461,36,1,0,200,229,[],1
2,3,50,0,0,235,5.1021,36,1,0,200,235,[],1
1,5,85,0,0,0,0.0,0,1,0,200,0,[],1
2,3,49,0,0,238,4.983,35,1,0,200,238,[],1
2,3,49,0,0,252,5.0086,36,1,0,200,252,[],1
2,3,49,0,0,245,4.9673,34,1,0,200,245,[],1
1,3,193,5,140,0,0.0,0,1,0,200,0,[],1
2,3,52,0,0,140,5.0035,19,1,0,200,140,[],1
2,3,52,0,0,61,4.3939,9,1,0,200,61,[],1
2,3,47,0,0,40,4.3342,8,1,0,200,40,[],1
2,3,50,0,0,320,5.1331,41,1,0,200,320,[],1
2,3,50,0,0,256,5.0075,38,1,0,200,256,[],1
2,3,50,0,0,265,5.0284,36,1,0,200,265,[],1
3,3,49,0,0,253,5.0761,33,1,0,200,253,[],1
2,3,49,0,0,277,5.0953,38,1,0,200,277,[],1
2,3,49,0,0,254,5.0854,33,1,0,200,254,[],1
1,3,207,5,158,0,0.0,0,1,0,200,0,[],1
2,3,48,0,0,158,4.6359,39,1,0,200,158,[],1
1,3,231,5,182,0,0.0,0,1,0,200,0,[],1
2,3,48,0,0,182,4.7603,29,1,0,200,182,[],1
2,3,48,0,0,75,4.5233,15,1,0,200,75,[],1
3,3,52,0,0,57,4.1908,9,1,0,200,57,[],1
2,3,52,0,0,137,4.8853,19,1,0,200,137,[],1
2,3,52,0,0,65,4.3541,10,1,0,200,65,[],1
2,3,47,0,0,91,4.7319,18,1,0,200,91,[],1
2,3,47,0,0,109,4.7898,15,1,0,200,109,[],1
2,3,50,0,0,263,5.0409,36,1,0,200,263,[],1
2,3,50,0,0,264,5.0507,36,1,0,200,264,[],1
2,3,49,0,0,323,5.1566,52,1,0,200,323,[],1
2,3,49,0,0,270,5.1246,39,1,0,200,270,[],1
2,3,49,0,0,271,5.1307,39,1,0,200,271,[],1
2,3,48,0,0,89,4.5951,20,1,0,200,89,[],1
2,3,52,0,0,133,4.9038,20,1,0,200,133,[],1
2,3,52,0,0,66,4.4536,12,1,0,200,66,[],1
2,3,52,0,0,64,4.4338,11,1,0,200,64,[],1
2,3,47,0,0,113,4.3038,29,1,0,200,113,[],1
2,3,50,0,0,339,5.2115,48,1,0,200,339,[],1
2,3,50,0,0,333,5.2183,48,1,0,200,333,[],1
2,3,50,0,0,259,5.0994,38,1,0,200,259,[],1
2,3,50,0,0,260,5.1181,38,1,0,200,260,[],1
2,3,48,0,0,42,3.6601,15,1,0,200,42,[],1
2,3,49,0,0,269,5.0348,41,1,0,200,269,[],1
2,3,49,0,0,297,5.1259,43,1,0,200,297,[],1
2,3,49,0,0,272,5.014,42,1,0,200,272,[],1
2,3,49,0,0,265,5.0309,40,1,0,200,265,[],1
2,3,52,0,0,70,4.397,12,1,0,200,70,[],1
2,3,52,0,0,64,4.3127,9,1,0,200,64,[],1
2,3,47,0,0,144,4.5351,21,1,0,200,144,[],1
2,3,50,0,0,266,5.0638,40,1,0,200,266,[],1
2,3,50,0,0,268,5.0736,37,1,0,200,268,[],1
2,3,50,0,0,260,5.0572,35,1,0,200,260,[],1
2,3,49,0,0,331,5.1932,43,1,0,200,331,[],1
2,3,49,0,0,270,5.0503,37,1,0,200,270,[],1
2,3,49,0,0,271,5.0504,37,1,0,200,271,[],1
2,3,52,0,0,69,4.5506,10,1,0,200,69,[],1
2,3,52,0,0,67,4.5362,10,1,0,200,67,[],1
2,3,52,0,0,65,4.3993,9,1,0,200,65,[],1
2,3,50,0,0,251,4.9952,37,1,0,200,251,[],1
2,3,49,0,0,263,5.017,40,1,0,200,263,[],1
2,3,49,0,0,259,5.0006,38,1,0,200,259,[],1
2,3,52,0,0,130,5.0965,26,1,0,200,130,[],1
2,3,52,0,0,67,4.5996,12,1,0,200,67,[],1
2,3,52,0,0,60,4.236,9,1,0,200,60,[],1
1,3,626,1,568,0,0.0,0,1,0,200,0,[],1
2,3,57,0,0,568,3.3358,112,1,0,200,568,[],1
2,3,47,0,0,84,4.4515,21,1,0,200,84,[],1
2,3,50,0,0,267,4.9683,41,1,0,200,267,[],1
2,3,50,0,0,270,5.0016,40,1,0,200,270,[],1
2,3,49,0,0,261,5.0491,41,1,0,200,261,[],1
2,3,49,0,0,259,5.0169,39,1,0,200,259,[],1
2,3,48,0,0,68,4.3961,13,1,0,200,68,[],1
3,3,52,0,0,58,4.1632,9,1,0,200,58,[],1
2,3,52,0,0,119,4.9108,15,1,0,200,119,[],1
2,3,52,0,0,60,4.3152,10,1,0,200,60,[],1
2,3,52,0,0,59,4.2166,9,1,0,200,59,[],1
2,3,50,0,0,253,5.0463,37,1,0,200,253,[],1
2,3,50,0,0,250,4.9604,32,1,0,200,250,[],1
2,3,50,0,0,248,4.9292,31,1,0,200,248,[],1
2,3,49,0,0,280,5.092,43,1,0,200,280,[],1
2,3,49,0,0,238,4.9411,33,1,0,200,238,[],1
2,3,52,0,0,100,4.6379,24,1,0,200,100,[],1
2,3,52,0,0,120,4.8549,16,1,0,200,120,[],1
2,3,52,0,0,62,4.2194,10,1,0,200,62,[],1
2,3,47,0,0,95,4.7908,12,1,0,200,95,[],1
2,3,50,0,0,239,5.025,32,1,0,200,239,[],1
2,3,50,0,0,235,4.9929,31,1,0,200,235,[],1
2,3,50,0,0,237,4.9971,31,1,0,200,237,[],1
1,3,478,13,428,0,0.0,0,1,0,200,0,[],1
2,3,49,0,0,428,5.0938,62,1,0,200,428,[],1
2,3,49,0,0,269,4.9155,36,1,0,200,269,[],1
2,3,49,0,0,268,4.985,35,1,0,200,268,[],1
2,3,48,0,0,119,4.9179,19,1,0,200,119,[],1
1,3,217,5,164,0,0.0,0,1,0,200,0,[],1
2,3,52,0,0,164,4.7279,23,1,0,200,164,[],1
2,3,52,0,0,62,4.4987,10,1,0,200,62,[],1
2,3,52,0,0,61,4.4267,9,1,0,200,61,[],1
2,3,47,0,0,52,4.4102,12,1,0,200,52,[],1
2,3,50,0,0,269,5.0607,44,1,0,200,269,[],1
2,3,50,0,0,249,4.9928,35,1,0,200,249,[],1
2,3,50,0,0,238,4.9752,33,1,0,200,238,[],1
2,3,48,0,0,51,4.3736,11,1,0,200,51,[],1
2,3,52,0,0,69,4.4239,10,1,0,200,69,[],1
2,3,52,0,0,66,4.4211,10,1,0,200,66,[],1
2,3,47,0,0,109,4.5993,28,1,0,200,109,[],1
2,3,47,0,0,44,4.1701,7,1,0,200,44,[],1
2,3,50,0,0,231,5.0364,32,1,0,200,231,[],1
2,3,49,0,0,260,5.067,36,1,0,200,260,[],1
2,3,49,0,0,264,5.0902,36,1,0,200,264,[],1
2,3,52,0,0,105,4.8269,14,1,0,200,105,[],1
2,3,52,0,0,62,4.5409,11,1,0,200,62,[],1
2,3,52,0,0,60,4.5131,10,1,0,200,60,[],1
1,3,102,1,53,0,0.0,0,1,0,200,0,[],1
2,3,48,0,0,53,4.4307,13,1,0,200,53,[],1
2,3,47,0,0,41,4.2571,6,1,0,200,41,[],1
2,3,50,0,0,257,5.0755,36,1,0,200,257,[],1
2,3,49,0,0,263,4.9747,35,1,0,200,263,[],1
2,3,49,0,0,266,4.9857,37,1,0,200,266,[],1
2,3,49,0,0,259,4.9809,34,1,0,200,259,[],1
1,3,267,5,218,0,0.0,0,1,0,200,0,[],1
2,3,48,0,0,218,4.8595,37,1,0,200,218,[],1
2,3,52,0,0,68,4.2493,11,1,0,200,68,[],1
2,3,52,0,0,63,4.1602,9,1,0,200,63,[],1
2,3,47,0,0,117,5.0492,24,1,0,200,117,[],1
2,3,50,0,0,321,5.1905,46,1,0,200,321,[],1
2,3,50,0,0,255,5.059,37,1,0,200,255,[],1
2,3,50,0,0,256,5.0497,36,1,0,200,256,[],1
2,3,50,0,0,258,5.0783,36,1,0,200,258,[],1
2,3,49,0,0,277,5.0551,39,1,0,200,277,[],1
2,3,49,0,0,279,5.0647,42,1,0,200,279,[],1
2,3,49,0,0,265,5.0315,36,1,0,200,265,[],1
2,3,49,0,0,273,5.0457,38,1,0,200,273,[],1
2,3,48,0,0,135,4.9848,20,1,0,200,135,[],1
2,3,52,0,0,71,4.5865,13,1,0,200,71,[],1
2,3,52,0,0,59,4.4864,10,1,0,200,59,[],1
2,3,52,0,0,59,4.2771,9,1,0,200,59,[],1
2,3,48,0,0,38,3.9682,3,1,0,200,38,[],1
1,3,140,3,92,0,0.0,0,1,0,200,0,[],1
2,3,47,0,0,92,4.6828,20,1,0,200,92,[],1
2,3,47,0,0,43,4.3594,7,1,0,200,43,[],1
2,3,50,0,0,256,4.979,37,1,0,200,256,[],1
2,3,50,0,0,248,4.9425,34,1,0,200,248,[],1
2,3,49,0,0,319,5.0214,48,1,0,200,319,[],1
2,3,49,0,0,239,4.9569,36,1,0,200,239,[],1
2,3,49,0,0,240,4.9573,36,1,0,200,240,[],1
2,3,48,0,0,72,4.5559,13,1,0,200,72,[],1
2,3,52,0,0,129,4.6921,30,1,0,200,129,[],1
2,3,52,0,0,62,4.3253,10,1,0,200,62,[],1
2,3,52,0,0,66,4.2832,10,1,0,200,66,[],1
2,3,52,0,0,64,4.1838,9,1,0,200,64,[],1
3,3,50,0,0,262,5.0604,37,1,0,200,262,[],1
2,3,50,0,0,265,5.0987,39,1,0,200,265,[],1
2,3,50,0,0,263,5.0667,37,1,0,200,263,[],1
2,3,49,0,0,324,5.1569,46,1,0,200,324,[],1
2,3,49,0,0,275,5.0908,40,1,0,200,275,[],1
2,3,49,0,0,262,5.11,37,1,0,200,262,[],1
2,3,52,0,0,62,4.3516,9,1,0,200,62,[],1
2,3,47,0,0,45,4.35,9,1,0,200,45,[],1
3,3,50,0,0,231,4.937,33,1,0,200,231,[],1
2,3,50,0,0,240,4.9922,35,1,0,200,240,[],1
1,3,264,13,213,0,0.0,0,1,0,200,0,[],1
2,3,50,0,0,213,4.8217,29,1,0,200,213,[],1
2,3,50,0,0,232,4.9799,34,1,0,200,232,[],1
2,3,50,0,0,232,4.9558,33,1,0,200,232,[],1
3,3,49,0,0,245,5.08,41,1,0,200,245,[],1
2,3,49,0,0,309,5.0899,59,1,0,200,309,[],1
2,3,49,0,0,248,5.0591,41,1,0,200,248,[],1
2,3,49,0,0,246,5.0843,41,1,0,200,246,[],1
2,3,48,0,0,96,4.6288,22,1,0,200,96,[],1
2,3,52,0,0,65,4.4241,10,1,0,200,65,[],1
2,3,57,0,0,45,4.2384,12,1,0,200,45,[],1
2,3,47,0,0,65,4.5095,14,1,0,200,65,[],1
1,3,116,3,68,0,0.0,0,1,0,200,0,[],1
2,3,47,0,0,68,4.6364,19,1,0,200,68,[],1
2,3,50,0,0,340,5.0166,64,1,0,200,340,[],1
2,3,50,0,0,279,4.9672,43,1,0,200,279,[],1
2,3,50,0,0,280,4.9675,43,1,0,200,280,[],1
2,3,49,0,0,249,5.1135,35,1,0,200,249,[],1
2,3,49,0,0,236,5.0706,34,1,0,200,236,[],1
2,3,49,0,0,241,5.1481,36,1,0,200,241,[],1
2,3,49,0,0,245,5.093,34,1,0,200,245,[],1
2,3,48,0,0,110,4.8181,22,1,0,200,110,[],1
2,3,52,0,0,62,4.3667,9,1,0,200,62,[],1
2,3,50,0,0,239,4.9589,33,1,0,200,239,[],1
2,3,49,0,0,288,5.1397,49,1,0,200,288,[],1
2,3,49,0,0,249,5.0024,35,1,0,200,249,[],1
2,3,49,0,0,250,5.0109,35,1,0,200,250,[],1
2,3,52,0,0,72,4.4733,13,1,0,200,72,[],1
2,3,52,0,0,66,4.2889,10,1,0,200,66,[],1
2,3,52,0,0,63,4.1184,9,1,0,200,63,[],1
1,3,145,3,97,0,0.0,0,1,0,200,0,[],1
2,3,47,0,0,97,4.798,12,1,0,200,97,[],1
2,3,47,0,0,42,4.2025,7,1,0,200,42,[],1
2,3,50,0,0,276,5.0486,43,1,0,200,276,[],1
2,3,50,0,0,274,5.0506,42,1,0,200,274,[],1
2,3,49,0,0,247,5.0054,37,1,0,200,247,[],1
2,3,49,0,0,245,5.0072,36,1,0,200,245,[],1
2,3,49,0,0,243,4.9911,36,1,0,200,243,[],1
2,3,48,0,0,149,5.1267,32,1,0,200,149,[],1
2,3,48,0,0,78,4.5623,16,1,0,200,78,[],1
2,3,52,0,0,69,4.6209,12,1,0,200,69,[],1
2,3,52,0,0,63,4.4235,9,1,0,200,63,[],1
3,3,50,0,0,261,5.0265,38,1,0,200,261,[],1
2,3,50,0,0,260,5.0282,39,1,0,200,260,[],1
2,3,50,0,0,262,5.0358,38,1,0,200,262,[],1
2,3,49,0,0,324,5.1439,45,1,0,200,324,[],1
2,3,49,0,0,294,5.0951,49,1,0,200,294,[],1
2,3,49,0,0,260,5.0129,35,1,0,200,260,[],1
2,3,49,0,0,261,5.0075,35,1,0,200,261,[],1
2,3,48,0,0,94,4.7106,20,1,0,200,94,[],1
2,3,48,0,0,131,4.9803,19,1,0,200,131,[],1
2,3,52,0,0,147,4.8072,22,1,0,200,147,[],1
2,3,52,0,0,82,4.6717,17,1,0,200,82,[],1
2,3,52,0,0,63,4.4044,10,1,0,200,63,[],1
2,3,47,0,0,92,4.7387,20,1,0,200,92,[],1
1,3,385,13,334,0,0.0,0,1,0,200,0,[],1
2,3,50,0,0,334,5.0542,45,1,0,200,334,[],1
2,3,50,0,0,251,5.0007,33,1,0,200,251,[],1
2,3,50,0,0,250,4.9777,33,1,0,200,250,[],1
2,3,48,0,0,73,4.6159,7,1,0,200,73,[],1
2,3,49,0,0,245,5.0161,37,1,0,200,245,[],1
2,3,49,0,0,288,4.9891,39,1,0,200,288,[],1
2,3,49,0,0,248,5.0301,36,1,0,200,248,[],1
2,3,52,0,0,70,4.5956,12,1,0,200,70,[],1
2,3,52,0,0,62,4.4405,9,1,0,200,62,[],1
1,3,366,13,315,0,0.0,0,1,0,200,0,[],1
2,3,50,0,0,315,5.1515,53,1,0,200,315,[],1
2,3,50,0,0,262,5.0881,40,1,0,200,262,[],1
2,3,50,0,0,263,5.09,40,1,0,200,263,[],1
2,3,49,0,0,824,4.4,148,1,0,200,824,[],1
2,3,49,0,0,275,5.0957,44,1,0,200,275,[],1
2,3,49,0,0,260,5.0658,37,1,0,200,260,[],1
2,3,49,0,0,261,5.0725,37,1,0,200,261,[],1
2,3,48,0,0,125,4.7892,20,1,0,200,125,[],1
2,3,52,0,0,115,4.8733,14,1,0,200,115,[],1
2,3,52,0,0,70,4.4857,11,1,0,200,70,[],1
2,3,52,0,0,60,4.2604,9,1,0,200,60,[],1
2,3,50,0,0,238,5.1118,34,1,0,200,238,[],1
2,3,50,0,0,252,5.1139,36,1,0,200,252,[],1
2,3,49,0,0,319,5.1737,46,1,0,200,319,[],1
2,3,49,0,0,271,5.0453,37,1,0,200,271,[],1
2,3,49,0,0,256,5.0495,36,1,0,200,256,[],1
2,3,48,0,0,110,4.7152,25,1,0,200,110,[],1
3,3,52,0,0,59,4.2301,9,1,0,200,59,[],1
1,3,170,5,117,0,0.0,0,1,0,200,0,[],1
2,3,52,0,0,117,4.8903,15,1,0,200,117,[],1
2,3,52,0,0,62,4.3816,10,1,0,200,62,[],1
2,3,52,0,0,60,4.2819,9,1,0,200,60,[],1
2,3,48,0,0,31,3.7166,8,1,0,200,31,[],1
2,3,47,0,0,34,4.315,6,1,0,200,34,[],1
2,3,50,0,0,314,5.1722,46,1,0,200,314,[],1
2,3,50,0,0,248,5.0356,39,1,0,200,248,[],1
2,3,50,0,0,249,5.023,39,1,0,200,249,[],1
2,3,49,0,0,277,5.0184,52,1,0,200,277,[],1
2,3,49,0,0,245,4.9629,36,1,0,200,245,[],1
2,3,49,0,0,238,4.9271,33,1,0,200,238,[],1
2,3,52,0,0,67,4.4259,11,1,0,200,67,[],1
2,3,52,0,0,64,4.3634,10,1,0,200,64,[],1
2,3,47,0,0,82,4.6176,15,1,0,200,82,[],1
2,3,50,0,0,301,5.0493,47,1,0,200,301,[],1
2,3,50,0,0,256,4.9123,35,1,0,200,256,[],1
2,3,50,0,0,258,4.9309,35,1,0,200,258,[],1
2,3,49,0,0,259,5.0633,38,1,0,200,259,[],1
2,3,49,0,0,267,5.1204,38,1,0,200,267,[],1
2,3,49,0,0,262,5.0865,37,1,0,200,262,[],1
2,3,48,0,0,130,4.9456,23,1,0,200,130,[],1
2,3,52,0,0,58,4.2937,9,1,0,200,58,[],1
2,3,50,0,0,247,5.0005,36,1,0,200,247,[],1
2,3,50,0,0,242,5.0069,36,1,0,200,242,[],1
2,3,50,0,0,243,5.0035,35,1,0,200,243,[],1
3,3,49,0,0,248,4.9598,35,1,0,200,248,[],1
2,3,49,0,0,251,4.9796,36,1,0,200,251,[],1
2,3,49,0,0,252,5.0087,39,1,0,200,252,[],1
2,3,49,0,0,249,4.9696,35,1,0,200,249,[],1
2,3,48,0,0,117,4.8283,23,1,0,200,117,[],1
3,3,52,0,0,66,4.1753,10,1,0,200,66,[],1
2,3,52,0,0,68,4.2662,11,1,0,200,68,[],1
2,3,47,0,0,115,4.6132,17,1,0,200,115,[],1
2,3,50,0,0,319,5.076,44,1,0,200,319,[],1
2,3,50,0,0,234,4.9869,32,1,0,200,234,[],1
2,3,49,0,0,236,5.1238,38,1,0,200,236,[],1
2,3,49,0,0,248,5.1579,40,1,0,200,248,[],1
2,3,49,0,0,244,5.1204,37,1,0,200,244,[],1
2,3,48,0,0,118,4.8111,18,1,0,200,118,[],1
2,3,52,0,0,66,4.2294,10,1,0,200,66,[],1
2,3,47,0,0,128,4.7076,19,1,0,200,128,[],1
2,3,50,0,0,303,5.1254,42,1,0,200,303,[],1
2,3,50,0,0,330,5.1242,48,1,0,200,330,[],1
2,3,50,0,0,247,4.9749,39,1,0,200,247,[],1
2,3,49,0,0,319,5.0721,50,1,0,200,319,[],1
2,3,49,0,0,251,4.9622,33,1,0,200,251,[],1
2,3,49,0,0,271,4.9408,35,1,0,200,271,[],1
1,3,685,5,636,0,0.0,0,1,0,200,0,[],1
2,3,48,0,0,636,3.7982,124,1,0,200,636,[],1
2,3,52,0,0,79,4.8685,11,1,0,200,79,[],1
2,3,52,0,0,64,4.3595,11,1,0,200,64,[],1
2,3,52,0,0,63,4.368,10,1,0,200,63,[],1
2,3,57,0,0,43,3.6878,15,1,0,200,43,[],1
1,3,134,3,86,0,0.0,0,1,0,200,0,[],1
2,3,47,0,0,86,4.7614,9,1,0,200,86,[],1
2,3,47,0,0,35,4.229,6,1,0,200,35,[],1
2,3,50,0,0,266,5.0179,37,1,0,200,266,[],1
2,3,50,0,0,264,5.0393,38,1,0,200,264,[],1
2,3,50,0,0,262,5.0136,36,1,0,200,262,[],1
2,3,49,0,0,304,5.1322,53,1,0,200,304,[],1
2,3,49,0,0,311,5.109,52,1,0,200,311,[],1
2,3,49,0,0,272,5.0694,42,1,0,200,272,[],1
2,3,49,0,0,266,5.0234,39,1,0,200,266,[],1
2,3,48,0,0,133,4.9094,20,1,0,200,133,[],1
2,3,48,0,0,51,4.5061,11,1,0,200,51,[],1
2,3,52,0,0,113,4.8942,14,1,0,200,113,[],1
2,3,52,0,0,65,4.398,9,1,0,200,65,[],1
2,3,47,0,0,42,4.2025,8,1,0,200,42,[],1
1,3,404,13,353,0,0.0,0,1,0,200,0,[],1
2,3,50,0,0,353,5.1759,51,1,0,200,353,[],1
2,3,50,0,0,302,5.0957,48,1,0,200,302,[],1
2,3,50,0,0,293,5.083,45,1,0,200,293,[],1
1,3,409,13,359,0,0.0,0,1,0,200,0,[],1
2,3,49,0,0,359,5.0366,49,1,0,200,359,[],1
2,3,49,0,0,296,5.1267,40,1,0,200,296,[],1
2,3,49,0,0,267,5.0832,40,1,0,200,267,[],1
2,3,49,0,0,250,5.0324,35,1,0,200,250,[],1
2,3,52,0,0,133,5.0572,26,1,0,200,133,[],1
2,3,52,0,0,66,4.6066,11,1,0,200,66,[],1
2,3,52,0,0,60,4.1125,9,1,0,200,60,[],1
3,3,50,0,0,262,4.9013,36,1,0,200,262,[],1
2,3,50,0,0,342,5.0822,46,1,0,200,342,[],1
1,3,369,13,318,0,0.0,0,1,0,200,0,[],1
2,3,50,0,0,318,5.0658,42,1,0,200,318,[],1
2,3,50,0,0,262,4.8871,37,1,0,200,262,[],1
2,3,50,0,0,263,4.9187,36,1,0,200,263,[],1
2,3,49,0,0,317,5.2552,44,1,0,200,317,[],1
2,3,49,0,0,308,5.2102,58,1,0,200,308,[],1
2,3,49,0,0,262,5.1366,39,1,0,200,262,[],1
2,3,49,0,0,252,5.1298,37,1,0,200,252,[],1
2,3,52,0,0,70,4.5874,10,1,0,200,70,[],1
2,3,47,0,0,114,4.6604,17,1,0,200,114,[],1
2,3,50,0,0,313,5.1466,44,1,0,200,313,[],1
1,3,376,13,325,0,0.0,0,1,0,200,0,[],1
2,3,50,0,0,325,5.0856,58,1,0,200,325,[],1
2,3,50,0,0,260,5.0125,37,1,0,200,260,[],1
2,3,49,0,0,297,5.1153,46,1,0,200,297,[],1
2,3,49,0,0,307,5.1377,56,1,0,200,307,[],1
2,3,49,0,0,255,5.0039,38,1,0,200,255,[],1
2,3,49,0,0,257,5.0306,35,1,0,200,257,[],1
2,3,48,0,0,112,4.7816,25,1,0,200,112,[],1
2,3,52,0,0,71,4.3603,12,1,0,200,71,[],1
2,3,50,0,0,332,5.2679,56,1,0,200,332,[],1
2,3,50,0,0,268,5.0205,39,1,0,200,268,[],1
2,3,49,0,0,328,5.1256,58,1,0,200,328,[],1
1,3,872,13,822,0,0.0,0,1,0,200,0,[],1
2,3,49,0,0,822,4.4024,151,1,0,200,822,[],1
2,3,49,0,0,263,5.0716,42,1,0,200,263,[],1
2,3,49,0,0,265,5.0408,40,1,0,200,265,[],1
2,3,52,0,0,68,4.4693,11,1,0,200,68,[],1
2,3,52,0,0,56,4.1894,9,1,0,200,56,[],1
2,3,47,0,0,112,4.4973,26,1,0,200,112,[],1
2,3,50,0,0,309,5.1711,47,1,0,200,309,[],1
2,3,50,0,0,239,5.0416,38,1,0,200,239,[],1
2,3,49,0,0,322,5.2913,53,1,0,200,322,[],1
2,3,49,0,0,250,5.0163,36,1,0,200,250,[],1
2,3,49,0,0,249,5.0517,36,1,0,200,249,[],1
2,3,48,0,0,133,5.0219,23,1,0,200,133,[],1
2,3,52,0,0,120,4.9835,15,1,0,200,120,[],1
2,3,52,0,0,141,4.9209,20,1,0,200,141,[],1
2,3,52,0,0,65,4.5201,10,1,0,200,65,[],1
2,3,52,0,0,65,4.4282,10,1,0,200,65,[],1
2,3,47,0,0,88,4.7609,20,1,0,200,88,[],1
1,3,397,13,346,0,0.0,0,1,0,200,0,[],1
2,3,50,0,0,346,5.1606,59,1,0,200,346,[],1
1,3,377,13,326,0,0.0,0,1,0,200,0,[],1
2,3,50,0,0,326,5.1525,53,1,0,200,326,[],1
2,3,50,0,0,283,5.0821,39,1,0,200,283,[],1
2,3,50,0,0,281,5.0656,38,1,0,200,281,[],1
3,3,49,0,0,258,5.0636,36,1,0,200,258,[],1
1,3,418,13,368,0,0.0,0,1,0,200,0,[],1
2,3,49,0,0,368,5.0707,50,1,0,200,368,[],1
2,3,49,0,0,293,5.194,45,1,0,200,293,[],1
2,3,49,0,0,260,5.0663,38,1,0,200,260,[],1
2,3,49,0,0,259,5.0728,36,1,0,200,259,[],1
2,3,48,0,0,128,4.9242,19,1,0,200,128,[],1
2,3,52,0,0,69,4.5269,11,1,0,200,69,[],1
2,3,52,0,0,115,4.8107,15,1,0,200,115,[],1
2,3,52,0,0,68,4.3562,11,1,0,200,68,[],1
2,3,47,0,0,123,4.7106,17,1,0,200,123,[],1
2,3,47,0,0,82,4.7412,9,1,0,200,82,[],1
2,3,47,0,0,39,4.1091,5,1,0,200,39,[],1
2,3,50,0,0,243,4.9905,36,1,0,200,243,[],1
2,3,49,0,0,247,5.041,35,1,0,200,247,[],1
2,3,49,0,0,231,4.9768,35,1,0,200,231,[],1
2,3,49,0,0,243,5.0362,34,1,0,200,243,[],1
2,3,49,0,0,245,5.0393,34,1,0,200,245,[],1
2,3,52,0,0,75,4.6094,16,1,0,200,75,[],1
2,3,52,0,0,62,4.3131,10,1,0,200,62,[],1
2,3,52,0,0,60,4.2111,9,1,0,200,60,[],1
2,3,50,0,0,254,5.0818,33,1,0,200,254,[],1
2,3,50,0,0,294,5.0998,42,1,0,200,294,[],1
2,3,50,0,0,237,4.9015,33,1,0,200,237,[],1
2,3,50,0,0,238,4.9184,32,1,0,200,238,[],1
2,3,49,0,0,251,4.9751,35,1,0,200,251,[],1
2,3,49,0,0,252,4.9508,35,1,0,200,252,[],1
3,3,48,0,0,71,4.5799,13,1,0,200,71,[],1
2,3,48,0,0,74,4.5916,17,1,0,200,74,[],1
3,3,52,0,0,57,4.1874,9,1,0,200,57,[],1
2,3,52,0,0,61,4.4243,10,1,0,200,61,[],1
2,3,47,0,0,109,4.7955,14,1,0,200,109,[],1
2,3,50,0,0,269,4.9719,35,1,0,200,269,[],1
1,3,462,13,411,0,0.0,0,1,0,200,0,[],1
2,3,50,0,0,411,5.0748,59,1,0,200,411,[],1
2,3,50,0,0,261,4.9156,33,1,0,200,261,[],1
2,3,50,0,0,261,4.9196,33,1,0,200,261,[],1
2,3,49,0,0,248,5.0295,39,1,0,200,248,[],1
2,3,49,0,0,293,5.0665,51,1,0,200,293,[],1
2,3,49,0,0,252,5.0377,38,1,0,200,252,[],1
2,3,49,0,0,246,5.0363,38,1,0,200,246,[],1
2,3,52,0,0,65,4.3632,12,1,0,200,65,[],1
2,3,52,0,0,64,4.4807,10,1,0,200,64,[],1
2,3,47,0,0,115,4.5967,17,1,0,200,115,[],1
2,3,47,0,0,109,4.8235,15,1,0,200,109,[],1
1,3,392,13,341,0,0.0,0,1,0,200,0,[],1
2,3,50,0,0,341,5.1091,58,1,0,200,341,[],1
2,3,50,0,0,251,5.1529,37,1,0,200,251,[],1
2,3,50,0,0,278,5.0617,40,1,0,200,278,[],1
2,3,49,0,0,269,5.1342,40,1,0,200,269,[],1
2,3,49,0,0,261,5.0747,36,1,0,200,261,[],1
3,3,48,0,0,75,4.56,15,1,0,200,75,[],1
2,3,48,0,0,79,4.6025,16,1,0,200,79,[],1
2,3,52,0,0,77,4.8662,13,1,0,200,77,[],1
2,3,52,0,0,68,4.4303,12,1,0,200,68,[],1
2,3,52,0,0,57,4.4033,9,1,0,200,57,[],1
2,3,57,0,0,80,4.3833,10,1,0,200,80,[],1
3,3,47,0,0,36,4.0277,5,1,0,200,36,[],1
2,3,50,0,0,308,5.1193,49,1,0,200,308,[],1
2,3,50,0,0,255,5.0193,34,1,0,200,255,[],1
2,3,49,0,0,275,5.0079,38,1,0,200,275,[],1
2,3,49,0,0,266,5.0131,36,1,0,200,266,[],1
1,3,665,5,616,0,0.0,0,1,0,200,0,[],1
2,3,48,0,0,616,3.6909,121,1,0,200,616,[],1
1,3,275,5,222,0,0.0,0,1,0,200,0,[],1
2,3,52,0,0,222,4.8727,36,1,0,200,222,[],1
2,3,52,0,0,72,4.774,12,1,0,200,72,[],1
2,3,52,0,0,59,4.3058,9,1,0,200,59,[],1
2,3,47,0,0,104,4.7973,12,1,0,200,104,[],1
2,3,50,0,0,298,5.0707,45,1,0,200,298,[],1
2,3,50,0,0,249,4.9603,33,1,0,200,249,[],1
2,3,50,0,0,264,4.9605,34,1,0,200,264,[],1
2,3,49,0,0,229,5.0451,33,1,0,200,229,[],1
2,3,49,0,0,230,5.0367,33,1,0,200,230,[],1
2,3,48,0,0,152,4.8173,25,1,0,200,152,[],1
2,3,52,0,0,77,4.3835,16,1,0,200,77,[],1
2,3,52,0,0,134,4.704,21,1,0,200,134,[],1
2,3,52,0,0,59,4.1979,10,1,0,200,59,[],1
2,3,52,0,0,56,4.0101,9,1,0,200,56,[],1
2,3,50,0,0,276,5.0843,49,1,0,200,276,[],1
2,3,50,0,0,250,5.0045,42,1,0,200,250,[],1
2,3,50,0,0,248,4.9722,38,1,0,200,248,[],1
2,3,50,0,0,238,4.9835,35,1,0,200,238,[],1
2,3,49,0,0,254,5.0157,36,1,0,200,254,[],1
2,3,49,0,0,252,5.0736,37,1,0,200,252,[],1
3,3,48,0,0,66,4.4042,13,1,0,200,66,[],1
2,3,48,0,0,118,4.7826,23,1,0,200,118,[],1
2,3,48,0,0,131,4.7058,34,1,0,200,131,[],1
2,3,48,0,0,71,4.5405,16,1,0,200,71,[],1
2,3,52,0,0,61,4.4046,10,1,0,200,61,[],1
2,3,52,0,0,59,4.3048,9,1,0,200,59,[],1
2,3,50,0,0,260,5.0169,37,1,0,200,260,[],1
2,3,50,0,0,256,4.9859,34,1,0,200,256,[],1
2,3,49,0,0,310,5.1342,41,1,0,200,310,[],1
2,3,49,0,0,299,5.1287,44,1,0,200,299,[],1
2,3,49,0,0,245,5.0013,34,1,0,200,245,[],1
2,3,48,0,0,95,4.9749,19,1,0,200,95,[],1
1,3,144,5,91,0,0.0,0,1,0,200,0,[],1
2,3,52,0,0,91,4.6891,23,1,0,200,91,[],1
2,3,52,0,0,67,4.5719,10,1,0,200,67,[],1
2,3,47,0,0,107,4.8364,17,1,0,200,107,[],1
2,3,47,0,0,85,4.4374,23,1,0,200,85,[],1
2,3,50,0,0,283,5.2182,37,1,0,200,283,[],1
2,3,50,0,0,269,5.0662,37,1,0,200,269,[],1
2,3,50,0,0,267,5.0628,36,1,0,200,267,[],1
2,3,49,0,0,241,5.0082,36,1,0,200,241,[],1
2,3,49,0,0,316,5.0444,59,1,0,200,316,[],1
2,3,49,0,0,250,5.0454,38,1,0,200,250,[],1
2,3,49,0,0,241,5.0129,35,1,0,200,241,[],1
2,3,48,0,0,119,4.827,18,1,0,200,119,[],1
1,3,107,5,54,0,0.0,0,1,0,200,0,[],1
2,3,52,0,0,54,4.2969,10,1,0,200,54,[],1
2,3,52,0,0,59,4.218,10,1,0,200,59,[],1
2,3,57,0,0,50,3.5085,17,1,0,200,50,[],1
2,3,50,0,0,335,5.1109,59,1,0,200,335,[],1
2,3,50,0,0,258,5.0601,39,1,0,200,258,[],1
2,3,50,0,0,264,5.0151,39,1,0,200,264,[],1
2,3,50,0,0,252,5.0502,35,1,0,200,252,[],1
2,3,49,0,0,259,5.0526,39,1,0,200,259,[],1
2,3,49,0,0,251,5.0049,36,1,0,200,251,[],1
2,3,48,0,0,72,4.6281,14,1,0,200,72,[],1
2,3,48,0,0,79,4.5941,19,1,0,200,79,[],1
2,3,52,0,0,101,4.9078,23,1,0,200,101,[],1
2,3,52,0,0,69,4.7912,11,1,0,200,69,[],1
2,3,52,0,0,69,4.5842,13,1,0,200,69,[],1
2,3,52,0,0,63,4.5562,9,1,0,200,63,[],1
2,3,47,0,0,54,4.484,9,1,0,200,54,[],1
3,3,50,0,0,272,4.9757,40,1,0,200,272,[],1
2,3,50,0,0,273,4.9924,40,1,0,200,273,[],1
2,3,49,0,0,337,5.1509,55,1,0,200,337,[],1
2,3,49,0,0,282,5.0011,44,1,0,200,282,[],1
2,3,49,0,0,303,5.0739,46,1,0,200,303,[],1
2,3,49,0,0,294,5.0721,43,1,0,200,294,[],1
2,3,48,0,0,140,4.7342,36,1,0,200,140,[],1
2,3,52,0,0,68,4.6245,10,1,0,200,68,[],1
2,3,52,0,0,64,4.5081,9,1,0,200,64,[],1
2,3,47,0,0,75,4.5883,19,1,0,200,75,[],1
1,3,117,3,69,0,0.0,0,1,0,200,0,[],1
2,3,47,0,0,69,4.6913,16,1,0,200,69,[],1
1,3,276,13,225,0,0.0,0,1,0,200,0,[],1
2,3,50,0,0,225,5.0574,32,1,0,200,225,[],1
1,3,271,13,220,0,0.0,0,1,0,200,0,[],1
2,3,50,0,0,220,5.031,30,1,0,200,220,[],1
2,3,49,0,0,265,5.1454,39,1,0,200,265,[],1
2,3,49,0,0,262,5.1374,39,1,0,200,262,[],1
2,3,49,0,0,248,5.0777,35,1,0,200,248,[],1
2,3,49,0,0,263,5.1514,38,1,0,200,263,[],1
2,3,48,0,0,76,4.5748,15,1,0,200,76,[],1
2,3,52,0,0,61,4.425,10,1,0,200,61,[],1
2,3,57,0,0,21,4.1066,2,1,0,200,21,[],1
2,3,47,0,0,119,4.8005,16,1,0,200,119,[],1
2,3,47,0,0,119,4.336,31,1,0,200,119,[],1
2,3,50,0,0,279,5.0056,42,1,0,200,279,[],1
2,3,50,0,0,275,4.9919,41,1,0,200,275,[],1
2,3,48,0,0,34,4.5136,3,1,0,200,34,[],1
2,3,49,0,0,253,5.0382,38,1,0,200,253,[],1
2,3,49,0,0,230,4.9307,32,1,0,200,230,[],1
2,3,49,0,0,245,4.9464,35,1,0,200,245,[],1
2,3,52,0,0,135,5.2308,26,1,0,200,135,[],1
2,3,52,0,0,65,4.5358,10,1,0,200,65,[],1
2,3,57,0,0,88,3.7776,25,1,0,200,88,[],1
2,3,47,0,0,51,4.366,12,1,0,200,51,[],1
2,3,50,0,0,231,4.9903,34,1,0,200,231,[],1
2,3,50,0,0,271,5.0353,38,1,0,200,271,[],1
2,3,50,0,0,259,5.0353,35,1,0,200,259,[],1
2,3,49,0,0,261,5.0067,37,1,0,200,261,[],1
2,3,49,0,0,263,5.0039,36,1,0,200,263,[],1
2,3,48,0,0,133,4.7383,34,1,0,200,133,[],1
2,3,48,0,0,68,4.3961,14,1,0,200,68,[],1
3,3,52,0,0,59,4.0941,9,1,0,200,59,[],1
2,3,52,0,0,69,4.463,13,1,0,200,69,[],1
2,3,52,0,0,71,4.3795,12,1,0,200,71,[],1
2,3,52,0,0,60,4.1482,9,1,0,200,60,[],1
2,3,47,0,0,48,4.4605,8,1,0,200,48,[],1
2,3,50,0,0,345,5.0659,48,1,0,200,345,[],1
2,3,50,0,0,243,5.0645,36,1,0,200,243,[],1
2,3,50,0,0,236,5.0597,34,1,0,200,236,[],1
2,3,49,0,0,242,5.0364,35,1,0,200,242,[],1
2,3,49,0,0,240,5.0485,35,1,0,200,240,[],1
2,3,52,0,0,65,4.5047,10,1,0,200,65,[],1
2,3,52,0,0,63,4.4115,9,1,0,200,63,[],1
2,3,50,0,0,247,5.0735,37,1,0,200,247,[],1
2,3,50,0,0,246,5.0525,35,1,0,200,246,[],1
3,3,49,0,0,248,4.9967,34,1,0,200,248,[],1
2,3,49,0,0,247,4.9853,34,1,0,200,247,[],1
2,3,49,0,0,249,5.0144,34,1,0,200,249,[],1
2,3,52,0,0,110,4.7276,20,1,0,200,110,[],1
2,3,52,0,0,57,4.3729,11,1,0,200,57,[],1
2,3,52,0,0,62,4.3374,11,1,0,200,62,[],1
2,3,52,0,0,59,4.2242,10,1,0,200,59,[],1
2,3,47,0,0,42,4.3657,6,1,0,200,42,[],1
2,3,47,0,0,68,4.5134,19,1,0,200,68,[],1
2,3,50,0,0,248,4.9374,35,1,0,200,248,[],1
2,3,50,0,0,292,5.0209,47,1,0,200,292,[],1
2,3,50,0,0,243,4.9466,35,1,0,200,243,[],1
2,3,50,0,0,244,4.9171,34,1,0,200,244,[],1
2,3,49,0,0,251,5.139,38,1,0,200,251,[],1
2,3,49,0,0,263,5.1462,40,1,0,200,263,[],1
2,3,49,0,0,258,5.1277,37,1,0,200,258,[],1
2,3,48,0,0,143,4.8264,23,1,0,200,143,[],1
2,3,52,0,0,126,4.711,28,1,0,200,126,[],1
2,3,52,0,0,139,4.872,20,1,0,200,139,[],1
2,3,52,0,0,65,4.4318,11,1,0,200,65,[],1
2,3,47,0,0,87,4.6084,18,1,0,200,87,[],1
2,3,50,0,0,251,4.9481,34,1,0,200,251,[],1
2,3,50,0,0,243,4.9769,33,1,0,200,243,[],1
2,3,49,0,0,250,5.0615,38,1,0,200,250,[],1
2,3,49,0,0,247,5.0441,36,1,0,200,247,[],1
1,3,225,5,172,0,0.0,0,1,0,200,0,[],1
2,3,52,0,0,172,4.7193,23,1,0,200,172,[],1
2,3,52,0,0,66,4.5733,10,1,0,200,66,[],1
2,3,47,0,0,100,4.7868,13,1,0,200,100,[],1
2,3,50,0,0,320,5.1452,56,1,0,200,320,[],1
2,3,50,0,0,336,5.1678,48,1,0,200,336,[],1
2,3,50,0,0,269,4.9606,40,1,0,200,269,[],1
2,3,50,0,0,275,5.0733,40,1,0,200,275,[],1
2,3,49,0,0,257,5.2012,38,1,0,200,257,[],1
2,3,49,0,0,240,4.9958,37,1,0,200,240,[],1
2,3,49,0,0,241,5.0108,37,1,0,200,241,[],1
2,3,48,0,0,636,3.809,124,1,0,200,636,[],1
2,3,52,0,0,62,4.3612,10,1,0,200,62,[],1
2,3,52,0,0,60,4.2941,9,1,0,200,60,[],1
2,3,47,0,0,96,4.7286,20,1,0,200,96,[],1
1,3,440,13,389,0,0.0,0,1,0,200,0,[],1
2,3,50,0,0,389,5.0934,60,1,0,200,389,[],1
2,3,50,0,0,230,4.9849,35,1,0,200,230,[],1
1,3,279,13,228,0,0.0,0,1,0,200,0,[],1
2,3,50,0,0,228,4.9776,33,1,0,200,228,[],1
2,3,49,0,0,329,5.2269,50,1,0,200,329,[],1
2,3,49,0,0,256,4.9628,36,1,0,200,256,[],1
2,3,49,0,0,256,5.0016,33,1,0,200,256,[],1
2,3,48,0,0,241,4.8612,40,1,0,200,241,[],1
2,3,48,0,0,75,4.706,14,1,0,200,75,[],1
2,3,52,0,0,130,4.6825,19,1,0,200,130,[],1
2,3,52,0,0,55,4.2772,10,1,0,200,55,[],1
2,3,52,0,0,61,4.226,11,1,0,200,61,[],1
2,3,52,0,0,59,4.2453,9,1,0,200,59,[],1
2,3,50,0,0,248,5.0266,38,1,0,200,248,[],1
2,3,50,0,0,260,4.9788,39,1,0,200,260,[],1
2,3,50,0,0,252,5.002,37,1,0,200,252,[],1
2,3,49,0,0,265,5.0263,39,1,0,200,265,[],1
1,3,405,13,355,0,0.0,0,1,0,200,0,[],1
2,3,49,0,0,355,5.029,49,1,0,200,355,[],1
2,3,49,0,0,263,4.975,36,1,0,200,263,[],1
2,3,49,0,0,250,4.9855,35,1,0,200,250,[],1
3,3,52,0,0,56,4.1245,9,1,0,200,56,[],1
2,3,52,0,0,112,4.8469,14,1,0,200,112,[],1
2,3,52,0,0,102,4.7716,19,1,0,200,102,[],1
2,3,52,0,0,59,4.2854,10,1,0,200,59,[],1
2,3,52,0,0,57,4.1796,9,1,0,200,57,[],1
2,3,47,0,0,50,4.4713,12,1,0,200,50,[],1
1,3,425,13,374,0,0.0,0,1,0,200,0,[],1
2,3,50,0,0,374,5.0837,51,1,0,200,374,[],1
2,3,50,0,0,263,5.0092,37,1,0,200,263,[],1
2,3,49,0,0,312,5.2046,52,1,0,200,312,[],1
2,3,49,0,0,249,5.1295,34,1,0,200,249,[],1
2,3,48,0,0,118,4.8209,18,1,0,200,118,[],1
3,3,52,0,0,59,4.2681,9,1,0,200,59,[],1
2,3,52,0,0,125,4.9382,16,1,0,200,125,[],1
2,3,52,0,0,60,4.3193,9,1,0,200,60,[],1
2,3,47,0,0,94,4.8267,10,1,0,200,94,[],1
2,3,50,0,0,251,5.0689,38,1,0,200,251,[],1
2,3,50,0,0,249,5.0673,37,1,0,200,249,[],1
2,3,49,0,0,265,5.0856,41,1,0,200,265,[],1
2,3,49,0,0,264,5.0721,40,1,0,200,264,[],1
1,3,140,5,91,0,0.0,0,1,0,200,0,[],1
2,3,48,0,0,91,4.8221,24,1,0,200,91,[],1
2,3,52,0,0,66,4.222,10,1,0,200,66,[],1
2,3,52,0,0,65,4.1785,9,1,0,200,65,[],1
2,3,47,0,0,104,4.8001,13,1,0,200,104,[],1
2,3,47,0,0,113,4.4991,28,1,0,200,113,[],1
2,3,50,0,0,327,5.0302,56,1,0,200,327,[],1
2,3,50,0,0,263,5.0043,38,1,0,200,263,[],1
2,3,49,0,0,307,5.1185,40,1,0,200,307,[],1
2,3,49,0,0,264,5.0189,38,1,0,200,264,[],1
2,3,48,0,0,81,4.6854,18,1,0,200,81,[],1
2,3,52,0,0,123,4.6943,19,1,0,200,123,[],1
2,3,52,0,0,64,4.305,10,1,0,200,64,[],1
2,3,52,0,0,58,4.2445,9,1,0,200,58,[],1
2,3,50,0,0,284,4.9838,42,1,0,200,284,[],1
1,3,339,13,288,0,0.0,0,1,0,200,0,[],1
2,3,50,0,0,288,4.9896,40,1,0,200,288,[],1
1,5,68,0,0,0,0.0,0,1,0,200,0,[],1
2,3,49,0,0,230,4.9766,33,1,0,200,230,[],1
1,3,272,13,222,0,0.0,0,1,0,200,0,[],1
2,3,49,0,0,222,4.9722,33,1,0,200,222,[],1
2,3,49,0,0,236,5.0388,36,1,0,200,236,[],1
2,3,49,0,0,226,4.9514,32,1,0,200,226,[],1
3,3,52,0,0,60,4.2043,10,1,0,200,60,[],1
2,3,52,0,0,115,4.9352,16,1,0,200,115,[],1
2,3,52,0,0,68,4.3501,11,1,0,200,68,[],1
2,3,52,0,0,61,4.2561,10,1,0,200,61,[],1
2,3,50,0,0,245,4.9366,35,1,0,200,245,[],1
2,3,50,0,0,247,4.9372,34,1,0,200,247,[],1
2,3,50,0,0,248,4.9325,34,1,0,200,248,[],1
1,3,886,13,836,0,0.0,0,1,0,200,0,[],1
2,3,49,0,0,836,4.4212,152,1,0,200,836,[],1
2,3,49,0,0,282,5.0571,44,1,0,200,282,[],1
2,3,49,0,0,281,5.0138,41,1,0,200,281,[],1
2,3,48,0,0,82,4.714,18,1,0,200,82,[],1
2,3,52,0,0,98,4.6541,23,1,0,200,98,[],1
2,3,52,0,0,58,4.4027,10,1,0,200,58,[],1
2,3,52,0,0,60,4.2253,9,1,0,200,60,[],1
2,3,47,0,0,43,4.3305,6,1,0,200,43,[],1
2,3,47,0,0,199,4.812,32,1,0,200,199,[],1
2,3,50,0,0,259,5.14,41,1,0,200,259,[],1
2,3,50,0,0,255,5.1078,38,1,0,200,255,[],1
2,3,49,0,0,238,5.0436,35,1,0,200,238,[],1
2,3,49,0,0,260,5.0355,37,1,0,200,260,[],1
2,3,49,0,0,256,5.0415,36,1,0,200,256,[],1
1,3,151,5,102,0,0.0,0,1,0,200,0,[],1
2,3,48,0,0,102,4.6904,24,1,0,200,102,[],1
2,3,52,0,0,118,4.8487,15,1,0,200,118,[],1
2,3,52,0,0,66,4.2332,9,1,0,200,66,[],1
2,3,57,0,0,68,3.9844,19,1,0,200,68,[],1
2,3,47,0,0,139,4.5136,19,1,0,200,139,[],1
1,3,853,13,802,0,0.0,0,1,0,200,0,[],1
2,3,50,0,0,802,4.3684,145,1,0,200,802,[],1
2,3,50,0,0,254,5.0062,35,1,0,200,254,[],1
2,3,50,0,0,247,5.0852,34,1,0,200,247,[],1
2,3,49,0,0,327,5.1451,51,1,0,200,327,[],1
2,3,49,0,0,274,5.0579,36,1,0,200,274,[],1
1,3,134,5,85,0,0.0,0,1,0,200,0,[],1
2,3,48,0,0,85,4.9533,14,1,0,200,85,[],1
2,3,48,0,0,128,4.8978,19,1,0,200,128,[],1
2,3,52,0,0,101,4.8767,21,1,0,200,101,[],1
2,3,52,0,0,63,4.461,10,1,0,200,63,[],1
2,3,57,0,0,13,3.1808,3,1,0,200,13,[],1
2,3,47,0,0,144,4.5404,21,1,0,200,144,[],1
2,3,50,0,0,279,5.0765,37,1,0,200,279,[],1
2,3,50,0,0,306,5.1066,39,1,0,200,306,[],1
2,3,50,0,0,267,5.0291,36,1,0,200,267,[],1
2,3,50,0,0,271,5.0336,35,1,0,200,271,[],1
2,3,49,0,0,243,4.931,35,1,0,200,243,[],1
2,3,49,0,0,242,4.9593,35,1,0,200,242,[],1
2,3,48,0,0,131,4.9244,20,1,0,200,131,[],1
2,3,48,0,0,76,4.5286,15,1,0,200,76,[],1
2,3,52,0,0,66,4.3974,10,1,0,200,66,[],1
2,3,52,0,0,67,4.6297,10,1,0,200,67,[],1
3,3,50,0,0,250,5.011,36,1,0,200,250,[],1
2,3,50,0,0,310,5.1719,43,1,0,200,310,[],1
2,3,50,0,0,250,5.0041,37,1,0,200,250,[],1
2,3,50,0,0,251,5.0176,36,1,0,200,251,[],1
3,3,49,0,0,274,5.1321,41,1,0,200,274,[],1
2,3,49,0,0,274,5.1523,42,1,0,200,274,[],1
2,3,49,0,0,288,5.0941,44,1,0,200,288,[],1
2,3,49,0,0,275,5.1409,41,1,0,200,275,[],1
3,3,52,0,0,61,4.3203,9,1,0,200,61,[],1
2,3,52,0,0,109,4.896,13,1,0,200,109,[],1
2,3,52,0,0,58,4.5238,10,1,0,200,58,[],1
2,3,52,0,0,70,4.6116,11,1,0,200,70,[],1
2,3,52,0,0,62,4.3697,9,1,0,200,62,[],1
2,3,47,0,0,112,5.0639,22,1,0,200,112,[],1
2,3,50,0,0,294,5.0341,48,1,0,200,294,[],1
2,3,50,0,0,251,4.9631,37,1,0,200,251,[],1
2,3,50,0,0,251,4.9559,36,1,0,200,251,[],1
3,3,49,0,0,250,4.9972,38,1,0,200,250,[],1
2,3,49,0,0,281,5.0871,40,1,0,200,281,[],1
2,3,49,0,0,250,5.0045,38,1,0,200,250,[],1
2,3,49,0,0,251,5.0068,38,1,0,200,251,[],1
2,3,48,0,0,128,4.9247,19,1,0,200,128,[],1
2,3,52,0,0,104,4.7782,21,1,0,200,104,[],1
2,3,52,0,0,129,4.7029,20,1,0,200,129,[],1
2,3,47,0,0,47,4.4488,8,1,0,200,47,[],1
2,3,50,0,0,249,4.9864,34,1,0,200,249,[],1
2,3,50,0,0,240,4.974,34,1,0,200,240,[],1
2,3,50,0,0,245,4.9855,33,1,0,200,245,[],1
3,3,49,0,0,247,5.0194,36,1,0,200,247,[],1
2,3,49,0,0,247,5.0291,36,1,0,200,247,[],1
2,3,49,0,0,248,5.037,36,1,0,200,248,[],1
2,3,48,0,0,131,4.71,34,1,0,200,131,[],1
2,3,52,0,0,96,4.7026,23,1,0,200,96,[],1
2,3,52,0,0,60,4.3696,10,1,0,200,60,[],1
2,3,52,0,0,58,4.3021,9,1,0,200,58,[],1
2,3,50,0,0,288,5.0637,46,1,0,200,288,[],1
2,3,50,0,0,269,5.0658,40,1,0,200,269,[],1
2,3,50,0,0,267,5.0751,37,1,0,200,267,[],1
2,3,49,0,0,257,5.0585,36,1,0,200,257,[],1
2,3,49,0,0,264,5.0945,38,1,0,200,264,[],1
2,3,49,0,0,253,5.0498,35,1,0,200,253,[],1
3,3,48,0,0,71,4.5009,13,1,0,200,71,[],1
2,3,48,0,0,72,4.5162,13,1,0,200,72,[],1
2,3,52,0,0,62,4.4964,10,1,0,200,62,[],1
2,3,52,0,0,67,4.5155,12,1,0,200,67,[],1
2,3,52,0,0,60,4.4005,9,1,0,200,60,[],1
2,3,47,0,0,47,4.5095,7,1,0,200,47,[],1
2,3,50,0,0,270,5.092,38,1,0,200,270,[],1
2,3,50,0,0,262,5.1052,38,1,0,200,262,[],1
2,3,50,0,0,265,5.0944,39,1,0,200,265,[],1
2,3,50,0,0,262,5.0436,36,1,0,200,262,[],1
3,3,49,0,0,256,5.0118,35,1,0,200,256,[],1
2,3,49,0,0,273,5.1982,36,1,0,200,273,[],1
2,3,49,0,0,258,5.0539,37,1,0,200,258,[],1
2,3,49,0,0,257,5.0183,35,1,0,200,257,[],1
2,3,48,0,0,96,4.8166,23,1,0,200,96,[],1
2,3,52,0,0,62,4.422,10,1,0,200,62,[],1
2,3,52,0,0,68,4.1989,11,1,0,200,68,[],1
2,3,52,0,0,64,4.2144,9,1,0,200,64,[],1
1,3,196,3,148,0,0.0,0,1,0,200,0,[],1
2,3,47,0,0,148,4.5975,19,1,0,200,148,[],1
2,3,50,0,0,251,5.0884,37,1,0,200,251,[],1
3,3,49,0,0,239,4.9817,31,1,0,200,239,[],1
2,3,49,0,0,238,4.9787,31,1,0,200,238,[],1
2,3,49,0,0,240,4.9915,31,1,0,200,240,[],1
2,3,48,0,0,184,4.7752,29,1,0,200,184,[],1
2,3,52,0,0,63,4.3684,10,1,0,200,63,[],1
2,3,52,0,0,66,4.3661,11,1,0,200,66,[],1
2,3,52,0,0,59,4.1647,9,1,0,200,59,[],1
2,3,50,0,0,247,5.0371,39,1,0,200,247,[],1
2,3,50,0,0,260,4.9835,36,1,0,200,260,[],1
3,3,49,0,0,273,5.0456,39,1,0,200,273,[],1
2,3,49,0,0,325,5.147,45,1,0,200,325,[],1
2,3,49,0,0,275,5.0698,40,1,0,200,275,[],1
2,3,49,0,0,274,5.0619,39,1,0,200,274,[],1
2,3,48,0,0,146,4.7497,25,1,0,200,146,[],1
2,3,48,0,0,81,4.7007,18,1,0,200,81,[],1
3,3,52,0,0,59,4.2429,9,1,0,200,59,[],1
2,3,52,0,0,81,4.6965,16,1,0,200,81,[],1
2,3,52,0,0,65,4.1971,11,1,0,200,65,[],1
2,3,52,0,0,60,4.2945,9,1,0,200,60,[],1
2,3,57,0,0,70,4.486,8,1,0,200,70,[],1
2,3,47,0,0,102,4.6301,23,1,0,200,102,[],1
2,3,50,0,0,325,5.0877,57,1,0,200,325,[],1
2,3,50,0,0,237,4.9952,33,1,0,200,237,[],1
2,3,50,0,0,247,5.0364,36,1,0,200,247,[],1
2,3,50,0,0,242,5.0211,33,1,0,200,242,[],1
2,3,49,0,0,292,5.14,44,1,0,200,292,[],1
2,3,49,0,0,281,5.162,38,1,0,200,281,[],1
2,3,48,0,0,126,5.1586,27,1,0,200,126,[],1
2,3,52,0,0,68,4.4405,11,1,0,200,68,[],1
2,3,52,0,0,65,4.3362,11,1,0,200,65,[],1
2,3,52,0,0,64,4.3946,10,1,0,200,64,[],1
2,3,47,0,0,91,4.7089,11,1,0,200,91,[],1
3,3,50,0,0,254,5.0682,37,1,0,200,254,[],1
2,3,50,0,0,255,5.0695,37,1,0,200,255,[],1
2,3,50,0,0,255,5.0745,37,1,0,200,255,[],1
3,3,49,0,0,264,5.0295,38,1,0,200,264,[],1
2,3,49,0,0,292,5.1132,49,1,0,200,292,[],1
2,3,49,0,0,264,5.0435,38,1,0,200,264,[],1
2,3,49,0,0,265,5.0359,38,1,0,200,265,[],1
2,3,48,0,0,142,4.6703,34,1,0,200,142,[],1
2,3,48,0,0,87,4.6427,20,1,0,200,87,[],1
2,3,48,0,0,71,4.5299,14,1,0,200,71,[],1
2,3,52,0,0,114,4.8785,14,1,0,200,114,[],1
2,3,52,0,0,69,4.4851,13,1,0,200,69,[],1
2,3,52,0,0,61,4.2925,10,1,0,200,61,[],1
2,3,52,0,0,59,4.1889,9,1,0,200,59,[],1
1,3,256,3,208,0,0.0,0,1,0,200,0,[],1
2,3,47,0,0,208,4.8132,32,1,0,200,208,[],1
3,3,50,0,0,259,4.9466,38,1,0,200,259,[],1
2,3,50,0,0,319,5.0963,59,1,0,200,319,[],1
2,3,50,0,0,261,4.9468,39,1,0,200,261,[],1
2,3,50,0,0,260,4.9639,38,1,0,200,260,[],1
2,3,49,0,0,277,5.077,46,1,0,200,277,[],1
2,3,49,0,0,247,4.938,35,1,0,200,247,[],1
2,3,49,0,0,244,4.9507,33,1,0,200,244,[],1
2,3,48,0,0,73,4.5596,16,1,0,200,73,[],1
2,3,52,0,0,59,4.2429,10,1,0,200,59,[],1
2,3,52,0,0,71,4.6247,12,1,0,200,71,[],1
2,3,52,0,0,57,4.1356,9,1,0,200,57,[],1
2,3,47,0,0,104,4.6469,26,1,0,200,104,[],1
2,3,50,0,0,282,5.0157,40,1,0,200,282,[],1
2,3,50,0,0,277,5.0074,39,1,0,200,277,[],1
2,3,50,0,0,278,5.0106,39,1,0,200,278,[],1
2,3,49,0,0,258,5.0998,38,1,0,200,258,[],1
2,3,49,0,0,250,5.0771,34,1,0,200,250,[],1
1,3,230,5,181,0,0.0,0,1,0,200,0,[],1
2,3,48,0,0,181,4.7649,27,1,0,200,181,[],1
2,3,48,0,0,85,4.7644,17,1,0,200,85,[],1
2,3,52,0,0,101,4.7383,21,1,0,200,101,[],1
2,3,52,0,0,62,4.3352,10,1,0,200,62,[],1
2,3,52,0,0,60,4.2339,9,1,0,200,60,[],1
1,3,134,1,76,0,0.0,0,1,0,200,0,[],1
2,3,57,0,0,76,3.9546,11,1,0,200,76,[],1
2,3,50,0,0,312,5.1737,52,1,0,200,312,[],1
2,3,50,0,0,279,5.0737,40,1,0,200,279,[],1
2,3,49,0,0,255,5.0002,36,1,0,200,255,[],1
2,3,49,0,0,250,5.0473,37,1,0,200,250,[],1
2,3,49,0,0,254,5.01,36,1,0,200,254,[],1
2,3,49,0,0,251,5.0071,35,1,0,200,251,[],1
2,3,48,0,0,80,4.648,16,1,0,200,80,[],1
2,3,52,0,0,117,4.8766,14,1,0,200,117,[],1
2,3,52,0,0,128,4.6556,19,1,0,200,128,[],1
2,3,52,0,0,65,4.6165,11,1,0,200,65,[],1
2,3,52,0,0,62,4.1881,9,1,0,200,62,[],1
2,3,47,0,0,107,4.652,25,1,0,200,107,[],1
2,3,50,0,0,276,5.0687,44,1,0,200,276,[],1
2,3,50,0,0,260,5.0691,41,1,0,200,260,[],1
2,3,50,0,0,254,5.0412,37,1,0,200,254,[],1
2,3,50,0,0,255,5.043,37,1,0,200,255,[],1
1,5,83,0,0,0,0.0,0,1,0,200,0,[],1
2,3,49,0,0,296,5.1358,51,1,0,200,296,[],1
2,3,49,0,0,256,5.0238,37,1,0,200,256,[],1
2,3,49,0,0,252,5.0514,36,1,0,200,252,[],1
2,3,48,0,0,82,4.7232,18,1,0,200,82,[],1
2,3,52,0,0,62,4.4319,11,1,0,200,62,[],1
2,3,52,0,0,58,4.3494,9,1,0,200,58,[],1
2,3,50,0,0,287,5.1855,38,1,0,200,287,[],1
2,3,50,0,0,318,5.1011,58,1,0,200,318,[],1
2,3,50,0,0,240,5.0749,34,1,0,200,240,[],1
2,3,50,0,0,240,5.0843,34,1,0,200,240,[],1
2,3,49,0,0,275,5.0916,41,1,0,200,275,[],1
2,3,49,0,0,265,5.057,36,1,0,200,265,[],1
2,3,48,0,0,148,5.0995,32,1,0,200,148,[],1
2,3,52,0,0,57,4.5541,10,1,0,200,57,[],1
2,3,52,0,0,60,4.3421,10,1,0,200,60,[],1
2,3,52,0,0,56,4.3628,9,1,0,200,56,[],1
2,3,50,0,0,280,5.1913,41,1,0,200,280,[],1
2,3,50,0,0,292,5.1265,48,1,0,200,292,[],1
2,3,50,0,0,264,5.034,40,1,0,200,264,[],1
2,3,49,0,0,269,5.106,38,1,0,200,269,[],1
2,3,49,0,0,282,5.0492,49,1,0,200,282,[],1
2,3,49,0,0,260,4.9993,40,1,0,200,260,[],1
2,3,48,0,0,125,4.8256,28,1,0,200,125,[],1
1,3,196,5,143,0,0.0,0,1,0,200,0,[],1
2,3,52,0,0,143,4.8997,19,1,0,200,143,[],1
2,3,52,0,0,101,4.75,20,1,0,200,101,[],1
2,3,52,0,0,64,4.2884,9,1,0,200,64,[],1
2,3,47,0,0,107,4.6186,25,1,0,200,107,[],1
3,3,50,0,0,249,5.0599,35,1,0,200,249,[],1
2,3,50,0,0,334,5.106,47,1,0,200,334,[],1
2,3,50,0,0,303,5.1803,41,1,0,200,303,[],1
2,3,50,0,0,253,5.1026,36,1,0,200,253,[],1
2,3,50,0,0,250,5.0693,35,1,0,200,250,[],1
2,3,49,0,0,260,5.0529,39,1,0,200,260,[],1
2,3,49,0,0,257,5.0176,37,1,0,200,257,[],1
1,3,40,0,0,0,0.0,0,1,0,200,0,[],1
2,3,52,0,0,63,4.225,10,1,0,200,63,[],1
2,3,52,0,0,61,4.1742,9,1,0,200,61,[],1
2,3,50,0,0,313,5.166,44,1,0,200,313,[],1
2,3,50,0,0,269,5.0624,40,1,0,200,269,[],1
2,3,50,0,0,266,5.0553,39,1,0,200,266,[],1
2,3,49,0,0,317,5.0828,41,1,0,200,317,[],1
2,3,49,0,0,256,4.943,35,1,0,200,256,[],1
2,3,49,0,0,257,4.9458,35,1,0,200,257,[],1
2,3,52,0,0,63,4.2836,10,1,0,200,63,[],1
2,3,52,0,0,62,4.2591,9,1,0,200,62,[],1
2,3,50,0,0,306,5.0406,48,1,0,200,306,[],1
2,3,50,0,0,269,4.9873,40,1,0,200,269,[],1
2,3,50,0,0,266,4.9377,37,1,0,200,266,[],1
2,3,49,0,0,252,5.0513,39,1,0,200,252,[],1
2,3,48,0,0,131,4.7543,31,1,0,200,131,[],1
3,3,52,0,0,57,4.2233,9,1,0,200,57,[],1
2,3,52,0,0,60,4.3777,10,1,0,200,60,[],1
2,3,52,0,0,58,4.2761,9,1,0,200,58,[],1
2,3,50,0,0,318,5.0939,52,1,0,200,318,[],1
2,3,50,0,0,273,4.9899,40,1,0,200,273,[],1
2,3,50,0,0,275,5.0108,40,1,0,200,275,[],1
2,3,49,0,0,249,4.8791,37,1,0,200,249,[],1
3,3,52,0,0,65,4.5719,9,1,0,200,65,[],1
2,3,52,0,0,137,4.8159,19,1,0,200,137,[],1
2,3,52,0,0,123,5.0807,19,1,0,200,123,[],1
2,3,52,0,0,67,4.5752,10,1,0,200,67,[],1
2,3,52,0,0,66,4.5856,9,1,0,200,66,[],1
2,3,47,0,0,99,4.7307,11,1,0,200,99,[],1
2,3,50,0,0,253,5.0315,39,1,0,200,253,[],1
2,3,50,0,0,243,4.9486,35,1,0,200,243,[],1
2,3,49,0,0,338,5.1415,50,1,0,200,338,[],1
2,3,49,0,0,243,5.0325,35,1,0,200,243,[],1
2,3,49,0,0,254,5.1178,38,1,0,200,254,[],1
2,3,48,0,0,72,4.4997,14,1,0,200,72,[],1
2,3,48,0,0,133,4.7652,22,1,0,200,133,[],1
2,3,52,0,0,68,4.5303,13,1,0,200,68,[],1
2,3,52,0,0,66,4.4747,11,1,0,200,66,[],1
2,3,47,0,0,44,4.3259,9,1,0,200,44,[],1
2,3,50,0,0,286,5.0413,47,1,0,200,286,[],1
2,3,50,0,0,309,4.9968,46,1,0,200,309,[],1
2,3,50,0,0,233,4.9442,34,1,0,200,233,[],1
2,3,50,0,0,234,4.9421,34,1,0,200,234,[],1
2,3,49,0,0,259,5.1413,37,1,0,200,259,[],1
3,3,48,0,0,74,4.5824,15,1,0,200,74,[],1
2,3,48,0,0,135,4.9063,21,1,0,200,135,[],1
2,3,48,0,0,58,4.6357,13,1,0,200,58,[],1
3,3,52,0,0,60,4.2652,9,1,0,200,60,[],1
2,3,52,0,0,63,4.4137,10,1,0,200,63,[],1
2,3,47,0,0,51,4.7877,6,1,0,200,51,[],1
2,3,50,0,0,330,5.0999,58,1,0,200,330,[],1
2,3,50,0,0,312,5.153,44,1,0,200,312,[],1
2,3,50,0,0,251,5.0315,36,1,0,200,251,[],1
2,3,50,0,0,247,5.0442,34,1,0,200,247,[],1
2,3,49,0,0,286,5.1056,44,1,0,200,286,[],1
2,3,49,0,0,270,5.0841,38,1,0,200,270,[],1
2,3,52,0,0,72,4.4228,12,1,0,200,72,[],1
2,3,52,0,0,66,4.1876,9,1,0,200,66,[],1
2,3,47,0,0,104,4.8158,13,1,0,200,104,[],1
2,3,50,0,0,292,5.1142,42,1,0,200,292,[],1
2,3,50,0,0,229,4.9702,32,1,0,200,229,[],1
2,3,49,0,0,243,4.9128,34,1,0,200,243,[],1
2,3,49,0,0,284,5.1023,43,1,0,200,284,[],1
2,3,49,0,0,242,4.8753,34,1,0,200,242,[],1
2,3,49,0,0,241,4.8945,33,1,0,200,241,[],1
2,3,48,0,0,88,4.8626,17,1,0,200,88,[],1
1,3,145,5,92,0,0.0,0,1,0,200,0,[],1
2,3,52,0,0,92,4.6936,23,1,0,200,92,[],1
2,3,52,0,0,70,4.4064,13,1,0,200,70,[],1
2,3,52,0,0,60,4.1383,9,1,0,200,60,[],1
2,3,47,0,0,50,4.3913,9,1,0,200,50,[],1
2,3,50,0,0,326,5.091,55,1,0,200,326,[],1
2,3,50,0,0,261,4.9603,37,1,0,200,261,[],1
2,3,50,0,0,263,4.9895,37,1,0,200,263,[],1
1,3,41,0,0,0,0.0,0,1,0,200,0,[],1
2,3,49,0,0,250,4.9736,37,1,0,200,250,[],1
2,3,49,0,0,272,4.9629,36,1,0,200,272,[],1
2,3,49,0,0,255,5.0121,36,1,0,200,255,[],1
2,3,48,0,0,131,4.925,20,1,0,200,131,[],1
2,3,52,0,0,66,4.3427,10,1,0,200,66,[],1
2,3,52,0,0,64,4.3579,9,1,0,200,64,[],1
1,3,270,13,219,0,0.0,0,1,0,200,0,[],1
2,3,50,0,0,219,5.0759,36,1,0,200,219,[],1
2,3,50,0,0,233,5.1308,38,1,0,200,233,[],1
2,3,50,0,0,228,5.0894,35,1,0,200,228,[],1
2,3,49,0,0,243,5.0737,35,1,0,200,243,[],1
2,3,49,0,0,239,5.073,34,1,0,200,239,[],1
2,3,48,0,0,144,4.8652,22,1,0,200,144,[],1
2,3,52,0,0,62,4.3417,10,1,0,200,62,[],1
2,3,52,0,0,65,4.3939,12,1,0,200,65,[],1
2,3,50,0,0,233,5.0422,35,1,0,200,233,[],1
2,3,50,0,0,229,5.0151,33,1,0,200,229,[],1
2,3,49,0,0,257,5.0064,40,1,0,200,257,[],1
2,3,49,0,0,277,5.0858,39,1,0,200,277,[],1
2,3,49,0,0,271,5.0819,39,1,0,200,271,[],1
2,3,48,0,0,83,4.602,17,1,0,200,83,[],1
2,3,52,0,0,56,4.3388,10,1,0,200,56,[],1
2,3,52,0,0,55,4.1997,9,1,0,200,55,[],1
2,3,47,0,0,140,4.5218,19,1,0,200,140,[],1
2,3,50,0,0,272,5.0209,42,1,0,200,272,[],1
2,3,50,0,0,273,5.0294,42,1,0,200,273,[],1
2,3,49,0,0,271,5.0702,42,1,0,200,271,[],1
2,3,49,0,0,277,5.0967,43,1,0,200,277,[],1
2,3,49,0,0,267,5.0655,41,1,0,200,267,[],1
2,3,48,0,0,88,4.5976,20,1,0,200,88,[],1
2,3,52,0,0,114,4.8753,20,1,0,200,114,[],1
2,3,52,0,0,63,4.3836,10,1,0,200,63,[],1
2,3,47,0,0,55,4.9246,6,1,0,200,55,[],1
2,3,47,0,0,109,4.7967,15,1,0,200,109,[],1
2,3,50,0,0,290,5.1412,49,1,0,200,290,[],1
2,3,50,0,0,289,5.1184,39,1,0,200,289,[],1
2,3,50,0,0,251,5.0256,35,1,0,200,251,[],1
2,3,50,0,0,245,4.9945,33,1,0,200,245,[],1
1,3,365,13,315,0,0.0,0,1,0,200,0,[],1
2,3,49,0,0,315,5.105,42,1,0,200,315,[],1
2,3,49,0,0,235,5.0002,32,1,0,200,235,[],1
2,3,49,0,0,236,4.9988,32,1,0,200,236,[],1
2,3,48,0,0,130,4.9594,19,1,0,200,130,[],1
2,3,52,0,0,87,4.6728,17,1,0,200,87,[],1
2,3,52,0,0,67,4.4205,10,1,0,200,67,[],1
2,3,52,0,0,66,4.2619,10,1,0,200,66,[],1
2,3,50,0,0,277,5.1452,41,1,0,200,277,[],1
2,3,50,0,0,288,5.13,42,1,0,200,288,[],1
2,3,50,0,0,280,5.152,39,1,0,200,280,[],1
3,3,49,0,0,270,4.9883,39,1,0,200,270,[],1
2,3,49,0,0,324,5.0895,54,1,0,200,324,[],1
2,3,49,0,0,344,5.1075,49,1,0,200,344,[],1
2,3,49,0,0,282,4.9839,41,1,0,200,282,[],1
2,3,48,0,0,87,4.6111,20,1,0,200,87,[],1
2,3,52,0,0,71,4.6422,12,1,0,200,71,[],1
2,3,52,0,0,64,4.4386,9,1,0,200,64,[],1
2,3,47,0,0,123,4.8165,17,1,0,200,123,[],1
2,3,50,0,0,252,4.8911,34,1,0,200,252,[],1
2,3,50,0,0,253,4.8945,34,1,0,200,253,[],1
2,3,49,0,0,254,4.9355,37,1,0,200,254,[],1
1,3,284,5,235,0,0.0,0,1,0,200,0,[],1
2,3,48,0,0,235,4.8664,40,1,0,200,235,[],1
2,3,52,0,0,63,4.4219,10,1,0,200,63,[],1
2,3,52,0,0,61,4.3571,9,1,0,200,61,[],1
2,3,47,0,0,113,4.6962,14,1,0,200,113,[],1
2,3,50,0,0,292,5.123,39,1,0,200,292,[],1
2,3,50,0,0,255,4.9994,35,1,0,200,255,[],1
2,3,50,0,0,248,5.0376,33,1,0,200,248,[],1
1,3,464,13,414,0,0.0,0,1,0,200,0,[],1
2,3,49,0,0,414,5.0646,65,1,0,200,414,[],1
2,3,49,0,0,273,5.0122,39,1,0,200,273,[],1
2,3,49,0,0,261,5.0137,38,1,0,200,261,[],1
2,3,48,0,0,77,4.635,16,1,0,200,77,[],1
2,3,52,0,0,58,4.4464,11,1,0,200,58,[],1
2,3,52,0,0,70,4.6667,13,1,0,200,70,[],1
2,3,52,0,0,62,4.5955,10,1,0,200,62,[],1
2,3,47,0,0,47,4.536,7,1,0,200,47,[],1
2,3,50,0,0,239,4.917,38,1,0,200,239,[],1
2,3,50,0,0,249,4.9756,39,1,0,200,249,[],1
2,3,50,0,0,244,4.9527,37,1,0,200,244,[],1
2,3,49,0,0,238,5.0428,36,1,0,200,238,[],1
2,3,49,0,0,235,5.0251,33,1,0,200,235,[],1
2,3,48,0,0,106,4.8034,27,1,0,200,106,[],1
2,3,48,0,0,112,4.7075,29,1,0,200,112,[],1
3,3,52,0,0,66,4.4156,9,1,0,200,66,[],1
2,3,52,0,0,67,4.4616,9,1,0,200,67,[],1
2,3,50,0,0,310,5.1509,53,1,0,200,310,[],1
2,3,50,0,0,339,5.0659,61,1,0,200,339,[],1
2,3,50,0,0,270,5.0883,40,1,0,200,270,[],1
2,3,50,0,0,265,5.0289,37,1,0,200,265,[],1
2,3,49,0,0,299,5.056,36,1,0,200,299,[],1
2,3,49,0,0,247,4.8546,30,1,0,200,247,[],1
2,3,48,0,0,73,4.5492,16,1,0,200,73,[],1
2,3,48,0,0,69,4.4308,13,1,0,200,69,[],1
3,3,52,0,0,59,4.1412,9,1,0,200,59,[],1
2,3,52,0,0,75,4.5454,13,1,0,200,75,[],1
1,3,152,5,99,0,0.0,0,1,0,200,0,[],1
2,3,52,0,0,99,4.5755,25,1,0,200,99,[],1
2,3,52,0,0,62,4.2907,10,1,0,200,62,[],1
2,3,52,0,0,60,4.1945,9,1,0,200,60,[],1
2,3,50,0,0,290,5.1473,35,1,0,200,290,[],1
2,3,50,0,0,275,5.0259,38,1,0,200,275,[],1
2,3,50,0,0,274,4.9887,34,1,0,200,274,[],1
2,3,49,0,0,303,5.0196,57,1,0,200,303,[],1
2,3,49,0,0,257,5.0397,38,1,0,200,257,[],1
2,3,49,0,0,254,4.9575,36,1,0,200,254,[],1
2,3,48,0,0,90,4.9562,17,1,0,200,90,[],1
1,3,871,13,820,0,0.0,0,1,0,200,0,[],1
2,3,50,0,0,820,4.4159,147,1,0,200,820,[],1
2,3,50,0,0,234,4.9956,31,1,0,200,234,[],1
2,3,50,0,0,255,5.0789,36,1,0,200,255,[],1
2,3,50,0,0,257,5.0744,36,1,0,200,257,[],1
2,3,49,0,0,325,5.337,57,1,0,200,325,[],1
2,3,49,0,0,298,5.2171,44,1,0,200,298,[],1
2,3,48,0,0,118,4.7978,31,1,0,200,118,[],1
2,3,52,0,0,131,4.6734,19,1,0,200,131,[],1
2,3,52,0,0,60,4.222,9,1,0,200,60,[],1
2,3,47,0,0,95,4.7457,11,1,0,200,95,[],1
2,3,50,0,0,248,4.9465,34,1,0,200,248,[],1
2,3,50,0,0,244,4.9593,33,1,0,200,244,[],1
3,3,49,0,0,255,5.0891,38,1,0,200,255,[],1
2,3,49,0,0,309,5.1635,53,1,0,200,309,[],1
2,3,49,0,0,264,5.1255,41,1,0,200,264,[],1
2,3,49,0,0,256,5.0983,38,1,0,200,256,[],1
2,3,48,0,0,149,5.1234,32,1,0,200,149,[],1
3,3,52,0,0,61,4.2189,10,1,0,200,61,[],1
2,3,52,0,0,66,4.4016,11,1,0,200,66,[],1
2,3,52,0,0,64,4.3059,11,1,0,200,64,[],1
2,3,52,0,0,62,4.27,10,1,0,200,62,[],1
2,3,50,0,0,234,5.006,32,1,0,200,234,[],1
2,3,50,0,0,235,5.0162,32,1,0,200,235,[],1
2,3,49,0,0,265,5.0426,37,1,0,200,265,[],1
2,3,49,0,0,259,4.9816,35,1,0,200,259,[],1
2,3,48,0,0,79,4.6531,16,1,0,200,79,[],1
2,3,52,0,0,60,4.3278,9,1,0,200,60,[],1
2,3,47,0,0,63,4.7775,11,1,0,200,63,[],1
2,3,50,0,0,365,5.0368,64,1,0,200,365,[],1
2,3,50,0,0,283,5.0484,51,1,0,200,283,[],1
2,3,50,0,0,286,5.0452,41,1,0,200,286,[],1
2,3,50,0,0,282,4.9816,40,1,0,200,282,[],1
2,3,49,0,0,238,5.017,33,1,0,200,238,[],1
2,3,49,0,0,233,4.9558,31,1,0,200,233,[],1
3,3,48,0,0,68,4.3667,13,1,0,200,68,[],1
2,3,48,0,0,120,4.8754,23,1,0,200,120,[],1
2,3,48,0,0,73,4.5322,16,1,0,200,73,[],1
2,3,52,0,0,62,4.3875,10,1,0,200,62,[],1
2,3,52,0,0,56,4.5291,10,1,0,200,56,[],1
2,3,52,0,0,59,4.338,10,1,0,200,59,[],1
2,3,52,0,0,58,4.3556,9,1,0,200,58,[],1
1,3,124,3,76,0,0.0,0,1,0,200,0,[],1
2,3,47,0,0,76,4.8033,18,1,0,200,76,[],1
3,3,50,0,0,233,4.8909,32,1,0,200,233,[],1
1,3,336,13,285,0,0.0,0,1,0,200,0,[],1
2,3,50,0,0,285,5.0496,36,1,0,200,285,[],1
2,3,50,0,0,236,4.9132,34,1,0,200,236,[],1
2,3,50,0,0,234,4.9012,32,1,0,200,234,[],1
2,3,49,0,0,239,4.9244,34,1,0,200,239,[],1
2,3,49,0,0,240,4.9251,34,1,0,200,240,[],1
2,3,48,0,0,91,4.923,17,1,0,200,91,[],1
2,3,52,0,0,106,4.9248,19,1,0,200,106,[],1
2,3,52,0,0,62,4.5425,10,1,0,200,62,[],1
2,3,52,0,0,61,4.527,9,1,0,200,61,[],1
2,3,47,0,0,104,4.8114,13,1,0,200,104,[],1
2,3,50,0,0,291,5.0199,51,1,0,200,291,[],1
2,3,50,0,0,272,4.8801,39,1,0,200,272,[],1
2,3,50,0,0,262,4.8898,37,1,0,200,262,[],1
2,3,48,0,0,77,3.8195,22,1,0,200,77,[],1
2,3,49,0,0,304,5.1683,44,1,0,200,304,[],1
2,3,49,0,0,245,5.0331,38,1,0,200,245,[],1
2,3,49,0,0,244,5.0311,38,1,0,200,244,[],1
3,3,48,0,0,75,4.55,15,1,0,200,75,[],1
2,3,48,0,0,92,4.9728,16,1,0,200,92,[],1
2,3,52,0,0,120,4.8344,30,1,0,200,120,[],1
2,3,52,0,0,72,4.6233,12,1,0,200,72,[],1
2,3,52,0,0,61,4.4303,9,1,0,200,61,[],1
2,3,47,0,0,91,4.7236,18,1,0,200,91,[],1
2,3,50,0,0,313,5.0702,57,1,0,200,313,[],1
2,3,50,0,0,260,5.0068,39,1,0,200,260,[],1
2,3,50,0,0,255,4.9471,36,1,0,200,255,[],1
2,3,49,0,0,263,5.1271,46,1,0,200,263,[],1
2,3,49,0,0,247,5.121,40,1,0,200,247,[],1
2,3,49,0,0,249,5.1385,39,1,0,200,249,[],1
2,3,52,0,0,133,4.6744,19,1,0,200,133,[],1
2,3,52,0,0,68,4.4994,11,1,0,200,68,[],1
2,3,52,0,0,62,4.2745,9,1,0,200,62,[],1
1,3,129,3,81,0,0.0,0,1,0,200,0,[],1
2,3,47,0,0,81,4.6484,15,1,0,200,81,[],1
2,3,50,0,0,276,5.1025,38,1,0,200,276,[],1
2,3,50,0,0,266,5.095,35,1,0,200,266,[],1
2,3,49,0,0,312,5.0213,48,1,0,200,312,[],1
2,3,49,0,0,262,4.9339,36,1,0,200,262,[],1
2,3,49,0,0,269,4.9218,36,1,0,200,269,[],1
2,3,48,0,0,139,4.7283,23,1,0,200,139,[],1
2,3,52,0,0,147,4.563,34,1,0,200,147,[],1
2,3,52,0,0,64,4.3813,11,1,0,200,64,[],1
2,3,52,0,0,63,4.2728,11,1,0,200,63,[],1
2,3,52,0,0,64,4.2906,10,1,0,200,64,[],1
2,3,50,0,0,299,5.0749,50,1,0,200,299,[],1
2,3,50,0,0,236,4.978,32,1,0,200,236,[],1
2,3,49,0,0,256,5.1633,41,1,0,200,256,[],1
2,3,49,0,0,242,5.0377,37,1,0,200,242,[],1
2,3,48,0,0,109,4.7863,25,1,0,200,109,[],1
2,3,48,0,0,80,4.6468,18,1,0,200,80,[],1
3,3,52,0,0,61,4.3029,9,1,0,200,61,[],1
2,3,52,0,0,122,4.9193,15,1,0,200,122,[],1
2,3,52,0,0,119,4.8995,15,1,0,200,119,[],1
2,3,52,0,0,69,4.5287,13,1,0,200,69,[],1
2,3,52,0,0,62,4.3526,9,1,0,200,62,[],1
2,3,47,0,0,112,5.0885,22,1,0,200,112,[],1
2,3,50,0,0,265,5.051,37,1,0,200,265,[],1
2,3,50,0,0,321,5.138,43,1,0,200,321,[],1
2,3,50,0,0,248,4.9956,33,1,0,200,248,[],1
2,3,49,0,0,294,5.1404,48,1,0,200,294,[],1
2,3,49,0,0,306,5.165,42,1,0,200,306,[],1
2,3,49,0,0,251,5.0502,36,1,0,200,251,[],1
2,3,48,0,0,145,4.7186,34,1,0,200,145,[],1
2,3,52,0,0,68,4.5381,10,1,0,200,68,[],1
2,3,52,0,0,65,4.403,9,1,0,200,65,[],1
2,3,47,0,0,56,4.4594,12,1,0,200,56,[],1
2,3,50,0,0,339,5.1781,49,1,0,200,339,[],1
2,3,50,0,0,328,5.1378,61,1,0,200,328,[],1
2,3,50,0,0,261,5.0935,41,1,0,200,261,[],1
2,3,50,0,0,264,5.0658,40,1,0,200,264,[],1
1,3,371,13,321,0,0.0,0,1,0,200,0,[],1
2,3,49,0,0,321,5.1741,48,1,0,200,321,[],1
2,3,49,0,0,265,5.0127,42,1,0,200,265,[],1
3,3,48,0,0,71,4.5411,13,1,0,200,71,[],1
2,3,48,0,0,81,4.6173,18,1,0,200,81,[],1
2,3,52,0,0,63,4.4776,10,1,0,200,63,[],1
2,3,52,0,0,67,4.3714,11,1,0,200,67,[],1
2,3,52,0,0,59,4.3152,9,1,0,200,59,[],1
3,3,50,0,0,247,4.9754,36,1,0,200,247,[],1
2,3,50,0,0,248,4.9852,36,1,0,200,248,[],1
2,3,49,0,0,265,4.9521,38,1,0,200,265,[],1
2,3,49,0,0,309,5.0814,47,1,0,200,309,[],1
2,3,49,0,0,275,4.964,39,1,0,200,275,[],1
2,3,49,0,0,263,4.9543,37,1,0,200,263,[],1
3,3,48,0,0,74,4.5079,15,1,0,200,74,[],1
2,3,48,0,0,115,4.7834,26,1,0,200,115,[],1
3,3,52,0,0,63,4.4235,9,1,0,200,63,[],1
2,3,52,0,0,102,4.784,23,1,0,200,102,[],1
2,3,52,0,0,64,4.4705,9,1,0,200,64,[],1
2,3,47,0,0,65,4.4595,14,1,0,200,65,[],1
1,3,647,3,599,0,0.0,0,1,0,200,0,[],1
2,3,47,0,0,599,3.5741,118,1,0,200,599,[],1
2,3,50,0,0,255,5.2245,40,1,0,200,255,[],1
2,3,50,0,0,247,5.1118,39,1,0,200,247,[],1
2,3,50,0,0,248,5.0948,39,1,0,200,248,[],1
2,3,49,0,0,267,4.9957,40,1,0,200,267,[],1
2,3,49,0,0,253,4.9077,34,1,0,200,253,[],1
2,3,52,0,0,57,4.3418,10,1,0,200,57,[],1
2,3,52,0,0,64,4.3634,12,1,0,200,64,[],1
2,3,52,0,0,59,4.1208,9,1,0,200,59,[],1
1,3,231,1,173,0,0.0,0,1,0,200,0,[],1
2,3,57,0,0,173,4.6858,28,1,0,200,173,[],1
2,3,50,0,0,242,4.9832,33,1,0,200,242,[],1
2,3,49,0,0,227,5.0526,36,1,0,200,227,[],1
2,3,49,0,0,240,5.0243,38,1,0,200,240,[],1
2,3,49,0,0,223,5.0467,35,1,0,200,223,[],1
2,3,48,0,0,83,4.908,14,1,0,200,83,[],1
2,3,48,0,0,80,4.6623,18,1,0,200,80,[],1
2,3,48,0,0,67,4.4092,13,1,0,200,67,[],1
2,3,52,0,0,96,4.7541,23,1,0,200,96,[],1
1,3,668,5,615,0,0.0,0,1,0,200,0,[],1
2,3,52,0,0,615,3.6931,120,1,0,200,615,[],1
2,3,52,0,0,67,4.4506,11,1,0,200,67,[],1
2,3,52,0,0,58,4.2954,9,1,0,200,58,[],1
1,3,115,3,67,0,0.0,0,1,0,200,0,[],1
2,3,47,0,0,67,4.5523,19,1,0,200,67,[],1
2,3,50,0,0,309,5.212,56,1,0,200,309,[],1
2,3,50,0,0,251,5.1531,36,1,0,200,251,[],1
2,3,49,0,0,257,5.0353,38,1,0,200,257,[],1
2,3,49,0,0,251,5.0758,35,1,0,200,251,[],1
1,3,142,5,93,0,0.0,0,1,0,200,0,[],1
2,3,48,0,0,93,4.9885,17,1,0,200,93,[],1
2,3,52,0,0,61,4.2684,10,1,0,200,61,[],1
2,3,52,0,0,60,4.2486,9,1,0,200,60,[],1
2,3,47,0,0,105,4.8135,14,1,0,200,105,[],1
1,3,489,13,438,0,0.0,0,1,0,200,0,[],1
2,3,50,0,0,438,5.1399,64,1,0,200,438,[],1
2,3,50,0,0,324,5.206,47,1,0,200,324,[],1
2,3,50,0,0,257,5.1147,40,1,0,200,257,[],1
2,3,50,0,0,269,5.0924,37,1,0,200,269,[],1
2,3,49,0,0,231,5.0117,35,1,0,200,231,[],1
2,3,49,0,0,241,4.9727,37,1,0,200,241,[],1
2,3,49,0,0,229,4.94,33,1,0,200,229,[],1
2,3,48,0,0,139,4.7415,23,1,0,200,139,[],1
2,3,52,0,0,56,4.2674,10,1,0,200,56,[],1
2,3,52,0,0,64,4.4494,10,1,0,200,64,[],1
2,3,52,0,0,60,4.2071,9,1,0,200,60,[],1
2,3,47,0,0,43,4.284,6,1,0,200,43,[],1
2,3,50,0,0,250,5.0733,41,1,0,200,250,[],1
2,3,50,0,0,238,5.0063,34,1,0,200,238,[],1
2,3,49,0,0,293,5.1311,48,1,0,200,293,[],1
2,3,49,0,0,247,5.0778,36,1,0,200,247,[],1
2,3,49,0,0,241,5.0551,35,1,0,200,241,[],1
2,3,52,0,0,77,4.5055,12,1,0,200,77,[],1
2,3,52,0,0,68,4.584,10,1,0,200,68,[],1
2,3,50,0,0,311,5.2043,48,1,0,200,311,[],1
2,3,50,0,0,261,5.1074,42,1,0,200,261,[],1
2,3,50,0,0,255,5.1017,41,1,0,200,255,[],1
2,3,49,0,0,282,5.0444,42,1,0,200,282,[],1
2,3,49,0,0,265,4.9894,38,1,0,200,265,[],1
2,3,52,0,0,63,4.3885,10,1,0,200,63,[],1
2,3,52,0,0,61,4.2899,10,1,0,200,61,[],1
2,3,52,0,0,59,4.1862,9,1,0,200,59,[],1
2,3,47,0,0,114,4.7555,14,1,0,200,114,[],1
2,3,47,0,0,110,4.7156,14,1,0,200,110,[],1
2,3,50,0,0,345,5.1134,48,1,0,200,345,[],1
2,3,50,0,0,265,4.97,38,1,0,200,265,[],1
2,3,50,0,0,266,4.9531,38,1,0,200,266,[],1
2,3,49,0,0,284,5.0863,41,1,0,200,284,[],1
2,3,49,0,0,284,5.1015,43,1,0,200,284,[],1
2,3,49,0,0,281,5.0697,41,1,0,200,281,[],1
2,3,49,0,0,280,5.0853,40,1,0,200,280,[],1
2,3,52,0,0,66,4.15,9,1,0,200,66,[],1
2,3,50,0,0,248,4.9719,34,1,0,200,248,[],1
2,3,50,0,0,302,5.068,51,1,0,200,302,[],1
2,3,50,0,0,243,4.9414,33,1,0,200,243,[],1
2,3,50,0,0,244,4.9754,33,1,0,200,244,[],1
2,3,49,0,0,251,5.1358,38,1,0,200,251,[],1
2,3,49,0,0,273,5.0991,43,1,0,200,273,[],1
3,3,48,0,0,73,4.5405,15,1,0,200,73,[],1
2,3,48,0,0,80,4.6123,18,1,0,200,80,[],1
2,3,48,0,0,74,4.5554,15,1,0,200,74,[],1
3,3,52,0,0,61,4.062,10,1,0,200,61,[],1
2,3,52,0,0,125,4.8769,20,1,0,200,125,[],1
2,3,52,0,0,64,4.2189,11,1,0,200,64,[],1
2,3,52,0,0,62,4.1156,10,1,0,200,62,[],1
2,3,50,0,0,260,5.006,37,1,0,200,260,[],1
2,3,50,0,0,275,4.9707,38,1,0,200,275,[],1
3,3,49,0,0,236,5.0838,34,1,0,200,236,[],1
2,3,49,0,0,240,5.1125,36,1,0,200,240,[],1
2,3,49,0,0,249,5.1441,39,1,0,200,249,[],1
2,3,49,0,0,237,5.0932,34,1,0,200,237,[],1
2,3,48,0,0,78,4.8199,16,1,0,200,78,[],1
2,3,52,0,0,66,4.5782,11,1,0,200,66,[],1
2,3,52,0,0,59,4.2346,9,1,0,200,59,[],1
1,3,112,3,64,0,0.0,0,1,0,200,0,[],1
2,3,47,0,0,64,4.8815,11,1,0,200,64,[],1
2,3,50,0,0,254,5.0226,37,1,0,200,254,[],1
2,3,50,0,0,244,5.0009,34,1,0,200,244,[],1
1,3,38,0,0,0,0.0,0,1,0,200,0,[],1
2,3,49,0,0,305,5.1654,51,1,0,200,305,[],1
2,3,49,0,0,334,5.1732,46,1,0,200,334,[],1
2,3,49,0,0,266,5.053,37,1,0,200,266,[],1
2,3,49,0,0,267,5.064,37,1,0,200,267,[],1
2,3,48,0,0,133,4.7476,34,1,0,200,133,[],1
2,3,52,0,0,75,4.5822,12,1,0,200,75,[],1
2,3,52,0,0,71,4.4495,11,1,0,200,71,[],1
2,3,50,0,0,273,5.0987,45,1,0,200,273,[],1
2,3,50,0,0,238,4.9975,33,1,0,200,238,[],1
2,3,49,0,0,286,5.0948,45,1,0,200,286,[],1
2,3,49,0,0,254,4.9839,35,1,0,200,254,[],1
2,3,49,0,0,253,4.9954,34,1,0,200,253,[],1
2,3,48,0,0,124,4.8408,26,1,0,200,124,[],1
3,3,52,0,0,60,4.2136,9,1,0,200,60,[],1
2,3,52,0,0,126,4.9431,16,1,0,200,126,[],1
2,3,52,0,0,69,4.6534,12,1,0,200,69,[],1
2,3,52,0,0,61,4.2652,9,1,0,200,61,[],1
2,3,50,0,0,300,5.074,45,1,0,200,300,[],1
2,3,50,0,0,256,4.9788,35,1,0,200,256,[],1
2,3,50,0,0,261,4.9801,37,1,0,200,261,[],1
2,3,50,0,0,260,4.968,34,1,0,200,260,[],1
3,3,49,0,0,242,4.9824,35,1,0,200,242,[],1
1,3,462,13,412,0,0.0,0,1,0,200,0,[],1
2,3,49,0,0,412,5.0466,62,1,0,200,412,[],1
2,3,49,0,0,299,5.0747,56,1,0,200,299,[],1
2,3,49,0,0,243,5.0004,35,1,0,200,243,[],1
1,3,198,5,145,0,0.0,0,1,0,200,0,[],1
2,3,52,0,0,145,4.6318,33,1,0,200,145,[],1
2,3,52,0,0,67,4.7132,11,1,0,200,67,[],1
2,3,52,0,0,64,4.5509,11,1,0,200,64,[],1
2,3,52,0,0,62,4.5106,9,1,0,200,62,[],1
2,3,47,0,0,123,4.8682,17,1,0,200,123,[],1
2,3,50,0,0,247,5.0,38,1,0,200,247,[],1
2,3,50,0,0,250,5.018,37,1,0,200,250,[],1
2,3,50,0,0,250,5.0096,37,1,0,200,250,[],1
2,3,49,0,0,230,4.8636,34,1,0,200,230,[],1
2,3,49,0,0,244,4.8788,35,1,0,200,244,[],1
2,3,49,0,0,236,4.8815,33,1,0,200,236,[],1
2,3,48,0,0,92,4.9995,17,1,0,200,92,[],1
2,3,48,0,0,118,5.0225,17,1,0,200,118,[],1
2,3,52,0,0,73,4.2911,12,1,0,200,73,[],1
2,3,52,0,0,71,4.2927,11,1,0,200,71,[],1
2,3,47,0,0,99,4.7623,11,1,0,200,99,[],1
2,3,50,0,0,332,5.0962,66,1,0,200,332,[],1
2,3,50,0,0,264,5.0633,44,1,0,200,264,[],1
2,3,50,0,0,249,5.0772,42,1,0,200,249,[],1
2,3,49,0,0,263,4.9649,35,1,0,200,263,[],1
2,3,49,0,0,264,4.9637,36,1,0,200,264,[],1
2,3,49,0,0,259,4.9455,34,1,0,200,259,[],1
2,3,52,0,0,128,4.6517,31,1,0,200,128,[],1
2,3,52,0,0,129,4.6002,31,1,0,200,129,[],1
2,3,52,0,0,64,4.3885,11,1,0,200,64,[],1
2,3,52,0,0,63,4.2226,10,1,0,200,63,[],1
2,3,50,0,0,268,4.986,39,1,0,200,268,[],1
2,3,50,0,0,272,4.9674,38,1,0,200,272,[],1
2,3,50,0,0,273,4.9749,38,1,0,200,273,[],1
2,3,49,0,0,238,4.9053,34,1,0,200,238,[],1
2,3,49,0,0,244,4.9615,33,1,0,200,244,[],1
2,3,49,0,0,245,4.9553,33,1,0,200,245,[],1
2,3,48,0,0,142,4.6589,34,1,0,200,142,[],1
2,3,48,0,0,82,4.5787,17,1,0,200,82,[],1
2,3,52,0,0,99,4.8746,21,1,0,200,99,[],1
2,3,52,0,0,68,4.4585,12,1,0,200,68,[],1
2,3,52,0,0,62,4.3147,9,1,0,200,62,[],1
2,3,47,0,0,51,4.5228,12,1,0,200,51,[],1
3,3,50,0,0,260,5.0384,35,1,0,200,260,[],1
2,3,50,0,0,277,5.2096,36,1,0,200,277,[],1
2,3,50,0,0,290,5.1511,45,1,0,200,290,[],1
2,3,50,0,0,256,5.0261,36,1,0,200,256,[],1
2,3,50,0,0,261,5.0554,35,1,0,200,261,[],1
2,3,49,0,0,251,4.9541,33,1,0,200,251,[],1
2,3,49,0,0,252,4.9549,33,1,0,200,252,[],1
2,3,48,0,0,60,4.6253,13,1,0,200,60,[],1
2,3,52,0,0,71,4.5908,11,1,0,200,71,[],1
2,3,52,0,0,70,4.5644,11,1,0,200,70,[],1
2,3,52,0,0,67,4.4737,10,1,0,200,67,[],1
1,3,201,3,153,0,0.0,0,1,0,200,0,[],1
2,3,47,0,0,153,4.5953,21,1,0,200,153,[],1
2,3,47,0,0,90,4.7208,11,1,0,200,90,[],1
2,3,50,0,0,321,5.2464,54,1,0,200,321,[],1
2,3,50,0,0,239,4.9325,37,1,0,200,239,[],1
2,3,50,0,0,254,4.9988,40,1,0,200,254,[],1
2,3,50,0,0,248,4.9652,37,1,0,200,248,[],1
2,3,49,0,0,313,5.0927,50,1,0,200,313,[],1
2,3,49,0,0,291,5.0709,35,1,0,200,291,[],1
2,3,49,0,0,249,4.9672,32,1,0,200,249,[],1
2,3,49,0,0,250,4.9845,32,1,0,200,250,[],1
2,3,52,0,0,126,4.8851,20,1,0,200,126,[],1
2,3,52,0,0,65,4.6011,12,1,0,200,65,[],1
2,3,47,0,0,52,4.3952,12,1,0,200,52,[],1
2,3,50,0,0,318,5.0693,56,1,0,200,318,[],1
2,3,50,0,0,240,4.9741,36,1,0,200,240,[],1
2,3,50,0,0,244,4.9848,35,1,0,200,244,[],1
2,3,50,0,0,245,4.9916,35,1,0,200,245,[],1
2,3,49,0,0,270,5.0451,40,1,0,200,270,[],1
2,3,49,0,0,265,4.9961,37,1,0,200,265,[],1
2,3,52,0,0,141,4.8511,21,1,0,200,141,[],1
2,3,52,0,0,65,4.3384,12,1,0,200,65,[],1
2,3,52,0,0,62,4.1687,11,1,0,200,62,[],1
2,3,47,0,0,109,5.0524,24,1,0,200,109,[],1
3,3,50,0,0,260,5.0141,38,1,0,200,260,[],1
2,3,50,0,0,260,5.0212,38,1,0,200,260,[],1
2,3,50,0,0,261,5.0206,38,1,0,200,261,[],1
2,3,49,0,0,242,5.0011,39,1,0,200,242,[],1
2,3,49,0,0,293,5.2425,49,1,0,200,293,[],1
2,3,49,0,0,240,5.0015,38,1,0,200,240,[],1
2,3,52,0,0,69,4.5781,10,1,0,200,69,[],1
2,3,52,0,0,72,4.4059,11,1,0,200,72,[],1
2,3,52,0,0,65,4.4593,9,1,0,200,65,[],1
2,3,50,0,0,260,5.103,38,1,0,200,260,[],1
2,3,50,0,0,261,5.1119,38,1,0,200,261,[],1
2,3,49,0,0,309,5.1695,42,1,0,200,309,[],1
2,3,49,0,0,233,5.0285,33,1,0,200,233,[],1
2,3,49,0,0,234,5.0554,33,1,0,200,234,[],1
2,3,48,0,0,78,4.5281,19,1,0,200,78,[],1
2,3,48,0,0,71,4.5017,16,1,0,200,71,[],1
3,3,52,0,0,61,3.9988,9,1,0,200,61,[],1
2,3,52,0,0,163,4.6254,23,1,0,200,163,[],1
2,3,52,0,0,64,4.1586,10,1,0,200,64,[],1
2,3,52,0,0,62,4.0534,9,1,0,200,62,[],1
2,3,50,0,0,282,5.1182,41,1,0,200,282,[],1
2,3,50,0,0,267,4.9617,39,1,0,200,267,[],1
2,3,50,0,0,262,4.9684,37,1,0,200,262,[],1
2,3,49,0,0,247,5.0061,39,1,0,200,247,[],1
2,3,49,0,0,287,5.0991,41,1,0,200,287,[],1
2,3,49,0,0,238,5.0137,39,1,0,200,238,[],1
2,3,48,0,0,132,4.9472,23,1,0,200,132,[],1
2,3,48,0,0,75,4.5726,14,1,0,200,75,[],1
2,3,52,0,0,124,4.759,15,1,0,200,124,[],1
2,3,52,0,0,69,4.3033,12,1,0,200,69,[],1
2,3,52,0,0,64,4.0247,9,1,0,200,64,[],1
2,3,47,0,0,77,4.6952,9,1,0,200,77,[],1
2,3,50,0,0,294,5.167,48,1,0,200,294,[],1
2,3,50,0,0,264,5.0339,37,1,0,200,264,[],1
2,3,50,0,0,263,4.9962,34,1,0,200,263,[],1
2,3,49,0,0,267,5.0431,39,1,0,200,267,[],1
2,3,49,0,0,266,5.0689,39,1,0,200,266,[],1
2,3,49,0,0,265,5.0307,38,1,0,200,265,[],1
2,3,48,0,0,113,4.6988,29,1,0,200,113,[],1
2,3,48,0,0,79,4.5065,19,1,0,200,79,[],1
2,3,52,0,0,66,4.3983,11,1,0,200,66,[],1
2,3,52,0,0,66,4.2999,12,1,0,200,66,[],1
2,3,47,0,0,99,4.7825,11,1,0,200,99,[],1
2,3,47,0,0,51,4.4052,12,1,0,200,51,[],1
2,3,50,0,0,314,5.2025,43,1,0,200,314,[],1
2,3,50,0,0,247,5.0591,36,1,0,200,247,[],1
2,3,50,0,0,249,5.0856,36,1,0,200,249,[],1
1,3,271,13,221,0,0.0,0,1,0,200,0,[],1
2,3,49,0,0,221,4.9434,33,1,0,200,221,[],1
2,3,49,0,0,254,4.9799,35,1,0,200,254,[],1
2,3,49,0,0,245,4.9547,34,1,0,200,245,[],1
2,3,48,0,0,631,3.7633,124,1,0,200,631,[],1
2,3,48,0,0,131,4.7466,34,1,0,200,131,[],1
2,3,48,0,0,72,4.5553,16,1,0,200,72,[],1
2,3,52,0,0,144,4.6104,33,1,0,200,144,[],1
2,3,52,0,0,62,4.4583,10,1,0,200,62,[],1
2,3,52,0,0,61,4.4695,9,1,0,200,61,[],1
2,3,47,0,0,73,4.7098,17,1,0,200,73,[],1
2,3,50,0,0,297,5.2625,41,1,0,200,297,[],1
2,3,50,0,0,280,5.1329,40,1,0,200,280,[],1
2,3,50,0,0,281,5.1275,40,1,0,200,281,[],1
2,3,49,0,0,250,4.9899,35,1,0,200,250,[],1
2,3,49,0,0,305,5.2019,51,1,0,200,305,[],1
2,3,49,0,0,241,4.9692,33,1,0,200,241,[],1
2,3,49,0,0,248,4.9815,34,1,0,200,248,[],1
2,3,48,0,0,132,4.9873,19,1,0,200,132,[],1
2,3,52,0,0,62,4.3316,10,1,0,200,62,[],1
2,3,52,0,0,62,4.3092,11,1,0,200,62,[],1
2,3,52,0,0,61,4.2955,9,1,0,200,61,[],1
1,3,401,13,350,0,0.0,0,1,0,200,0,[],1
2,3,50,0,0,350,5.196,50,1,0,200,350,[],1
2,3,50,0,0,290,5.1272,43,1,0,200,290,[],1
2,3,50,0,0,287,5.1037,40,1,0,200,287,[],1
2,3,49,0,0,235,4.9434,33,1,0,200,235,[],1
2,3,49,0,0,241,4.9483,32,1,0,200,241,[],1
2,3,49,0,0,242,4.9526,32,1,0,200,242,[],1
2,3,52,0,0,101,4.858,14,1,0,200,101,[],1
2,3,52,0,0,61,4.2652,11,1,0,200,61,[],1
2,3,52,0,0,60,4.2094,10,1,0,200,60,[],1
2,3,50,0,0,285,5.078,44,1,0,200,285,[],1
2,3,50,0,0,279,5.0804,44,1,0,200,279,[],1
3,3,49,0,0,267,4.9855,37,1,0,200,267,[],1
2,3,49,0,0,323,5.1045,42,1,0,200,323,[],1
2,3,49,0,0,315,5.0824,50,1,0,200,315,[],1
2,3,49,0,0,269,4.9709,37,1,0,200,269,[],1
2,3,49,0,0,268,4.995,37,1,0,200,268,[],1
2,3,48,0,0,76,4.611,16,1,0,200,76,[],1
2,3,48,0,0,74,4.5722,15,1,0,200,74,[],1
1,3,136,5,83,0,0.0,0,1,0,200,0,[],1
2,3,52,0,0,83,4.8527,13,1,0,200,83,[],1
2,3,52,0,0,71,4.4962,12,1,0,200,71,[],1
2,3,52,0,0,63,4.2949,9,1,0,200,63,[],1
2,3,50,0,0,258,5.0033,37,1,0,200,258,[],1
2,3,50,0,0,257,4.9979,36,1,0,200,257,[],1
2,3,49,0,0,252,4.9448,38,1,0,200,252,[],1
2,3,49,0,0,252,4.9638,37,1,0,200,252,[],1
2,3,52,0,0,102,4.7214,21,1,0,200,102,[],1
2,3,52,0,0,67,4.4147,12,1,0,200,67,[],1
2,3,52,0,0,59,4.2176,9,1,0,200,59,[],1
2,3,50,0,0,289,5.0773,44,1,0,200,289,[],1
2,3,50,0,0,299,5.1143,45,1,0,200,299,[],1
2,3,50,0,0,295,5.0998,43,1,0,200,295,[],1
2,3,49,0,0,267,5.064,38,1,0,200,267,[],1
2,3,49,0,0,263,5.0468,36,1,0,200,263,[],1
1,3,232,5,183,0,0.0,0,1,0,200,0,[],1
2,3,48,0,0,183,4.7606,29,1,0,200,183,[],1
1,3,149,5,100,0,0.0,0,1,0,200,0,[],1
2,3,48,0,0,100,4.7117,24,1,0,200,100,[],1
2,3,48,0,0,76,4.5485,16,1,0,200,76,[],1
2,3,48,0,0,74,4.5181,15,1,0,200,74,[],1
2,3,52,0,0,65,4.3685,10,1,0,200,65,[],1
2,3,52,0,0,64,4.3885,9,1,0,200,64,[],1
2,3,47,0,0,60,4.4067,12,1,0,200,60,[],1
2,3,50,0,0,258,5.1482,36,1,0,200,258,[],1
2,3,50,0,0,266,5.0319,39,1,0,200,266,[],1
2,3,50,0,0,248,4.969,35,1,0,200,248,[],1
2,3,49,0,0,273,5.0872,39,1,0,200,273,[],1
2,3,49,0,0,269,5.0461,37,1,0,200,269,[],1
2,3,48,0,0,76,4.7551,14,1,0,200,76,[],1
1,3,271,5,222,0,0.0,0,1,0,200,0,[],1
2,3,48,0,0,222,4.8791,37,1,0,200,222,[],1
2,3,52,0,0,65,4.4285,11,1,0,200,65,[],1
2,3,52,0,0,59,4.2564,9,1,0,200,59,[],1
2,3,50,0,0,337,5.2138,53,1,0,200,337,[],1
2,3,50,0,0,268,4.932,38,1,0,200,268,[],1
2,3,50,0,0,264,4.9745,36,1,0,200,264,[],1
2,3,49,0,0,255,5.049,39,1,0,200,255,[],1
2,3,49,0,0,250,5.031,37,1,0,200,250,[],1
2,3,52,0,0,69,4.3293,12,1,0,200,69,[],1
2,3,52,0,0,66,4.406,9,1,0,200,66,[],1
2,3,47,0,0,118,4.8147,15,1,0,200,118,[],1
2,3,50,0,0,281,5.188,41,1,0,200,281,[],1
2,3,50,0,0,267,5.0248,37,1,0,200,267,[],1
2,3,49,0,0,257,5.1293,39,1,0,200,257,[],1
2,3,49,0,0,265,5.114,40,1,0,200,265,[],1
2,3,48,0,0,130,4.6819,34,1,0,200,130,[],1
2,3,48,0,0,74,4.5681,14,1,0,200,74,[],1
1,3,201,5,148,0,0.0,0,1,0,200,0,[],1
2,3,52,0,0,148,4.6381,34,1,0,200,148,[],1
2,3,52,0,0,76,4.5944,13,1,0,200,76,[],1
2,3,52,0,0,67,4.4138,10,1,0,200,67,[],1
2,3,47,0,0,109,4.813,15,1,0,200,109,[],1
2,3,50,0,0,251,4.8969,37,1,0,200,251,[],1
2,3,50,0,0,265,4.9733,36,1,0,200,265,[],1
2,3,50,0,0,263,4.978,36,1,0,200,263,[],1
2,3,49,0,0,268,5.0417,38,1,0,200,268,[],1
2,3,49,0,0,266,5.0357,39,1,0,200,266,[],1
2,3,48,0,0,143,4.7654,34,1,0,200,143,[],1
2,3,52,0,0,62,4.5649,11,1,0,200,62,[],1
2,3,52,0,0,61,4.5842,10,1,0,200,61,[],1
2,3,50,0,0,277,5.0832,42,1,0,200,277,[],1
2,3,49,0,0,262,4.943,36,1,0,200,262,[],1
1,3,146,5,97,0,0.0,0,1,0,200,0,[],1
2,3,48,0,0,97,4.6061,22,1,0,200,97,[],1
2,3,48,0,0,78,4.5782,16,1,0,200,78,[],1
2,3,52,0,0,61,4.4267,11,1,0,200,61,[],1
2,3,52,0,0,60,4.4546,10,1,0,200,60,[],1
2,3,52,0,0,59,4.3954,10,1,0,200,59,[],1
2,3,47,0,0,33,4.0289,6,1,0,200,33,[],1
2,3,47,0,0,46,4.2633,8,1,0,200,46,[],1
2,3,50,0,0,293,5.1202,42,1,0,200,293,[],1
2,3,50,0,0,226,4.9322,32,1,0,200,226,[],1
2,3,50,0,0,227,4.9316,32,1,0,200,227,[],1
2,3,49,0,0,323,5.1134,47,1,0,200,323,[],1
2,3,49,0,0,259,4.9507,37,1,0,200,259,[],1
2,3,49,0,0,260,4.9588,37,1,0,200,260,[],1
2,3,48,0,0,149,5.11,32,1,0,200,149,[],1
2,3,48,0,0,76,4.5321,15,1,0,200,76,[],1
2,3,52,0,0,68,4.5912,11,1,0,200,68,[],1
2,3,52,0,0,138,4.8086,21,1,0,200,138,[],1
2,3,52,0,0,62,4.531,10,1,0,200,62,[],1
2,3,52,0,0,64,4.4727,10,1,0,200,64,[],1
2,3,50,0,0,340,5.0475,47,1,0,200,340,[],1
2,3,50,0,0,271,5.0237,39,1,0,200,271,[],1
2,3,50,0,0,262,4.9869,35,1,0,200,262,[],1
2,3,49,0,0,285,5.1101,45,1,0,200,285,[],1
2,3,49,0,0,256,5.0954,36,1,0,200,256,[],1
2,3,52,0,0,127,5.2245,26,1,0,200,127,[],1
2,3,52,0,0,62,4.577,10,1,0,200,62,[],1
2,3,52,0,0,60,4.4838,9,1,0,200,60,[],1
2,3,50,0,0,315,5.2362,45,1,0,200,315,[],1
2,3,50,0,0,255,5.1485,38,1,0,200,255,[],1
2,3,50,0,0,252,5.1181,35,1,0,200,252,[],1
2,3,49,0,0,258,4.9313,32,1,0,200,258,[],1
2,3,49,0,0,259,4.9211,32,1,0,200,259,[],1
2,3,48,0,0,91,4.9587,17,1,0,200,91,[],1
2,3,48,0,0,110,4.6991,27,1,0,200,110,[],1
2,3,52,0,0,75,4.6434,13,1,0,200,75,[],1
2,3,52,0,0,67,4.5304,10,1,0,200,67,[],1
2,3,47,0,0,38,4.3565,7,1,0,200,38,[],1
2,3,50,0,0,303,5.0496,41,1,0,200,303,[],1
2,3,50,0,0,246,4.9041,35,1,0,200,246,[],1
2,3,50,0,0,247,4.926,35,1,0,200,247,[],1
2,3,49,0,0,292,5.1008,38,1,0,200,292,[],1
2,3,49,0,0,259,5.093,35,1,0,200,259,[],1
2,3,49,0,0,245,4.9223,35,1,0,200,245,[],1
2,3,49,0,0,237,4.9798,33,1,0,200,237,[],1
2,3,52,0,0,66,4.3624,11,1,0,200,66,[],1
2,3,52,0,0,62,4.3769,9,1,0,200,62,[],1
2,3,50,0,0,321,5.2779,52,1,0,200,321,[],1
2,3,50,0,0,242,5.0427,36,1,0,200,242,[],1
2,3,50,0,0,248,5.0154,35,1,0,200,248,[],1
2,3,50,0,0,248,5.0214,35,1,0,200,248,[],1
2,3,49,0,0,266,4.9868,40,1,0,200,266,[],1
2,3,49,0,0,261,4.9823,38,1,0,200,261,[],1
2,3,48,0,0,132,5.024,20,1,0,200,132,[],1
3,3,52,0,0,67,4.3638,9,1,0,200,67,[],1
2,3,52,0,0,69,4.3955,10,1,0,200,69,[],1
2,3,50,0,0,335,5.1432,45,1,0,200,335,[],1
2,3,50,0,0,277,5.0291,41,1,0,200,277,[],1
2,3,50,0,0,284,5.0052,39,1,0,200,284,[],1
2,3,49,0,0,336,5.0706,48,1,0,200,336,[],1
2,3,49,0,0,320,5.058,48,1,0,200,320,[],1
2,3,49,0,0,265,5.0004,38,1,0,200,265,[],1
2,3,49,0,0,265,4.9853,38,1,0,200,265,[],1
2,3,48,0,0,158,4.6568,39,1,0,200,158,[],1
2,3,52,0,0,66,4.4684,12,1,0,200,66,[],1
2,3,52,0,0,58,4.0713,9,1,0,200,58,[],1
2,3,57,0,0,89,4.4036,13,1,0,200,89,[],1
2,3,47,0,0,102,4.82,13,1,0,200,102,[],1
2,3,50,0,0,325,5.076,60,1,0,200,325,[],1
2,3,50,0,0,250,4.9766,36,1,0,200,250,[],1
2,3,50,0,0,251,4.9454,36,1,0,200,251,[],1
1,3,390,13,340,0,0.0,0,1,0,200,0,[],1
2,3,49,0,0,340,5.13,57,1,0,200,340,[],1
2,3,49,0,0,322,5.1468,54,1,0,200,322,[],1
2,3,49,0,0,266,5.0087,36,1,0,200,266,[],1
2,3,49,0,0,267,5.0251,36,1,0,200,267,[],1
1,3,103,5,54,0,0.0,0,1,0,200,0,[],1
2,3,48,0,0,54,4.3643,11,1,0,200,54,[],1
2,3,52,0,0,134,5.1285,26,1,0,200,134,[],1
2,3,52,0,0,128,5.1516,26,1,0,200,128,[],1
2,3,52,0,0,61,4.2916,9,1,0,200,61,[],1
1,3,650,3,602,0,0.0,0,1,0,200,0,[],1
2,3,47,0,0,602,3.5916,116,1,0,200,602,[],1
1,3,149,3,101,0,0.0,0,1,0,200,0,[],1
2,3,47,0,0,101,4.4596,15,1,0,200,101,[],1
2,3,50,0,0,310,5.2345,45,1,0,200,310,[],1
2,3,50,0,0,281,5.1767,52,1,0,200,281,[],1
2,3,50,0,0,258,5.1588,41,1,0,200,258,[],1
2,3,50,0,0,255,5.1488,40,1,0,200,255,[],1
3,3,49,0,0,242,4.9632,32,1,0,200,242,[],1
2,3,49,0,0,412,5.1047,59,1,0,200,412,[],1
2,3,49,0,0,261,5.0161,35,1,0,200,261,[],1
2,3,49,0,0,243,4.973,32,1,0,200,243,[],1
1,3,215,5,162,0,0.0,0,1,0,200,0,[],1
2,3,52,0,0,162,4.6248,23,1,0,200,162,[],1
2,3,52,0,0,71,4.4298,12,1,0,200,71,[],1
2,3,47,0,0,112,5.0595,22,1,0,200,112,[],1
2,3,50,0,0,260,5.0315,35,1,0,200,260,[],1
2,3,50,0,0,257,5.0141,33,1,0,200,257,[],1
3,3,49,0,0,243,4.9852,32,1,0,200,243,[],1
2,3,49,0,0,248,5.0079,33,1,0,200,248,[],1
2,3,49,0,0,250,5.0071,34,1,0,200,250,[],1
2,3,49,0,0,244,4.995,32,1,0,200,244,[],1
2,3,48,0,0,135,4.8116,31,1,0,200,135,[],1
1,3,203,5,154,0,0.0,0,1,0,200,0,[],1
2,3,48,0,0,154,4.6806,37,1,0,200,154,[],1
2,3,52,0,0,126,4.8644,16,1,0,200,126,[],1
2,3,52,0,0,115,4.8696,15,1,0,200,115,[],1
2,3,52,0,0,63,4.2374,10,1,0,200,63,[],1
2,3,52,0,0,61,4.1339,9,1,0,200,61,[],1
2,3,50,0,0,330,5.1334,50,1,0,200,330,[],1
2,3,50,0,0,275,5.0549,40,1,0,200,275,[],1
2,3,49,0,0,314,5.147,59,1,0,200,314,[],1
2,3,49,0,0,264,5.1059,40,1,0,200,264,[],1
2,3,49,0,0,258,5.1323,38,1,0,200,258,[],1
2,3,48,0,0,137,4.79,34,1,0,200,137,[],1
2,3,52,0,0,66,4.4582,10,1,0,200,66,[],1
2,3,47,0,0,45,4.4746,9,1,0,200,45,[],1
2,3,50,0,0,265,5.0563,39,1,0,200,265,[],1
2,3,50,0,0,263,5.035,37,1,0,200,263,[],1
2,3,49,0,0,288,5.1963,47,1,0,200,288,[],1
2,3,48,0,0,130,4.942,20,1,0,200,130,[],1
2,3,48,0,0,112,4.7221,29,1,0,200,112,[],1
2,3,52,0,0,64,4.3962,10,1,0,200,64,[],1
2,3,52,0,0,60,4.3754,9,1,0,200,60,[],1
2,3,47,0,0,109,4.6186,28,1,0,200,109,[],1
2,3,47,0,0,76,4.7032,18,1,0,200,76,[],1
2,3,50,0,0,236,5.0105,35,1,0,200,236,[],1
2,3,49,0,0,264,5.05,35,1,0,200,264,[],1
2,3,49,0,0,260,4.9807,34,1,0,200,260,[],1
2,3,49,0,0,256,4.9939,33,1,0,200,256,[],1
2,3,48,0,0,159,4.6045,39,1,0,200,159,[],1
2,3,48,0,0,91,4.9346,16,1,0,200,91,[],1
2,3,48,0,0,82,4.6396,18,1,0,200,82,[],1
2,3,52,0,0,144,4.921,22,1,0,200,144,[],1
2,3,52,0,0,66,4.6939,10,1,0,200,66,[],1
2,3,50,0,0,228,4.9725,34,1,0,200,228,[],1
2,3,50,0,0,226,4.8589,31,1,0,200,226,[],1
2,3,49,0,0,310,5.1688,42,1,0,200,310,[],1
2,3,49,0,0,249,5.073,38,1,0,200,249,[],1
2,3,49,0,0,250,5.0676,36,1,0,200,250,[],1
1,3,684,5,635,0,0.0,0,1,0,200,0,[],1
2,3,48,0,0,635,3.7896,124,1,0,200,635,[],1
2,3,48,0,0,72,4.5454,13,1,0,200,72,[],1
2,3,52,0,0,59,4.4888,10,1,0,200,59,[],1
2,3,52,0,0,138,4.537,33,1,0,200,138,[],1
2,3,52,0,0,64,4.3136,10,1,0,200,64,[],1
2,3,52,0,0,57,4.3901,9,1,0,200,57,[],1
2,3,47,0,0,104,4.7524,12,1,0,200,104,[],1
2,3,47,0,0,106,4.4692,15,1,0,200,106,[],1
2,3,50,0,0,263,5.0893,39,1,0,200,263,[],1
2,3,50,0,0,261,5.0698,36,1,0,200,261,[],1
2,3,49,0,0,259,5.018,37,1,0,200,259,[],1
2,3,49,0,0,260,5.0313,37,1,0,200,260,[],1
2,3,48,0,0,81,4.6113,18,1,0,200,81,[],1
2,3,52,0,0,138,4.7389,30,1,0,200,138,[],1
2,3,52,0,0,70,4.5361,11,1,0,200,70,[],1
2,3,52,0,0,65,4.4071,9,1,0,200,65,[],1
2,3,47,0,0,96,4.8017,13,1,0,200,96,[],1
2,3,50,0,0,272,5.1571,41,1,0,200,272,[],1
2,3,50,0,0,293,5.0838,42,1,0,200,293,[],1
2,3,50,0,0,251,4.9824,37,1,0,200,251,[],1
2,3,50,0,0,252,4.9886,37,1,0,200,252,[],1
2,3,49,0,0,254,5.089,39,1,0,200,254,[],1
2,3,49,0,0,250,5.1159,38,1,0,200,250,[],1
2,3,48,0,0,121,4.9273,23,1,0,200,121,[],1
2,3,52,0,0,62,4.3981,12,1,0,200,62,[],1
2,3,52,0,0,61,4.3755,11,1,0,200,61,[],1
2,3,50,0,0,245,5.0082,37,1,0,200,245,[],1
2,3,50,0,0,246,5.003,36,1,0,200,246,[],1
2,3,50,0,0,247,5.0015,36,1,0,200,247,[],1
2,3,49,0,0,340,5.1667,57,1,0,200,340,[],1
2,3,49,0,0,266,5.0655,37,1,0,200,266,[],1
2,3,49,0,0,267,5.0864,36,1,0,200,267,[],1
2,3,48,0,0,91,4.6956,19,1,0,200,91,[],1
2,3,52,0,0,57,4.0804,10,1,0,200,57,[],1
2,3,52,0,0,62,4.2526,10,1,0,200,62,[],1
2,3,52,0,0,60,4.1486,9,1,0,200,60,[],1
2,3,47,0,0,64,4.819,11,1,0,200,64,[],1
2,3,50,0,0,269,5.0193,41,1,0,200,269,[],1
2,3,50,0,0,266,5.0057,41,1,0,200,266,[],1
2,3,50,0,0,264,4.999,40,1,0,200,264,[],1
2,3,50,0,0,265,5.013,40,1,0,200,265,[],1
2,3,49,0,0,276,5.0574,42,1,0,200,276,[],1
2,3,49,0,0,275,5.0542,41,1,0,200,275,[],1
2,3,52,0,0,73,4.6163,12,1,0,200,73,[],1
2,3,47,0,0,34,4.2928,6,1,0,200,34,[],1
2,3,50,0,0,308,5.0988,51,1,0,200,308,[],1
2,3,50,0,0,328,5.1022,58,1,0,200,328,[],1
2,3,50,0,0,267,5.0275,40,1,0,200,267,[],1
2,3,50,0,0,268,5.0213,40,1,0,200,268,[],1
2,3,49,0,0,265,5.088,42,1,0,200,265,[],1
2,3,49,0,0,261,5.0989,39,1,0,200,261,[],1
2,3,49,0,0,259,5.0941,38,1,0,200,259,[],1
2,3,52,0,0,69,4.3535,10,1,0,200,69,[],1
2,3,52,0,0,65,4.2771,10,1,0,200,65,[],1
2,3,52,0,0,65,4.2209,9,1,0,200,65,[],1
2,3,50,0,0,324,5.1521,44,1,0,200,324,[],1
2,3,50,0,0,255,4.9722,35,1,0,200,255,[],1
2,3,50,0,0,266,5.0218,36,1,0,200,266,[],1
2,3,50,0,0,261,4.9833,34,1,0,200,261,[],1
2,3,49,0,0,257,5.0012,39,1,0,200,257,[],1
2,3,49,0,0,246,4.989,38,1,0,200,246,[],1
2,3,49,0,0,242,4.9704,35,1,0,200,242,[],1
2,3,48,0,0,73,4.5322,14,1,0,200,73,[],1
2,3,52,0,0,110,4.9262,13,1,0,200,110,[],1
2,3,52,0,0,136,4.9559,19,1,0,200,136,[],1
2,3,52,0,0,71,4.8788,12,1,0,200,71,[],1
2,3,52,0,0,63,4.3482,9,1,0,200,63,[],1
2,3,47,0,0,108,4.5518,28,1,0,200,108,[],1
2,3,47,0,0,78,4.6842,19,1,0,200,78,[],1
1,3,373,13,322,0,0.0,0,1,0,200,0,[],1
2,3,50,0,0,322,5.1713,54,1,0,200,322,[],1
2,3,50,0,0,283,5.0566,40,1,0,200,283,[],1
2,3,50,0,0,284,5.0522,40,1,0,200,284,[],1
3,3,49,0,0,235,5.0542,35,1,0,200,235,[],1
2,3,49,0,0,236,5.19,37,1,0,200,236,[],1
2,3,49,0,0,250,5.073,38,1,0,200,250,[],1
2,3,49,0,0,236,5.0606,35,1,0,200,236,[],1
2,3,52,0,0,134,5.1161,26,1,0,200,134,[],1
2,3,52,0,0,72,4.6006,13,1,0,200,72,[],1
2,3,52,0,0,63,4.3227,9,1,0,200,63,[],1
2,3,50,0,0,321,5.1454,40,1,0,200,321,[],1
2,3,50,0,0,294,5.1332,35,1,0,200,294,[],1
2,3,50,0,0,262,5.017,35,1,0,200,262,[],1
2,3,50,0,0,261,5.0062,34,1,0,200,261,[],1
2,3,49,0,0,322,5.0295,51,1,0,200,322,[],1
2,3,49,0,0,316,5.0466,39,1,0,200,316,[],1
2,3,49,0,0,258,4.8993,33,1,0,200,258,[],1
2,3,49,0,0,259,4.901,33,1,0,200,259,[],1
2,3,52,0,0,70,4.4929,12,1,0,200,70,[],1
2,3,52,0,0,68,4.3982,13,1,0,200,68,[],1
2,3,52,0,0,62,4.2479,10,1,0,200,62,[],1
2,3,50,0,0,285,5.1757,51,1,0,200,285,[],1
2,3,50,0,0,255,5.0851,38,1,0,200,255,[],1
2,3,50,0,0,255,5.0897,37,1,0,200,255,[],1
2,3,49,0,0,271,5.052,41,1,0,200,271,[],1
2,3,49,0,0,272,5.0525,41,1,0,200,272,[],1
1,3,283,5,230,0,0.0,0,1,0,200,0,[],1
2,3,52,0,0,230,4.8302,36,1,0,200,230,[],1
2,3,52,0,0,164,4.6806,23,1,0,200,164,[],1
2,3,52,0,0,69,4.5883,11,1,0,200,69,[],1
2,3,52,0,0,61,4.24,9,1,0,200,61,[],1
2,3,47,0,0,208,4.8025,32,1,0,200,208,[],1
2,3,47,0,0,93,4.5014,23,1,0,200,93,[],1
2,3,50,0,0,241,5.0639,35,1,0,200,241,[],1
2,3,49,0,0,235,5.0187,34,1,0,200,235,[],1
2,3,48,0,0,72,4.6003,14,1,0,200,72,[],1
2,3,52,0,0,75,4.664,13,1,0,200,75,[],1
2,3,52,0,0,67,4.4245,12,1,0,200,67,[],1
2,3,52,0,0,60,4.3427,9,1,0,200,60,[],1
2,3,57,0,0,26,2.9259,8,1,0,200,26,[],1
1,3,253,3,205,0,0.0,0,1,0,200,0,[],1
2,3,47,0,0,205,4.8215,34,1,0,200,205,[],1
2,3,50,0,0,253,5.0212,38,1,0,200,253,[],1
2,3,50,0,0,256,5.0715,39,1,0,200,256,[],1
2,3,49,0,0,302,5.1255,49,1,0,200,302,[],1
2,3,49,0,0,256,5.0444,40,1,0,200,256,[],1
2,3,49,0,0,250,5.0702,37,1,0,200,250,[],1
2,3,49,0,0,250,5.0471,36,1,0,200,250,[],1
2,3,48,0,0,631,3.7655,124,1,0,200,631,[],1
2,3,52,0,0,127,4.8963,16,1,0,200,127,[],1
2,3,52,0,0,62,4.3839,9,1,0,200,62,[],1
2,3,50,0,0,316,5.2563,52,1,0,200,316,[],1
2,3,50,0,0,241,4.9319,35,1,0,200,241,[],1
2,3,50,0,0,243,4.9554,35,1,0,200,243,[],1
2,3,49,0,0,235,5.0493,35,1,0,200,235,[],1
2,3,49,0,0,231,5.0214,32,1,0,200,231,[],1
1,3,205,5,156,0,0.0,0,1,0,200,0,[],1
2,3,48,0,0,156,4.8961,25,1,0,200,156,[],1
2,3,52,0,0,67,4.6781,10,1,0,200,67,[],1
2,3,52,0,0,64,4.5588,10,1,0,200,64,[],1
2,3,52,0,0,63,4.5767,9,1,0,200,63,[],1
2,3,50,0,0,256,5.056,37,1,0,200,256,[],1
2,3,50,0,0,255,5.0521,36,1,0,200,255,[],1
3,3,49,0,0,253,5.0149,38,1,0,200,253,[],1
2,3,49,0,0,254,5.0199,38,1,0,200,254,[],1
2,3,49,0,0,254,5.0323,38,1,0,200,254,[],1
2,3,48,0,0,151,4.564,37,1,0,200,151,[],1
1,3,226,5,173,0,0.0,0,1,0,200,0,[],1
2,3,52,0,0,173,4.6961,23,1,0,200,173,[],1
2,3,52,0,0,65,4.4479,11,1,0,200,65,[],1
2,3,52,0,0,64,4.4823,9,1,0,200,64,[],1
2,3,47,0,0,104,4.6157,26,1,0,200,104,[],1
2,3,47,0,0,113,4.3089,29,1,0,200,113,[],1
2,3,50,0,0,245,5.0126,35,1,0,200,245,[],1
2,3,50,0,0,244,4.9922,35,1,0,200,244,[],1
2,3,49,0,0,269,5.027,39,1,0,200,269,[],1
2,3,49,0,0,269,4.9827,37,1,0,200,269,[],1
2,3,48,0,0,122,4.9225,19,1,0,200,122,[],1
2,3,48,0,0,113,4.7817,26,1,0,200,113,[],1
2,3,52,0,0,60,4.2488,10,1,0,200,60,[],1
2,3,52,0,0,57,4.0593,9,1,0,200,57,[],1
2,3,50,0,0,283,4.9521,41,1,0,200,283,[],1
1,3,394,13,343,0,0.0,0,1,0,200,0,[],1
2,3,50,0,0,343,5.0496,61,1,0,200,343,[],1
2,3,50,0,0,282,4.9964,43,1,0,200,282,[],1
2,3,50,0,0,281,4.9546,40,1,0,200,281,[],1
2,3,49,0,0,350,5.2768,57,1,0,200,350,[],1
2,3,49,0,0,316,5.1083,54,1,0,200,316,[],1
2,3,49,0,0,277,5.1152,43,1,0,200,277,[],1
2,3,49,0,0,277,5.0717,40,1,0,200,277,[],1
2,3,52,0,0,137,4.8677,19,1,0,200,137,[],1
2,3,52,0,0,62,4.5113,10,1,0,200,62,[],1
2,3,52,0,0,60,4.225,9,1,0,200,60,[],1
2,3,47,0,0,102,4.774,13,1,0,200,102,[],1
2,3,50,0,0,246,5.1062,34,1,0,200,246,[],1
2,3,50,0,0,301,5.2332,40,1,0,200,301,[],1
2,3,50,0,0,256,5.1265,38,1,0,200,256,[],1
2,3,50,0,0,242,5.0994,33,1,0,200,242,[],1
2,3,49,0,0,265,5.085,36,1,0,200,265,[],1
2,3,49,0,0,266,5.1069,37,1,0,200,266,[],1
2,3,49,0,0,263,5.0914,35,1,0,200,263,[],1
1,3,183,5,134,0,0.0,0,1,0,200,0,[],1
2,3,48,0,0,134,4.7865,34,1,0,200,134,[],1
2,3,52,0,0,106,4.7656,19,1,0,200,106,[],1
2,3,52,0,0,68,4.3778,10,1,0,200,68,[],1
2,3,52,0,0,66,4.283,9,1,0,200,66,[],1
2,3,47,0,0,73,4.7579,17,1,0,200,73,[],1
2,3,50,0,0,315,5.1052,47,1,0,200,315,[],1
2,3,50,0,0,240,5.053,35,1,0,200,240,[],1
2,3,50,0,0,242,5.0542,35,1,0,200,242,[],1
2,3,49,0,0,307,5.0896,53,1,0,200,307,[],1
2,3,49,0,0,293,5.0829,50,1,0,200,293,[],1
2,3,49,0,0,260,5.0084,37,1,0,200,260,[],1
2,3,49,0,0,244,5.0153,35,1,0,200,244,[],1
2,3,52,0,0,130,4.5869,30,1,0,200,130,[],1
2,3,52,0,0,64,4.2128,10,1,0,200,64,[],1
2,3,52,0,0,62,4.1094,9,1,0,200,62,[],1
2,3,47,0,0,38,4.0933,5,1,0,200,38,[],1
2,3,50,0,0,229,4.9503,32,1,0,200,229,[],1
2,3,50,0,0,230,4.967,32,1,0,200,230,[],1
2,3,49,0,0,274,5.2112,39,1,0,200,274,[],1
2,3,49,0,0,300,5.1076,38,1,0,200,300,[],1
2,3,49,0,0,253,5.0267,35,1,0,200,253,[],1
2,3,49,0,0,254,5.0252,35,1,0,200,254,[],1
2,3,52,0,0,130,4.8673,31,1,0,200,130,[],1
2,3,52,0,0,69,4.5378,13,1,0,200,69,[],1
2,3,52,0,0,65,4.6071,10,1,0,200,65,[],1
2,3,47,0,0,90,4.7641,11,1,0,200,90,[],1
2,3,50,0,0,250,4.983,36,1,0,200,250,[],1
2,3,49,0,0,331,5.1474,57,1,0,200,331,[],1
2,3,49,0,0,273,5.0578,36,1,0,200,273,[],1
2,3,49,0,0,274,5.0626,36,1,0,200,274,[],1
2,3,48,0,0,76,4.6925,14,1,0,200,76,[],1
2,3,48,0,0,85,4.6881,17,1,0,200,85,[],1
2,3,52,0,0,116,4.6613,30,1,0,200,116,[],1
2,3,52,0,0,60,4.1921,10,1,0,200,60,[],1
2,3,52,0,0,57,4.0487,9,1,0,200,57,[],1
2,3,47,0,0,108,4.7891,14,1,0,200,108,[],1
2,3,47,0,0,39,4.253,8,1,0,200,39,[],1
2,3,47,0,0,45,4.2312,8,1,0,200,45,[],1
2,3,47,0,0,43,4.1535,7,1,0,200,43,[],1
2,3,50,0,0,241,4.9548,33,1,0,200,241,[],1
2,3,50,0,0,238,4.9537,32,1,0,200,238,[],1
2,3,49,0,0,255,4.9957,37,1,0,200,255,[],1
2,3,48,0,0,635,3.7933,124,1,0,200,635,[],1
2,3,48,0,0,91,4.8315,24,1,0,200,91,[],1
1,3,678,5,625,0,0.0,0,1,0,200,0,[],1
2,3,52,0,0,625,3.7377,122,1,0,200,625,[],1
2,3,52,0,0,73,4.4586,13,1,0,200,73,[],1
2,3,52,0,0,62,4.212,11,1,0,200,62,[],1
2,3,49,0,0,282,5.0996,45,1,0,200,282,[],1
2,3,49,0,0,259,5.0283,38,1,0,200,259,[],1
2,3,49,0,0,261,5.0414,38,1,0,200,261,[],1
2,3,48,0,0,129,4.6564,33,1,0,200,129,[],1
2,3,52,0,0,79,4.9411,10,1,0,200,79,[],1
2,3,52,0,0,63,4.3758,9,1,0,200,63,[],1
2,3,47,0,0,99,4.7983,12,1,0,200,99,[],1
2,3,50,0,0,266,5.1021,44,1,0,200,266,[],1
2,3,50,0,0,236,4.9563,34,1,0,200,236,[],1
2,3,50,0,0,231,5.0207,33,1,0,200,231,[],1
1,3,389,13,339,0,0.0,0,1,0,200,0,[],1
2,3,49,0,0,339,5.1049,53,1,0,200,339,[],1
2,3,49,0,0,250,5.1597,43,1,0,200,250,[],1
2,3,49,0,0,246,5.1664,39,1,0,200,246,[],1
2,3,52,0,0,65,4.5785,11,1,0,200,65,[],1
2,3,52,0,0,63,4.5511,10,1,0,200,63,[],1
2,3,50,0,0,310,5.1897,47,1,0,200,310,[],1
2,3,50,0,0,243,5.1043,38,1,0,200,243,[],1
2,3,50,0,0,250,5.0876,38,1,0,200,250,[],1
2,3,50,0,0,247,5.0742,37,1,0,200,247,[],1
2,3,49,0,0,296,5.1937,43,1,0,200,296,[],1
2,3,49,0,0,265,5.1295,39,1,0,200,265,[],1
2,3,49,0,0,252,5.1313,37,1,0,200,252,[],1
2,3,48,0,0,121,4.6916,30,1,0,200,121,[],1
2,3,52,0,0,114,4.9258,15,1,0,200,114,[],1
2,3,52,0,0,61,4.4819,11,1,0,200,61,[],1
2,3,52,0,0,59,4.3124,10,1,0,200,59,[],1
2,3,47,0,0,84,4.6505,20,1,0,200,84,[],1
2,3,50,0,0,245,5.0668,37,1,0,200,245,[],1
2,3,49,0,0,241,4.9245,32,1,0,200,241,[],1
2,3,52,0,0,142,4.8749,19,1,0,200,142,[],1
2,3,52,0,0,61,4.4922,10,1,0,200,61,[],1
2,3,52,0,0,63,4.3658,9,1,0,200,63,[],1
2,3,47,0,0,79,4.7683,16,1,0,200,79,[],1
2,3,47,0,0,33,4.2108,6,1,0,200,33,[],1
2,3,50,0,0,294,5.012,42,1,0,200,294,[],1
2,3,50,0,0,294,5.0025,41,1,0,200,294,[],1
2,3,49,0,0,249,5.0313,38,1,0,200,249,[],1
2,3,49,0,0,236,5.0644,36,1,0,200,236,[],1
2,3,49,0,0,243,5.0219,36,1,0,200,243,[],1
2,3,49,0,0,234,4.9844,34,1,0,200,234,[],1
2,3,52,0,0,62,4.4669,11,1,0,200,62,[],1
2,3,52,0,0,60,4.4033,10,1,0,200,60,[],1
2,3,50,0,0,297,5.2693,49,1,0,200,297,[],1
2,3,50,0,0,238,4.9688,33,1,0,200,238,[],1
1,3,473,13,423,0,0.0,0,1,0,200,0,[],1
2,3,49,0,0,423,5.0997,62,1,0,200,423,[],1
2,3,49,0,0,242,4.9073,36,1,0,200,242,[],1
2,3,49,0,0,265,4.9346,36,1,0,200,265,[],1
2,3,49,0,0,254,4.95,35,1,0,200,254,[],1
2,3,48,0,0,147,4.9697,23,1,0,200,147,[],1
3,3,52,0,0,62,4.1051,9,1,0,200,62,[],1
2,3,52,0,0,138,4.7222,21,1,0,200,138,[],1
2,3,52,0,0,63,4.1576,9,1,0,200,63,[],1
2,3,50,0,0,297,5.0863,50,1,0,200,297,[],1
2,3,50,0,0,243,4.9074,34,1,0,200,243,[],1
2,3,50,0,0,234,4.9626,32,1,0,200,234,[],1
2,3,49,0,0,301,5.0479,42,1,0,200,301,[],1
2,3,49,0,0,300,5.0115,40,1,0,200,300,[],1
2,3,48,0,0,141,4.809,23,1,0,200,141,[],1
2,3,48,0,0,75,4.5792,14,1,0,200,75,[],1
2,3,52,0,0,64,4.4593,10,1,0,200,64,[],1
2,3,52,0,0,66,4.393,9,1,0,200,66,[],1
2,3,47,0,0,79,4.7335,16,1,0,200,79,[],1
2,3,50,0,0,252,4.9669,36,1,0,200,252,[],1
2,3,50,0,0,236,4.9887,34,1,0,200,236,[],1
2,3,50,0,0,258,4.9888,38,1,0,200,258,[],1
2,3,50,0,0,252,4.9762,35,1,0,200,252,[],1
2,3,49,0,0,240,4.9881,36,1,0,200,240,[],1
2,3,49,0,0,243,5.0199,33,1,0,200,243,[],1
2,3,48,0,0,62,4.4389,13,1,0,200,62,[],1
2,3,52,0,0,65,4.3801,10,1,0,200,65,[],1
2,3,52,0,0,65,4.4124,10,1,0,200,65,[],1
2,3,52,0,0,61,4.326,9,1,0,200,61,[],1
1,3,830,13,779,0,0.0,0,1,0,200,0,[],1
2,3,50,0,0,779,4.3036,145,1,0,200,779,[],1
2,3,50,0,0,235,5.0992,36,1,0,200,235,[],1
2,3,50,0,0,233,5.0986,36,1,0,200,233,[],1
3,3,49,0,0,232,4.9661,32,1,0,200,232,[],1
2,3,49,0,0,239,4.9822,33,1,0,200,239,[],1
2,3,49,0,0,233,4.9847,32,1,0,200,233,[],1
2,3,48,0,0,114,4.8246,17,1,0,200,114,[],1
2,3,52,0,0,130,4.7097,19,1,0,200,130,[],1
2,3,52,0,0,68,4.578,12,1,0,200,68,[],1
2,3,47,0,0,99,4.6997,11,1,0,200,99,[],1
2,3,50,0,0,258,5.0934,42,1,0,200,258,[],1
2,3,50,0,0,241,5.0617,36,1,0,200,241,[],1
2,3,49,0,0,250,5.0723,39,1,0,200,250,[],1
2,3,49,0,0,251,5.0711,39,1,0,200,251,[],1
2,3,48,0,0,113,4.8702,24,1,0,200,113,[],1
2,3,52,0,0,71,4.2131,12,1,0,200,71,[],1
2,3,52,0,0,65,3.9823,9,1,0,200,65,[],1
2,3,47,0,0,84,4.8096,18,1,0,200,84,[],1
2,3,50,0,0,323,5.2378,52,1,0,200,323,[],1
2,3,50,0,0,234,4.8671,31,1,0,200,234,[],1
2,3,50,0,0,249,4.9464,35,1,0,200,249,[],1
2,3,50,0,0,250,4.9437,35,1,0,200,250,[],1
2,3,49,0,0,256,5.0741,39,1,0,200,256,[],1
2,3,49,0,0,250,5.0684,37,1,0,200,250,[],1
2,3,48,0,0,77,4.661,16,1,0,200,77,[],1
2,3,48,0,0,93,4.918,19,1,0,200,93,[],1
2,3,52,0,0,83,4.6599,17,1,0,200,83,[],1
2,3,52,0,0,62,4.3737,10,1,0,200,62,[],1
1,3,452,13,401,0,0.0,0,1,0,200,0,[],1
2,3,50,0,0,401,5.073,61,1,0,200,401,[],1
2,3,50,0,0,249,5.0494,36,1,0,200,249,[],1
2,3,50,0,0,248,5.0597,35,1,0,200,248,[],1
2,3,49,0,0,254,5.0834,35,1,0,200,254,[],1
2,3,49,0,0,274,5.0603,36,1,0,200,274,[],1
2,3,49,0,0,250,5.0698,34,1,0,200,250,[],1
2,3,48,0,0,136,4.7224,23,1,0,200,136,[],1
2,3,52,0,0,139,4.6766,30,1,0,200,139,[],1
2,3,52,0,0,67,4.4613,11,1,0,200,67,[],1
2,3,52,0,0,63,4.5051,10,1,0,200,63,[],1
2,3,52,0,0,66,4.2384,9,1,0,200,66,[],1
2,3,47,0,0,101,4.7725,14,1,0,200,101,[],1
2,3,50,0,0,299,5.0797,47,1,0,200,299,[],1
2,3,50,0,0,263,4.9736,35,1,0,200,263,[],1
2,3,50,0,0,263,5.0016,35,1,0,200,263,[],1
2,3,49,0,0,281,5.1304,48,1,0,200,281,[],1
2,3,49,0,0,260,5.1219,41,1,0,200,260,[],1
2,3,48,0,0,131,4.579,33,1,0,200,131,[],1
2,3,52,0,0,68,4.5222,12,1,0,200,68,[],1
2,3,52,0,0,66,4.5896,11,1,0,200,66,[],1
2,3,47,0,0,92,4.6532,20,1,0,200,92,[],1
2,3,50,0,0,269,5.0193,40,1,0,200,269,[],1
2,3,50,0,0,239,5.0015,38,1,0,200,239,[],1
2,3,50,0,0,272,4.9911,42,1,0,200,272,[],1
2,3,50,0,0,265,5.0171,39,1,0,200,265,[],1
3,3,49,0,0,276,4.9014,36,1,0,200,276,[],1
1,3,436,13,386,0,0.0,0,1,0,200,0,[],1
2,3,49,0,0,386,5.0124,50,1,0,200,386,[],1
2,3,49,0,0,285,4.9712,40,1,0,200,285,[],1
2,3,49,0,0,277,4.911,36,1,0,200,277,[],1
2,3,48,0,0,103,4.5254,28,1,0,200,103,[],1
1,3,676,5,623,0,0.0,0,1,0,200,0,[],1
2,3,52,0,0,623,3.7592,120,1,0,200,623,[],1
2,3,52,0,0,68,4.6551,12,1,0,200,68,[],1
2,3,52,0,0,60,4.3563,9,1,0,200,60,[],1
2,3,47,0,0,122,4.3729,29,1,0,200,122,[],1
3,3,50,0,0,264,5.1251,40,1,0,200,264,[],1
1,3,399,13,348,0,0.0,0,1,0,200,0,[],1
2,3,50,0,0,348,5.1382,64,1,0,200,348,[],1
2,3,50,0,0,262,5.1472,41,1,0,200,262,[],1
2,3,50,0,0,265,5.134,40,1,0,200,265,[],1
2,3,49,0,0,237,4.9351,34,1,0,200,237,[],1
2,3,49,0,0,236,4.8935,32,1,0,200,236,[],1
2,3,52,0,0,80,4.8619,11,1,0,200,80,[],1
2,3,52,0,0,75,4.8591,11,1,0,200,75,[],1
2,3,52,0,0,73,4.4542,13,1,0,200,73,[],1
2,3,52,0,0,64,4.3117,10,1,0,200,64,[],1
3,3,47,0,0,43,4.1535,7,1,0,200,43,[],1
2,3,47,0,0,153,4.5613,21,1,0,200,153,[],1
2,3,50,0,0,253,5.0545,36,1,0,200,253,[],1
2,3,50,0,0,266,5.0539,38,1,0,200,266,[],1
2,3,50,0,0,257,5.0642,35,1,0,200,257,[],1
2,3,49,0,0,311,5.1247,40,1,0,200,311,[],1
2,3,49,0,0,250,4.9815,34,1,0,200,250,[],1
2,3,49,0,0,251,4.9929,34,1,0,200,251,[],1
2,3,48,0,0,137,4.9772,25,1,0,200,137,[],1
2,3,48,0,0,59,4.6133,13,1,0,200,59,[],1
2,3,48,0,0,74,4.5824,15,1,0,200,74,[],1
2,3,52,0,0,123,4.8988,19,1,0,200,123,[],1
2,3,52,0,0,65,4.4049,10,1,0,200,65,[],1
1,3,494,13,443,0,0.0,0,1,0,200,0,[],1
2,3,50,0,0,443,5.0594,65,1,0,200,443,[],1
2,3,50,0,0,317,5.0525,53,1,0,200,317,[],1
2,3,50,0,0,277,4.9641,40,1,0,200,277,[],1
2,3,50,0,0,274,4.9223,38,1,0,200,274,[],1
1,5,87,0,0,0,0.0,0,1,0,200,0,[],1
2,3,49,0,0,226,5.0564,34,1,0,200,226,[],1
1,3,275,13,225,0,0.0,0,1,0,200,0,[],1
2,3,49,0,0,225,5.0257,33,1,0,200,225,[],1
2,3,48,0,0,146,4.702,36,1,0,200,146,[],1
2,3,52,0,0,142,4.6055,33,1,0,200,142,[],1
2,3,52,0,0,114,4.8891,15,1,0,200,114,[],1
2,3,52,0,0,61,4.3739,10,1,0,200,61,[],1
2,3,52,0,0,59,4.273,9,1,0,200,59,[],1
2,3,50,0,0,274,4.9933,38,1,0,200,274,[],1
2,3,50,0,0,258,4.9776,35,1,0,200,258,[],1
2,3,50,0,0,270,4.9912,37,1,0,200,270,[],1
2,3,49,0,0,313,5.2268,53,1,0,200,313,[],1
2,3,49,0,0,247,5.0074,36,1,0,200,247,[],1
2,3,52,0,0,58,4.2269,10,1,0,200,58,[],1
2,3,52,0,0,61,4.2879,9,1,0,200,61,[],1
2,3,50,0,0,251,5.0233,36,1,0,200,251,[],1
2,3,50,0,0,235,4.9824,32,1,0,200,235,[],1
2,3,49,0,0,260,5.0392,37,1,0,200,260,[],1
2,3,49,0,0,260,5.0045,36,1,0,200,260,[],1
2,3,52,0,0,102,4.7419,22,1,0,200,102,[],1
2,3,52,0,0,56,4.2878,10,1,0,200,56,[],1
2,3,52,0,0,54,4.1791,9,1,0,200,54,[],1
2,3,47,0,0,107,4.8738,17,1,0,200,107,[],1
2,3,50,0,0,333,5.1492,44,1,0,200,333,[],1
2,3,50,0,0,257,5.0404,36,1,0,200,257,[],1
2,3,50,0,0,258,5.0064,35,1,0,200,258,[],1
2,3,49,0,0,330,5.1042,54,1,0,200,330,[],1
2,3,49,0,0,321,5.0749,56,1,0,200,321,[],1
2,3,49,0,0,279,5.0322,41,1,0,200,279,[],1
2,3,49,0,0,277,5.0158,39,1,0,200,277,[],1
2,3,48,0,0,129,4.9369,23,1,0,200,129,[],1
3,3,52,0,0,66,4.5483,10,1,0,200,66,[],1
2,3,52,0,0,75,4.7588,12,1,0,200,75,[],1
2,3,52,0,0,68,4.5891,11,1,0,200,68,[],1
2,3,52,0,0,69,4.6195,11,1,0,200,69,[],1
2,3,52,0,0,67,4.5923,10,1,0,200,67,[],1
2,3,47,0,0,48,4.3457,9,1,0,200,48,[],1
2,3,50,0,0,265,5.1063,37,1,0,200,265,[],1
2,3,49,0,0,246,4.9544,35,1,0,200,246,[],1
2,3,49,0,0,251,4.929,34,1,0,200,251,[],1
2,3,49,0,0,252,4.9311,34,1,0,200,252,[],1
2,3,52,0,0,66,4.4004,12,1,0,200,66,[],1
2,3,52,0,0,59,4.2387,9,1,0,200,59,[],1
2,3,50,0,0,248,5.1316,34,1,0,200,248,[],1
2,3,50,0,0,318,5.2489,43,1,0,200,318,[],1
2,3,50,0,0,243,5.1256,33,1,0,200,243,[],1
2,3,50,0,0,244,5.1146,33,1,0,200,244,[],1
2,3,49,0,0,256,5.0111,35,1,0,200,256,[],1
2,3,49,0,0,251,5.0368,33,1,0,200,251,[],1
2,3,48,0,0,113,4.9635,16,1,0,200,113,[],1
1,3,104,5,51,0,0.0,0,1,0,200,0,[],1
2,3,52,0,0,51,4.0963,10,1,0,200,51,[],1
2,3,52,0,0,59,4.4314,10,1,0,200,59,[],1
2,3,52,0,0,57,4.3307,9,1,0,200,57,[],1
2,3,50,0,0,243,5.0063,34,1,0,200,243,[],1
2,3,50,0,0,248,5.0007,34,1,0,200,248,[],1
2,3,49,0,0,259,5.0278,39,1,0,200,259,[],1
2,3,49,0,0,264,5.0185,40,1,0,200,264,[],1
2,3,48,0,0,127,4.8664,28,1,0,200,127,[],1
2,3,52,0,0,82,4.9699,10,1,0,200,82,[],1
2,3,52,0,0,66,4.4832,9,1,0,200,66,[],1
2,3,50,0,0,327,5.1319,42,1,0,200,327,[],1
2,3,50,0,0,269,5.0315,38,1,0,200,269,[],1
2,3,50,0,0,272,5.0221,37,1,0,200,272,[],1
2,3,49,0,0,247,5.0412,42,1,0,200,247,[],1
2,3,49,0,0,246,4.9587,38,1,0,200,246,[],1
2,3,49,0,0,235,5.005,35,1,0,200,235,[],1
2,3,48,0,0,143,4.9123,22,1,0,200,143,[],1
3,3,52,0,0,61,4.1568,9,1,0,200,61,[],1
2,3,52,0,0,104,4.5553,25,1,0,200,104,[],1
2,3,52,0,0,71,4.367,12,1,0,200,71,[],1
2,3,52,0,0,62,4.1766,9,1,0,200,62,[],1
2,3,47,0,0,75,4.6749,16,1,0,200,75,[],1
2,3,50,0,0,304,5.0302,43,1,0,200,304,[],1
2,3,49,0,0,296,5.1324,50,1,0,200,296,[],1
2,3,49,0,0,264,5.1049,37,1,0,200,264,[],1
1,3,137,5,84,0,0.0,0,1,0,200,0,[],1
2,3,52,0,0,84,4.5841,17,1,0,200,84,[],1
2,3,52,0,0,106,4.6943,24,1,0,200,106,[],1
2,3,52,0,0,64,4.2856,11,1,0,200,64,[],1
2,3,50,0,0,273,5.0418,41,1,0,200,273,[],1
2,3,50,0,0,277,5.1668,41,1,0,200,277,[],1
2,3,50,0,0,273,5.0339,42,1,0,200,273,[],1
2,3,50,0,0,269,5.024,40,1,0,200,269,[],1
2,3,49,0,0,319,5.2562,49,1,0,200,319,[],1
2,3,49,0,0,268,5.2234,44,1,0,200,268,[],1
3,3,48,0,0,70,4.5262,13,1,0,200,70,[],1
2,3,48,0,0,109,4.7969,27,1,0,200,109,[],1
2,3,48,0,0,134,4.9643,20,1,0,200,134,[],1
2,3,52,0,0,111,4.7905,19,1,0,200,111,[],1
2,3,52,0,0,58,4.4796,10,1,0,200,58,[],1
2,3,52,0,0,63,4.5291,10,1,0,200,63,[],1
2,3,52,0,0,60,4.3546,9,1,0,200,60,[],1
2,3,47,0,0,104,4.773,12,1,0,200,104,[],1
2,3,47,0,0,93,4.5279,23,1,0,200,93,[],1
2,3,50,0,0,278,5.1112,46,1,0,200,278,[],1
2,3,50,0,0,266,5.0585,39,1,0,200,266,[],1
2,3,50,0,0,265,5.0547,39,1,0,200,265,[],1
2,3,49,0,0,340,5.1625,46,1,0,200,340,[],1
2,3,49,0,0,283,5.034,40,1,0,200,283,[],1
2,3,49,0,0,285,5.0423,40,1,0,200,285,[],1
2,3,52,0,0,116,4.9462,17,1,0,200,116,[],1
2,3,52,0,0,62,4.4083,11,1,0,200,62,[],1
2,3,50,0,0,250,5.0008,36,1,0,200,250,[],1
2,3,49,0,0,305,5.1285,40,1,0,200,305,[],1
2,3,49,0,0,240,5.0141,35,1,0,200,240,[],1
2,3,49,0,0,248,4.9914,36,1,0,200,248,[],1
2,3,49,0,0,245,5.0056,34,1,0,200,245,[],1
2,3,52,0,0,122,4.8772,15,1,0,200,122,[],1
2,3,52,0,0,56,4.5086,10,1,0,200,56,[],1
2,3,52,0,0,62,4.5188,10,1,0,200,62,[],1
2,3,52,0,0,62,4.531,9,1,0,200,62,[],1
2,3,57,0,0,76,3.8813,11,1,0,200,76,[],1
2,3,50,0,0,325,5.1573,45,1,0,200,325,[],1
2,3,50,0,0,277,5.0791,40,1,0,200,277,[],1
2,3,50,0,0,278,5.0618,40,1,0,200,278,[],1
2,3,49,0,0,298,5.0653,38,1,0,200,298,[],1
2,3,49,0,0,260,4.9535,37,1,0,200,260,[],1
2,3,49,0,0,251,4.922,34,1,0,200,251,[],1
2,3,52,0,0,106,4.9456,14,1,0,200,106,[],1
2,3,52,0,0,73,4.5475,11,1,0,200,73,[],1
2,3,52,0,0,57,4.2824,9,1,0,200,57,[],1
2,3,50,0,0,277,5.1637,51,1,0,200,277,[],1
2,3,50,0,0,237,5.083,36,1,0,200,237,[],1
2,3,49,0,0,260,5.0487,44,1,0,200,260,[],1
2,3,49,0,0,252,5.0492,40,1,0,200,252,[],1
2,3,49,0,0,251,5.0008,38,1,0,200,251,[],1
2,3,52,0,0,65,4.4262,13,1,0,200,65,[],1
2,3,52,0,0,61,4.298,10,1,0,200,61,[],1
2,3,52,0,0,59,4.292,9,1,0,200,59,[],1
2,3,47,0,0,109,4.7927,15,1,0,200,109,[],1
2,3,50,0,0,256,4.9588,33,1,0,200,256,[],1
2,3,50,0,0,247,4.8739,31,1,0,200,247,[],1
2,3,49,0,0,324,5.1128,43,1,0,200,324,[],1
2,3,49,0,0,261,5.0329,40,1,0,200,261,[],1
2,3,49,0,0,244,4.9787,35,1,0,200,244,[],1
2,3,49,0,0,245,4.9631,33,1,0,200,245,[],1
2,3,52,0,0,70,4.4956,12,1,0,200,70,[],1
2,3,52,0,0,63,4.4157,9,1,0,200,63,[],1
3,3,50,0,0,254,5.0893,38,1,0,200,254,[],1
2,3,50,0,0,258,5.0715,38,1,0,200,258,[],1
2,3,50,0,0,255,5.1063,38,1,0,200,255,[],1
2,3,49,0,0,257,4.9385,38,1,0,200,257,[],1
2,3,49,0,0,252,4.925,37,1,0,200,252,[],1
2,3,48,0,0,108,4.816,22,1,0,200,108,[],1
3,3,52,0,0,63,4.4672,9,1,0,200,63,[],1
2,3,52,0,0,65,4.5396,10,1,0,200,65,[],1
2,3,52,0,0,64,4.5135,9,1,0,200,64,[],1
2,3,47,0,0,60,4.5553,12,1,0,200,60,[],1
2,3,47,0,0,78,4.679,9,1,0,200,78,[],1
2,3,50,0,0,244,5.0435,34,1,0,200,244,[],1
2,3,50,0,0,267,5.1722,44,1,0,200,267,[],1
2,3,50,0,0,256,5.0654,38,1,0,200,256,[],1
2,3,50,0,0,242,5.0441,33,1,0,200,242,[],1
2,3,49,0,0,334,4.9944,59,1,0,200,334,[],1
1,3,402,13,352,0,0.0,0,1,0,200,0,[],1
2,3,49,0,0,352,5.008,49,1,0,200,352,[],1
2,3,49,0,0,252,4.9363,36,1,0,200,252,[],1
2,3,49,0,0,251,4.9532,35,1,0,200,251,[],1
3,3,52,0,0,63,4.1533,9,1,0,200,63,[],1
2,3,52,0,0,129,5.0206,26,1,0,200,129,[],1
2,3,52,0,0,74,4.5629,12,1,0,200,74,[],1
2,3,52,0,0,64,4.2045,9,1,0,200,64,[],1
2,3,47,0,0,112,4.4877,26,1,0,200,112,[],1
2,3,50,0,0,246,4.9104,38,1,0,200,246,[],1
2,3,50,0,0,257,5.0284,41,1,0,200,257,[],1
2,3,50,0,0,253,4.9648,37,1,0,200,253,[],1
2,3,49,0,0,257,4.8905,38,1,0,200,257,[],1
2,3,49,0,0,246,4.8963,36,1,0,200,246,[],1
2,3,48,0,0,135,4.9808,20,1,0,200,135,[],1
2,3,52,0,0,138,4.7237,21,1,0,200,138,[],1
2,3,52,0,0,68,4.4045,12,1,0,200,68,[],1
2,3,52,0,0,60,4.0274,9,1,0,200,60,[],1
2,3,50,0,0,321,5.2065,41,1,0,200,321,[],1
2,3,50,0,0,258,5.1547,36,1,0,200,258,[],1
2,3,50,0,0,246,5.0584,32,1,0,200,246,[],1
2,3,49,0,0,303,5.1825,42,1,0,200,303,[],1
2,3,49,0,0,242,5.0403,33,1,0,200,242,[],1
2,3,49,0,0,241,5.0475,32,1,0,200,241,[],1
2,3,48,0,0,126,4.816,28,1,0,200,126,[],1
2,3,52,0,0,75,4.4613,13,1,0,200,75,[],1
2,3,52,0,0,60,4.0931,9,1,0,200,60,[],1
2,3,47,0,0,37,4.0981,6,1,0,200,37,[],1
1,3,492,13,441,0,0.0,0,1,0,200,0,[],1
2,3,50,0,0,441,5.1009,65,1,0,200,441,[],1
2,3,50,0,0,315,5.0523,51,1,0,200,315,[],1
2,3,50,0,0,275,5.041,41,1,0,200,275,[],1
2,3,50,0,0,272,5.0255,38,1,0,200,272,[],1
2,3,49,0,0,264,5.0493,42,1,0,200,264,[],1
2,3,49,0,0,259,5.0318,41,1,0,200,259,[],1
2,3,49,0,0,257,5.0745,41,1,0,200,257,[],1
2,3,49,0,0,262,5.0617,41,1,0,200,262,[],1
2,3,48,0,0,118,4.758,31,1,0,200,118,[],1
2,3,52,0,0,147,4.6573,33,1,0,200,147,[],1
2,3,52,0,0,65,4.5129,10,1,0,200,65,[],1
2,3,52,0,0,64,4.4864,9,1,0,200,64,[],1
2,3,50,0,0,239,4.9206,32,1,0,200,239,[],1
2,3,50,0,0,237,4.9441,33,1,0,200,237,[],1
2,3,50,0,0,235,4.9117,31,1,0,200,235,[],1
2,3,49,0,0,250,5.002,38,1,0,200,250,[],1
2,3,49,0,0,244,4.9597,35,1,0,200,244,[],1
2,3,48,0,0,80,4.6263,16,1,0,200,80,[],1
2,3,52,0,0,59,4.4276,10,1,0,200,59,[],1
2,3,52,0,0,66,4.4267,11,1,0,200,66,[],1
2,3,52,0,0,61,4.234,9,1,0,200,61,[],1
2,3,50,0,0,328,5.0192,58,1,0,200,328,[],1
2,3,50,0,0,249,4.941,36,1,0,200,249,[],1
2,3,50,0,0,245,4.9064,34,1,0,200,245,[],1
2,3,49,0,0,305,5.0758,43,1,0,200,305,[],1
2,3,49,0,0,250,5.0113,40,1,0,200,250,[],1
2,3,49,0,0,253,5.0384,37,1,0,200,253,[],1
2,3,48,0,0,66,4.355,14,1,0,200,66,[],1
2,3,52,0,0,108,4.6158,26,1,0,200,108,[],1
2,3,52,0,0,59,4.3982,11,1,0,200,59,[],1
2,3,52,0,0,66,4.427,11,1,0,200,66,[],1
2,3,52,0,0,63,4.2965,10,1,0,200,63,[],1
2,3,50,0,0,248,4.9867,38,1,0,200,248,[],1
2,3,50,0,0,253,4.9938,37,1,0,200,253,[],1
2,3,50,0,0,255,4.9939,37,1,0,200,255,[],1
2,3,49,0,0,245,5.0472,38,1,0,200,245,[],1
2,3,49,0,0,239,5.0029,35,1,0,200,239,[],1
2,3,48,0,0,152,4.5888,37,1,0,200,152,[],1
2,3,52,0,0,116,4.862,15,1,0,200,116,[],1
2,3,52,0,0,117,4.6309,27,1,0,200,117,[],1
2,3,52,0,0,64,4.3999,11,1,0,200,64,[],1
2,3,52,0,0,61,4.2825,10,1,0,200,61,[],1
2,3,50,0,0,272,5.0811,42,1,0,200,272,[],1
2,3,50,0,0,267,5.072,41,1,0,200,267,[],1
2,3,50,0,0,268,5.0771,41,1,0,200,268,[],1
3,3,49,0,0,258,5.0662,41,1,0,200,258,[],1
2,3,49,0,0,319,5.1685,47,1,0,200,319,[],1
2,3,49,0,0,301,5.1895,43,1,0,200,301,[],1
2,3,49,0,0,257,5.0428,41,1,0,200,257,[],1
2,3,49,0,0,259,5.0831,41,1,0,200,259,[],1
3,3,48,0,0,67,4.4205,13,1,0,200,67,[],1
2,3,48,0,0,235,4.8453,40,1,0,200,235,[],1
3,3,52,0,0,58,4.1702,9,1,0,200,58,[],1
2,3,52,0,0,71,4.7661,13,1,0,200,71,[],1
2,3,52,0,0,59,4.2235,9,1,0,200,59,[],1
2,3,47,0,0,60,4.8614,8,1,0,200,60,[],1
1,3,265,13,214,0,0.0,0,1,0,200,0,[],1
2,3,50,0,0,214,4.8708,30,1,0,200,214,[],1
2,3,50,0,0,235,4.8392,32,1,0,200,235,[],1
2,3,50,0,0,237,4.901,32,1,0,200,237,[],1
2,3,49,0,0,235,4.9694,33,1,0,200,235,[],1
2,3,49,0,0,231,4.8988,31,1,0,200,231,[],1
2,3,48,0,0,121,4.9141,23,1,0,200,121,[],1
2,3,52,0,0,61,4.2487,10,1,0,200,61,[],1
2,3,52,0,0,59,4.1436,9,1,0,200,59,[],1
2,3,47,0,0,91,4.8055,11,1,0,200,91,[],1
2,3,50,0,0,284,5.1092,41,1,0,200,284,[],1
2,3,50,0,0,258,5.1286,38,1,0,200,258,[],1
2,3,50,0,0,282,5.1265,41,1,0,200,282,[],1
2,3,50,0,0,280,5.1082,40,1,0,200,280,[],1
2,3,49,0,0,287,5.0464,50,1,0,200,287,[],1
2,3,49,0,0,242,4.9449,35,1,0,200,242,[],1
2,3,52,0,0,69,4.5692,12,1,0,200,69,[],1
2,3,52,0,0,57,4.2912,9,1,0,200,57,[],1
2,3,47,0,0,40,4.0037,8,1,0,200,40,[],1
2,3,50,0,0,254,5.0298,37,1,0,200,254,[],1
2,3,50,0,0,251,5.0449,37,1,0,200,251,[],1
2,3,49,0,0,243,5.1321,37,1,0,200,243,[],1
2,3,49,0,0,229,5.0423,37,1,0,200,229,[],1
2,3,49,0,0,254,5.14,40,1,0,200,254,[],1
2,3,49,0,0,241,5.1203,36,1,0,200,241,[],1
2,3,48,0,0,120,4.9465,19,1,0,200,120,[],1
2,3,52,0,0,68,4.4868,11,1,0,200,68,[],1
2,3,52,0,0,63,4.3204,11,1,0,200,63,[],1
2,3,52,0,0,64,4.3618,10,1,0,200,64,[],1
2,3,47,0,0,48,4.4448,8,1,0,200,48,[],1
2,3,50,0,0,314,5.1273,46,1,0,200,314,[],1
2,3,50,0,0,258,4.9874,39,1,0,200,258,[],1
2,3,50,0,0,243,4.9994,36,1,0,200,243,[],1
2,3,49,0,0,285,5.0632,45,1,0,200,285,[],1
2,3,49,0,0,249,4.9012,33,1,0,200,249,[],1
2,3,48,0,0,127,4.8852,25,1,0,200,127,[],1
2,3,52,0,0,126,4.9826,16,1,0,200,126,[],1
2,3,52,0,0,70,4.5764,11,1,0,200,70,[],1
2,3,52,0,0,61,4.3507,9,1,0,200,61,[],1
2,3,50,0,0,295,5.1352,41,1,0,200,295,[],1
2,3,50,0,0,231,5.0335,36,1,0,200,231,[],1
2,3,50,0,0,248,5.0583,37,1,0,200,248,[],1
2,3,49,0,0,240,5.0491,36,1,0,200,240,[],1
2,3,49,0,0,246,5.0511,35,1,0,200,246,[],1
2,3,49,0,0,246,5.0312,35,1,0,200,246,[],1
2,3,52,0,0,62,4.2266,10,1,0,200,62,[],1
2,3,52,0,0,59,4.164,9,1,0,200,59,[],1
2,3,47,0,0,208,4.8397,32,1,0,200,208,[],1
3,3,50,0,0,240,4.9637,34,1,0,200,240,[],1
2,3,50,0,0,304,5.0857,44,1,0,200,304,[],1
2,3,50,0,0,239,5.0067,36,1,0,200,239,[],1
2,3,50,0,0,241,4.9737,34,1,0,200,241,[],1
3,3,49,0,0,258,4.9821,37,1,0,200,258,[],1
2,3,49,0,0,261,5.009,38,1,0,200,261,[],1
2,3,52,0,0,76,4.4242,13,1,0,200,76,[],1
2,3,52,0,0,63,4.0649,9,1,0,200,63,[],1
2,3,47,0,0,139,4.5688,19,1,0,200,139,[],1
2,3,50,0,0,308,5.0816,49,1,0,200,308,[],1
2,3,50,0,0,265,4.9577,35,1,0,200,265,[],1
2,3,50,0,0,259,4.9431,34,1,0,200,259,[],1
2,3,49,0,0,309,5.1591,48,1,0,200,309,[],1
2,3,49,0,0,288,5.1461,35,1,0,200,288,[],1
2,3,49,0,0,257,5.0781,35,1,0,200,257,[],1
2,3,48,0,0,154,4.8299,25,1,0,200,154,[],1
2,3,52,0,0,123,4.6611,31,1,0,200,123,[],1
2,3,52,0,0,70,4.2897,12,1,0,200,70,[],1
2,3,52,0,0,64,4.0489,10,1,0,200,64,[],1
2,3,50,0,0,250,4.955,36,1,0,200,250,[],1
2,3,50,0,0,241,4.987,34,1,0,200,241,[],1
2,3,49,0,0,253,5.0563,37,1,0,200,253,[],1
2,3,49,0,0,249,5.0312,36,1,0,200,249,[],1
2,3,49,0,0,249,5.0355,36,1,0,200,249,[],1
2,3,52,0,0,64,4.2572,9,1,0,200,64,[],1
2,3,47,0,0,602,3.5872,116,1,0,200,602,[],1
2,3,50,0,0,340,5.1856,48,1,0,200,340,[],1
2,3,50,0,0,282,5.0669,41,1,0,200,282,[],1
2,3,49,0,0,306,5.119,57,1,0,200,306,[],1
2,3,49,0,0,239,5.0343,36,1,0,200,239,[],1
2,3,49,0,0,241,5.0455,36,1,0,200,241,[],1
2,3,48,0,0,114,4.7234,31,1,0,200,114,[],1
2,3,52,0,0,98,4.7901,21,1,0,200,98,[],1
2,3,52,0,0,73,4.5234,13,1,0,200,73,[],1
2,3,52,0,0,58,4.3236,9,1,0,200,58,[],1
2,3,47,0,0,602,3.581,116,1,0,200,602,[],1
2,3,47,0,0,34,4.2339,6,1,0,200,34,[],1
2,3,50,0,0,328,5.1923,42,1,0,200,328,[],1
2,3,50,0,0,305,5.1773,52,1,0,200,305,[],1
2,3,50,0,0,268,5.0485,37,1,0,200,268,[],1
2,3,50,0,0,268,5.0706,36,1,0,200,268,[],1
1,3,401,13,351,0,0.0,0,1,0,200,0,[],1
2,3,49,0,0,351,5.099,61,1,0,200,351,[],1
2,3,49,0,0,268,5.0418,37,1,0,200,268,[],1
2,3,48,0,0,62,4.5034,13,1,0,200,62,[],1
2,3,52,0,0,100,4.6426,25,1,0,200,100,[],1
2,3,52,0,0,65,4.4802,10,1,0,200,65,[],1
2,3,52,0,0,63,4.3862,9,1,0,200,63,[],1
2,3,50,0,0,341,5.0664,45,1,0,200,341,[],1
2,3,50,0,0,276,4.9363,36,1,0,200,276,[],1
2,3,50,0,0,270,4.9303,35,1,0,200,270,[],1
2,3,49,0,0,335,5.1112,47,1,0,200,335,[],1
2,3,49,0,0,266,5.0633,40,1,0,200,266,[],1
2,3,49,0,0,251,5.0829,35,1,0,200,251,[],1
2,3,48,0,0,130,4.9917,23,1,0,200,130,[],1
2,3,52,0,0,67,4.605,10,1,0,200,67,[],1
2,3,52,0,0,65,4.5164,9,1,0,200,65,[],1
2,3,50,0,0,327,5.1242,58,1,0,200,327,[],1
2,3,50,0,0,278,5.0715,47,1,0,200,278,[],1
2,3,50,0,0,263,5.0469,37,1,0,200,263,[],1
2,3,50,0,0,262,5.0323,37,1,0,200,262,[],1
2,3,49,0,0,315,5.0159,58,1,0,200,315,[],1
2,3,49,0,0,258,4.9891,39,1,0,200,258,[],1
2,3,49,0,0,248,4.9712,35,1,0,200,248,[],1
3,3,48,0,0,67,4.3794,13,1,0,200,67,[],1
2,3,52,0,0,119,4.9325,14,1,0,200,119,[],1
2,3,52,0,0,70,4.7151,12,1,0,200,70,[],1
2,3,52,0,0,64,4.3923,9,1,0,200,64,[],1
2,3,50,0,0,274,5.0169,41,1,0,200,274,[],1
2,3,50,0,0,271,5.0162,39,1,0,200,271,[],1
2,3,49,0,0,248,5.0354,36,1,0,200,248,[],1
2,3,48,0,0,145,4.7069,34,1,0,200,145,[],1
2,3,48,0,0,82,4.6501,18,1,0,200,82,[],1
2,3,52,0,0,66,4.4141,11,1,0,200,66,[],1
2,3,52,0,0,67,4.5326,10,1,0,200,67,[],1
2,3,50,0,0,306,5.0754,43,1,0,200,306,[],1
2,3,50,0,0,237,5.0573,34,1,0,200,237,[],1
2,3,49,0,0,252,4.8794,36,1,0,200,252,[],1
2,3,49,0,0,253,4.8802,36,1,0,200,253,[],1
2,3,52,0,0,76,4.7072,14,1,0,200,76,[],1
2,3,52,0,0,66,4.5915,11,1,0,200,66,[],1
2,3,47,0,0,51,4.1055,12,1,0,200,51,[],1
2,3,47,0,0,46,4.2198,8,1,0,200,46,[],1
2,3,50,0,0,323,5.1332,45,1,0,200,323,[],1
2,3,50,0,0,252,4.9568,37,1,0,200,252,[],1
2,3,50,0,0,255,4.9417,36,1,0,200,255,[],1
2,3,49,0,0,346,5.0915,49,1,0,200,346,[],1
2,3,49,0,0,268,5.0827,40,1,0,200,268,[],1
2,3,49,0,0,262,5.0521,37,1,0,200,262,[],1
2,3,48,0,0,153,4.8342,25,1,0,200,153,[],1
2,3,48,0,0,75,4.8861,13,1,0,200,75,[],1
2,3,52,0,0,62,4.1933,10,1,0,200,62,[],1
2,3,52,0,0,64,4.2941,10,1,0,200,64,[],1
2,3,52,0,0,62,4.1933,9,1,0,200,62,[],1
2,3,47,0,0,117,4.9938,24,1,0,200,117,[],1
2,3,50,0,0,306,5.1109,40,1,0,200,306,[],1
2,3,50,0,0,232,4.9756,33,1,0,200,232,[],1
2,3,49,0,0,248,5.0142,36,1,0,200,248,[],1
2,3,49,0,0,247,5.0138,35,1,0,200,247,[],1
2,3,48,0,0,119,4.7482,26,1,0,200,119,[],1
2,3,48,0,0,67,4.3794,13,1,0,200,67,[],1
2,3,52,0,0,128,4.6874,19,1,0,200,128,[],1
2,3,52,0,0,67,4.2706,11,1,0,200,67,[],1
2,3,52,0,0,63,4.1753,9,1,0,200,63,[],1
2,3,50,0,0,819,4.3699,145,1,0,200,819,[],1
2,3,50,0,0,253,4.9522,35,1,0,200,253,[],1
2,3,50,0,0,256,4.9335,34,1,0,200,256,[],1
2,3,49,0,0,239,5.0227,37,1,0,200,239,[],1
2,3,49,0,0,231,5.0291,34,1,0,200,231,[],1
2,3,48,0,0,80,4.6718,18,1,0,200,80,[],1
2,3,52,0,0,100,4.8607,14,1,0,200,100,[],1
2,3,52,0,0,64,4.4956,12,1,0,200,64,[],1
2,3,50,0,0,254,5.0592,39,1,0,200,254,[],1
2,3,50,0,0,252,5.0689,38,1,0,200,252,[],1
2,3,49,0,0,264,5.0294,37,1,0,200,264,[],1
2,3,49,0,0,258,5.0226,37,1,0,200,258,[],1
2,3,49,0,0,256,4.9759,35,1,0,200,256,[],1
2,3,48,0,0,116,4.7976,26,1,0,200,116,[],1
2,3,48,0,0,119,4.8173,18,1,0,200,119,[],1
2,3,52,0,0,80,4.5782,16,1,0,200,80,[],1
2,3,52,0,0,69,4.4961,12,1,0,200,69,[],1
2,3,47,0,0,103,5.0716,22,1,0,200,103,[],1
2,3,50,0,0,291,5.0686,52,1,0,200,291,[],1
2,3,50,0,0,249,5.0284,38,1,0,200,249,[],1
2,3,50,0,0,246,4.9889,36,1,0,200,246,[],1
2,3,49,0,0,327,5.203,50,1,0,200,327,[],1
2,3,49,0,0,249,5.1336,40,1,0,200,249,[],1
2,3,49,0,0,248,5.1354,40,1,0,200,248,[],1
2,3,48,0,0,71,4.5299,16,1,0,200,71,[],1
2,3,52,0,0,128,4.8193,27,1,0,200,128,[],1
2,3,52,0,0,66,4.5275,11,1,0,200,66,[],1
2,3,52,0,0,65,4.3801,9,1,0,200,65,[],1
2,3,50,0,0,248,4.926,37,1,0,200,248,[],1
2,3,50,0,0,241,4.9194,35,1,0,200,241,[],1
2,3,49,0,0,269,5.0742,39,1,0,200,269,[],1
2,3,49,0,0,270,5.0369,38,1,0,200,270,[],1
3,3,48,0,0,75,4.5434,15,1,0,200,75,[],1
1,3,673,5,620,0,0.0,0,1,0,200,0,[],1
2,3,52,0,0,620,3.7182,121,1,0,200,620,[],1
2,3,52,0,0,65,4.5764,11,1,0,200,65,[],1
2,3,52,0,0,63,4.4854,10,1,0,200,63,[],1
2,3,47,0,0,109,4.5601,28,1,0,200,109,[],1
3,3,50,0,0,274,5.162,40,1,0,200,274,[],1
2,3,50,0,0,287,5.1562,43,1,0,200,287,[],1
2,3,50,0,0,275,5.1637,40,1,0,200,275,[],1
2,3,49,0,0,281,5.0977,39,1,0,200,281,[],1
2,3,49,0,0,249,5.0682,36,1,0,200,249,[],1
2,3,48,0,0,66,4.4525,14,1,0,200,66,[],1
2,3,48,0,0,77,4.5213,16,1,0,200,77,[],1
2,3,52,0,0,60,4.4985,9,1,0,200,60,[],1
2,3,50,0,0,264,5.0709,39,1,0,200,264,[],1
2,3,50,0,0,259,5.0264,36,1,0,200,259,[],1
2,3,49,0,0,255,4.9594,36,1,0,200,255,[],1
2,3,49,0,0,252,4.9887,36,1,0,200,252,[],1
2,3,49,0,0,255,4.9657,35,1,0,200,255,[],1
2,3,52,0,0,166,4.7252,24,1,0,200,166,[],1
2,3,52,0,0,69,4.518,13,1,0,200,69,[],1
2,3,52,0,0,63,4.3482,10,1,0,200,63,[],1
2,3,47,0,0,82,4.6502,18,1,0,200,82,[],1
3,3,50,0,0,271,5.0414,39,1,0,200,271,[],1
2,3,50,0,0,345,5.1253,60,1,0,200,345,[],1
2,3,50,0,0,276,5.0791,41,1,0,200,276,[],1
2,3,50,0,0,299,5.0699,45,1,0,200,299,[],1
2,3,50,0,0,272,5.0477,39,1,0,200,272,[],1
2,3,49,0,0,323,5.1085,41,1,0,200,323,[],1
1,3,466,13,416,0,0.0,0,1,0,200,0,[],1
2,3,49,0,0,416,5.1139,61,1,0,200,416,[],1
2,3,49,0,0,262,4.9279,35,1,0,200,262,[],1
2,3,49,0,0,263,4.9481,35,1,0,200,263,[],1
2,3,48,0,0,127,4.9943,18,1,0,200,127,[],1
2,3,48,0,0,154,4.6881,37,1,0,200,154,[],1
2,3,52,0,0,147,4.6808,33,1,0,200,147,[],1
2,3,52,0,0,167,4.8082,23,1,0,200,167,[],1
2,3,52,0,0,67,4.7299,10,1,0,200,67,[],1
2,3,52,0,0,64,4.5817,9,1,0,200,64,[],1
2,3,47,0,0,99,4.7702,11,1,0,200,99,[],1
2,3,47,0,0,103,5.0449,22,1,0,200,103,[],1
2,3,50,0,0,289,5.1211,46,1,0,200,289,[],1
2,3,50,0,0,273,5.0481,39,1,0,200,273,[],1
2,3,50,0,0,275,5.0647,39,1,0,200,275,[],1
1,3,397,13,347,0,0.0,0,1,0,200,0,[],1
2,3,49,0,0,347,5.0689,46,1,0,200,347,[],1
2,3,49,0,0,261,4.9755,34,1,0,200,261,[],1
2,3,49,0,0,238,5.0035,32,1,0,200,238,[],1
2,3,52,0,0,77,4.864,11,1,0,200,77,[],1
2,3,52,0,0,63,4.521,12,1,0,200,63,[],1
2,3,52,0,0,62,4.5165,12,1,0,200,62,[],1
2,3,50,0,0,262,5.2269,40,1,0,200,262,[],1
2,3,50,0,0,258,5.0158,38,1,0,200,258,[],1
2,3,50,0,0,251,5.0394,36,1,0,200,251,[],1
2,3,49,0,0,237,5.0608,36,1,0,200,237,[],1
2,3,48,0,0,72,4.5448,16,1,0,200,72,[],1
2,3,52,0,0,71,4.5707,10,1,0,200,71,[],1
2,3,52,0,0,69,4.4547,9,1,0,200,69,[],1
2,3,50,0,0,270,5.0445,37,1,0,200,270,[],1
2,3,49,0,0,233,4.9887,34,1,0,200,233,[],1
2,3,49,0,0,229,4.9295,30,1,0,200,229,[],1
2,3,52,0,0,63,4.3027,10,1,0,200,63,[],1
2,3,52,0,0,61,4.2012,9,1,0,200,61,[],1
2,3,47,0,0,58,4.5213,11,1,0,200,58,[],1
2,3,47,0,0,80,4.6331,15,1,0,200,80,[],1
2,3,50,0,0,325,5.0775,57,1,0,200,325,[],1
2,3,50,0,0,304,5.0444,51,1,0,200,304,[],1
2,3,50,0,0,258,4.9039,36,1,0,200,258,[],1
2,3,50,0,0,260,4.9248,36,1,0,200,260,[],1
3,3,49,0,0,246,4.9824,33,1,0,200,246,[],1
2,3,49,0,0,247,4.9921,33,1,0,200,247,[],1
3,3,48,0,0,68,4.3778,13,1,0,200,68,[],1
1,3,671,5,622,0,0.0,0,1,0,200,0,[],1
2,3,48,0,0,622,3.7,123,1,0,200,622,[],1
1,3,286,5,233,0,0.0,0,1,0,200,0,[],1
2,3,52,0,0,233,4.889,36,1,0,200,233,[],1
2,3,52,0,0,124,4.7533,27,1,0,200,124,[],1
2,3,52,0,0,67,4.5435,11,1,0,200,67,[],1
2,3,52,0,0,64,4.3184,9,1,0,200,64,[],1
2,3,50,0,0,270,5.0325,37,1,0,200,270,[],1
2,3,50,0,0,271,5.0042,35,1,0,200,271,[],1
2,3,49,0,0,236,5.0214,34,1,0,200,236,[],1
2,3,49,0,0,237,5.0462,34,1,0,200,237,[],1
2,3,48,0,0,150,4.892,24,1,0,200,150,[],1
2,3,52,0,0,129,4.9035,28,1,0,200,129,[],1
1,3,199,5,146,0,0.0,0,1,0,200,0,[],1
2,3,52,0,0,146,4.727,34,1,0,200,146,[],1
2,3,52,0,0,68,4.6543,11,1,0,200,68,[],1
2,3,52,0,0,66,4.5981,10,1,0,200,66,[],1
1,3,436,13,385,0,0.0,0,1,0,200,0,[],1
2,3,50,0,0,385,5.0881,58,1,0,200,385,[],1
2,3,50,0,0,245,4.9836,34,1,0,200,245,[],1
2,3,49,0,0,302,5.109,53,1,0,200,302,[],1
2,3,49,0,0,255,4.9905,38,1,0,200,255,[],1
2,3,49,0,0,256,4.998,38,1,0,200,256,[],1
2,3,48,0,0,117,4.7888,27,1,0,200,117,[],1
2,3,52,0,0,63,4.3664,10,1,0,200,63,[],1
2,3,52,0,0,60,4.1947,9,1,0,200,60,[],1
2,3,47,0,0,104,4.7703,13,1,0,200,104,[],1
2,3,47,0,0,90,4.6594,11,1,0,200,90,[],1
2,3,50,0,0,246,4.9518,39,1,0,200,246,[],1
2,3,50,0,0,255,5.0166,38,1,0,200,255,[],1
2,3,50,0,0,255,5.0138,38,1,0,200,255,[],1
2,3,49,0,0,255,5.01,38,1,0,200,255,[],1
2,3,49,0,0,250,4.9869,37,1,0,200,250,[],1
2,3,49,0,0,251,4.9855,37,1,0,200,251,[],1
2,3,48,0,0,146,4.9494,22,1,0,200,146,[],1
2,3,48,0,0,72,4.6219,14,1,0,200,72,[],1
3,3,52,0,0,61,4.2416,9,1,0,200,61,[],1
2,3,52,0,0,66,4.362,10,1,0,200,66,[],1
2,3,52,0,0,65,4.414,10,1,0,200,65,[],1
2,3,52,0,0,62,4.2923,9,1,0,200,62,[],1
2,3,47,0,0,75,4.3987,21,1,0,200,75,[],1
2,3,50,0,0,249,5.0597,37,1,0,200,249,[],1
2,3,50,0,0,242,5.0737,34,1,0,200,242,[],1
3,3,49,0,0,264,5.0313,38,1,0,200,264,[],1
2,3,49,0,0,278,5.1027,45,1,0,200,278,[],1
2,3,49,0,0,269,5.0174,39,1,0,200,269,[],1
2,3,49,0,0,265,5.0378,38,1,0,200,265,[],1
2,3,48,0,0,96,4.7127,26,1,0,200,96,[],1
2,3,52,0,0,95,4.7171,24,1,0,200,95,[],1
2,3,52,0,0,65,4.361,11,1,0,200,65,[],1
2,3,52,0,0,64,4.3942,10,1,0,200,64,[],1
1,3,261,3,213,0,0.0,0,1,0,200,0,[],1
2,3,47,0,0,213,4.7932,34,1,0,200,213,[],1
2,3,50,0,0,275,5.0463,36,1,0,200,275,[],1
2,3,50,0,0,309,5.1123,38,1,0,200,309,[],1
2,3,50,0,0,263,5.0558,36,1,0,200,263,[],1
2,3,50,0,0,271,5.0335,35,1,0,200,271,[],1
2,3,49,0,0,258,5.012,38,1,0,200,258,[],1
2,3,49,0,0,259,5.002,38,1,0,200,259,[],1
2,3,48,0,0,89,4.6316,20,1,0,200,89,[],1
3,3,52,0,0,63,4.2654,10,1,0,200,63,[],1
2,3,52,0,0,72,4.5122,12,1,0,200,72,[],1
2,3,52,0,0,66,4.38,11,1,0,200,66,[],1
2,3,52,0,0,64,4.3149,10,1,0,200,64,[],1
2,3,47,0,0,104,4.7729,13,1,0,200,104,[],1
2,3,50,0,0,264,5.0692,43,1,0,200,264,[],1
2,3,49,0,0,255,4.9727,35,1,0,200,255,[],1
2,3,49,0,0,256,4.9631,35,1,0,200,256,[],1
2,3,52,0,0,66,4.389,11,1,0,200,66,[],1
2,3,52,0,0,131,4.5951,31,1,0,200,131,[],1
2,3,52,0,0,64,4.3553,10,1,0,200,64,[],1
2,3,47,0,0,118,4.7491,16,1,0,200,118,[],1
2,3,50,0,0,267,5.0238,41,1,0,200,267,[],1
2,3,50,0,0,252,4.949,36,1,0,200,252,[],1
2,3,50,0,0,246,4.9424,34,1,0,200,246,[],1
2,3,49,0,0,331,5.1622,52,1,0,200,331,[],1
2,3,49,0,0,279,5.0426,42,1,0,200,279,[],1
2,3,49,0,0,280,5.0584,42,1,0,200,280,[],1
2,3,52,0,0,230,4.8742,36,1,0,200,230,[],1
2,3,52,0,0,122,4.9449,19,1,0,200,122,[],1
2,3,52,0,0,68,4.6331,12,1,0,200,68,[],1
2,3,47,0,0,602,3.5804,116,1,0,200,602,[],1
2,3,50,0,0,271,5.0115,40,1,0,200,271,[],1
2,3,50,0,0,260,5.0145,37,1,0,200,260,[],1
3,3,49,0,0,254,5.0373,37,1,0,200,254,[],1
2,3,49,0,0,320,5.1841,44,1,0,200,320,[],1
2,3,49,0,0,258,5.0635,39,1,0,200,258,[],1
2,3,49,0,0,255,5.0545,37,1,0,200,255,[],1
